symbol,day,hour,bid_ok,mid_err_bp,bar_sp_bp,tick_min_bp,tick_last_bp,tick_tw_bp,bar_eq_min,bar_eq_last,bar_zero,n_ticks
BTCUSD,2022-03-15,1647302400,False,-3.4411291242072943,2.324214793084841,2.324214793084841,7.656996512774324,6.8251806167320215,True,False,False,2934
BTCUSD,2022-03-15,1647306000,True,-2.509997776932177,2.2852787043383853,2.2852787043383853,7.3052742582008925,5.096971975149866,True,False,False,5825
BTCUSD,2022-03-15,1647309600,True,-0.23057293847340635,2.2679305423592098,2.2679305423592098,2.729076419306023,4.005162040191111,True,False,False,5826
BTCUSD,2022-03-15,1647313200,True,0.0,2.27345868342492,2.27345868342492,2.27345868342492,3.365673415029984,True,True,False,4898
BTCUSD,2022-03-15,1647316800,False,-4.894729818642531,2.3185562298833045,2.3185562298833045,2.3185562298833045,3.888830249957123,True,True,False,5795
BTCUSD,2022-03-15,1647320400,False,3.4627362131157677,2.3084908087438447,2.3084908087438447,2.3084908087438447,2.8640486786085586,True,True,False,4324
BTCUSD,2022-03-15,1647324000,False,-4.960425608388994,2.3221758374765895,2.3221758374765895,4.7604604668281345,2.752855905498276,True,False,False,3643
BTCUSD,2022-03-15,1647327600,False,-0.724483360861539,2.3204093408335837,2.3204093408335837,2.3204093408335837,2.555590528561932,True,True,False,3351
BTCUSD,2022-03-15,1647331200,False,-4.192059800184502,2.3217561970252625,2.3217561970252625,2.3217561970252625,2.470374883939613,True,True,False,3478
BTCUSD,2022-03-15,1647334800,False,-0.6604319482935825,2.3218310682151384,2.3218310682151384,2.3218310682151384,2.6577347059651943,True,True,False,4002
BTCUSD,2022-03-15,1647338400,False,-1.1704421228074693,2.3408842456149386,2.3408842456149386,2.3408842456149386,3.5404423037574846,True,True,False,5853
BTCUSD,2022-03-15,1647342000,True,-0.06647981926995944,2.34634656242631,2.34634656242631,2.4793062009643316,2.6843743651193095,True,False,False,5716
BTCUSD,2022-03-15,1647345600,True,-0.9263396717866774,2.332043928970606,2.332043928970606,4.184723272542075,2.8802901436340553,True,False,False,5182
BTCUSD,2022-03-15,1647349200,False,1.9795064835622311,2.3273100394595416,2.3273100394595416,3.0229171512522806,2.7294760274602496,True,False,False,4644
BTCUSD,2022-03-15,1647352800,True,0.0,2.328619431397707,2.328619431397707,2.328619431397707,2.613174770559787,True,True,False,4213
BTCUSD,2022-03-15,1647356400,False,-1.2217389280231157,2.3148737583595875,2.3148737583595875,2.3148737583595875,2.936120817298025,True,True,False,5451
BTCUSD,2022-03-15,1647360000,False,-1.1810869640151496,2.3234497652734873,2.3234497652734873,2.8784960980891956,3.1346220681812587,True,False,False,6760
BTCUSD,2022-03-15,1647363600,False,5.478521800329274,2.304589679970593,2.304589679970593,3.6386910391533465,3.6576810336146424,True,False,False,7711
BTCUSD,2022-03-15,1647367200,False,0.890671541992996,2.3067752166734734,2.3067752166734734,2.5758989919509263,3.030108041850214,True,False,False,6526
BTCUSD,2022-03-15,1647370800,True,0.0,2.295888497369039,2.295888497369039,2.295888497369039,3.329872522430649,True,True,False,6098
BTCUSD,2022-03-15,1647374400,False,-0.3813954292554703,2.288372575532822,2.288372575532822,2.288372575532822,3.012034923405551,True,True,False,4618
BTCUSD,2022-03-15,1647378000,True,-1.0081986204560383,2.28271385763297,2.28271385763297,4.299111098543201,2.867425281944586,True,False,False,4650
BTCUSD,2022-03-15,1647381600,False,2.1185715694736116,2.264506428178914,2.264506428178914,2.264506428178914,3.5377258269944054,True,True,False,6730
BTCUSD,2022-03-15,1647385200,True,-0.6247741846864889,2.281122783841692,2.281122783841692,3.530671153212826,3.435448443006532,True,False,False,4720
BTCUSD,2022-04-15,1649980800,True,-2.572991593685849,2.251524000307708,2.251524000307708,7.3975071876775855,5.760308410110408,True,False,False,3765
BTCUSD,2022-04-15,1649984400,True,0.0,2.258667070215183,2.258667070215183,2.258667070215183,3.8705718901745283,True,True,False,3774
BTCUSD,2022-04-15,1649988000,True,0.0,2.2527026800403784,2.2527026800403784,2.2527026800403784,4.602357560261528,True,True,False,2392
BTCUSD,2022-04-15,1649991600,True,0.0,2.2581995224660742,2.2581995224660742,2.2581995224660742,3.470365349989856,True,True,False,5387
BTCUSD,2022-04-15,1649995200,True,-0.19149293272162848,2.2528580320208724,2.2528580320208724,2.6358438974641296,2.903111558938195,True,False,False,3418
BTCUSD,2022-04-15,1649998800,True,-0.566023519838979,2.249100078830958,2.249100078830958,3.381147118508916,3.332064439004988,True,False,False,3495
BTCUSD,2022-04-15,1650002400,True,0.0,2.23845906467729,2.23845906467729,2.23845906467729,2.9056440021615693,True,True,False,3792
BTCUSD,2022-04-15,1650006000,True,0.0,2.2438708667275336,2.2438708667275336,2.2438708667275336,3.2522710171159184,True,True,False,4458
BTCUSD,2022-04-15,1650009600,True,0.0,2.2415755985069112,2.2415755985069112,2.2415755985069112,2.820252181833641,True,True,False,4110
BTCUSD,2022-04-15,1650013200,True,-0.07366389611481122,2.2473731017656733,2.2473731017656733,2.394700893993479,2.967879994400011,True,False,False,3881
BTCUSD,2022-04-15,1650016800,True,-2.7673358930677643,2.2367330972254442,2.2367330972254442,7.771404883359165,3.049383502288183,True,False,False,6022
BTCUSD,2022-04-15,1650020400,True,0.0,2.2420541600567585,2.2420541600567585,2.2420541600567585,3.7516398276364464,True,True,False,4818
BTCUSD,2022-04-15,1650024000,True,0.0,2.2435771993724964,2.2435771993724964,2.2435771993724964,2.819196801694634,True,True,False,3717
BTCUSD,2022-04-15,1650027600,True,-1.0938662659729272,2.234914050792891,2.234914050792891,4.422646582736939,3.362434165261689,True,False,False,4287
BTCUSD,2022-04-15,1650031200,True,0.0,2.2373444610560362,2.2373444610560362,2.2373444610560362,2.9526587414202816,True,True,False,3746
BTCUSD,2022-04-15,1650034800,True,-1.4330445124055853,2.241077430345757,2.241077430345757,5.107166455155115,3.071058678778182,True,False,False,3104
BTCUSD,2022-04-15,1650038400,True,-0.3507983033361946,2.2471065694035715,2.2471065694035715,2.9487031760741442,3.722356507541249,True,False,False,4461
BTCUSD,2022-04-15,1650042000,True,-1.0889986292971068,2.2249688226243727,2.2249688226243727,4.402966081216787,4.234508399240765,True,False,False,7686
BTCUSD,2022-04-15,1650045600,True,0.0,2.226702567709695,2.226702567709695,2.226702567709695,3.7900005768873517,True,True,False,6286
BTCUSD,2022-04-15,1650049200,True,-0.16213772275368069,2.227846572167191,2.227846572167191,2.552122017672751,3.0343521611449225,True,False,False,4931
BTCUSD,2022-04-15,1650052800,True,0.0,2.225133576004753,2.225133576004753,2.225133576004753,3.8150268572513717,True,True,False,4546
BTCUSD,2022-04-15,1650056400,True,-0.5507970404513567,2.227943084965951,2.227943084965951,3.3295371658668635,3.1604299820947763,True,False,False,2900
BTCUSD,2022-04-15,1650060000,True,0.0,2.2324191411585907,2.2324191411585907,2.2324191411585907,2.944509318953521,True,True,False,2554
BTCUSD,2022-04-15,1650063600,True,0.0,2.228453087100822,2.228453087100822,2.228453087100822,2.465385055831739,True,True,False,2813
BTCUSD,2022-05-15,1652576400,True,-3.2436980939997726,2.9804270388977185,2.9804270388977185,9.467823226898467,7.523767260945528,True,False,False,3398
BTCUSD,2022-05-15,1652580000,True,-0.06822643388188215,2.995306853378565,2.995306853378565,3.13175972114354,5.507751674624876,True,False,False,4005
BTCUSD,2022-05-15,1652583600,True,-0.2757513765427588,3.0081968350092607,3.0081968350092607,3.559699588094779,4.461485662208265,True,False,False,3493
BTCUSD,2022-05-15,1652587200,True,-0.1288077537578489,3.0110903475985973,3.0110903475985973,3.268705855115512,3.8356057725559105,True,False,False,2447
BTCUSD,2022-05-15,1652590800,True,-1.555173165260015,3.0197537189525283,3.0197537189525283,6.1301000494737785,3.8524318978164276,True,False,False,2949
BTCUSD,2022-05-15,1652594400,True,0.0,3.032037519106048,3.032037519106048,3.032037519106048,3.6480059340085074,True,True,False,2755
BTCUSD,2022-05-15,1652598000,True,-0.19111401033087597,3.0442939698794174,3.0442939698794174,3.4265219905424,3.6096627816099365,True,False,False,2947
BTCUSD,2022-05-15,1652601600,True,0.0,3.0256413014829677,3.0256413014829677,3.0256413014829677,3.7777517532607736,True,True,False,3434
BTCUSD,2022-05-15,1652605200,True,-0.9777129905964976,3.008347663374587,3.008347663374587,4.963773644567583,3.547665316532472,True,False,False,2401
BTCUSD,2022-05-15,1652608800,True,0.0,3.0232528453848033,3.0232528453848033,3.0232528453848033,3.796945044635715,True,True,False,3035
BTCUSD,2022-05-15,1652612400,True,-1.7400147190348194,3.046718379633297,3.046718379633297,6.526747817702936,3.7031462584118264,True,False,False,3015
BTCUSD,2022-05-15,1652616000,True,0.0,3.028614348363337,3.028614348363337,3.028614348363337,3.332948461564973,True,True,False,3190
BTCUSD,2022-05-15,1652619600,True,-0.9214430500525459,3.010158784203557,3.010158784203557,4.853044884309865,3.327504215470402,True,False,False,3233
BTCUSD,2022-05-15,1652623200,True,0.0,2.9805015588023154,2.9805015588023154,2.9805015588023154,4.428378037462815,True,True,False,4013
BTCUSD,2022-05-15,1652626800,True,-1.6902662309749508,2.974075479722506,2.974075479722506,6.35460794167361,4.291729241582958,True,False,False,4913
BTCUSD,2022-05-15,1652630400,True,-1.9327595443069705,2.9862379225340017,2.9862379225340017,6.851757011147942,3.7212659321268737,True,False,False,4522
BTCUSD,2022-05-15,1652634000,True,0.0,3.0059859199619514,3.0059859199619514,3.0059859199619514,3.686356636669542,True,True,False,4121
BTCUSD,2022-05-15,1652637600,True,-0.6188282928294025,3.002401420736352,3.002401420736352,4.240058006395157,3.6386552683358864,True,False,False,4175
BTCUSD,2022-05-15,1652641200,True,0.0,2.983094801758435,2.983094801758435,2.983094801758435,3.941558968867974,True,True,False,3651
BTCUSD,2022-05-15,1652644800,True,0.0,3.004505757133782,3.004505757133782,3.004505757133782,3.8737394898545245,True,True,False,3036
BTCUSD,2022-05-15,1652648400,True,0.0,2.9729697589516118,2.9729697589516118,2.9729697589516118,4.149045639276533,True,True,False,2975
BTCUSD,2022-05-15,1652652000,True,-1.0602796080610002,2.958919836450638,2.958919836450638,5.079479052573834,3.5342999079298374,True,False,False,3277
BTCUSD,2022-05-15,1652655600,True,0.0,2.908337913965548,2.908337913965548,2.908337913965548,4.862189085844821,True,True,False,4733
BTCUSD,2022-06-15,1655251200,True,-1.7368999855678975,4.196536877883808,4.196536877883808,7.6703368490213,8.163698014849441,True,False,False,4036
BTCUSD,2022-06-15,1655254800,True,0.0,4.175993051147564,4.175993051147564,4.175993051147564,4.735829362207543,True,True,False,5524
BTCUSD,2022-06-15,1655258400,True,-0.015838239982303926,4.072690281180799,4.072690281180799,4.104366761145408,5.2385635556685015,True,False,False,6555
BTCUSD,2022-06-15,1655262000,True,-0.5165940335455501,4.132752268364401,4.132752268364401,5.165940335455502,4.7319325685172275,True,False,False,5832
BTCUSD,2022-06-15,1655265600,True,0.0,4.067013537732397,4.067013537732397,4.067013537732397,4.389155495166512,True,True,False,5750
BTCUSD,2022-06-15,1655269200,True,0.0,4.1012535709387,4.1012535709387,4.1012535709387,4.205151942047071,True,True,False,3996
BTCUSD,2022-06-15,1655272800,True,-0.17983297020233044,4.203887615136892,4.203887615136892,4.563553555543252,4.395223026417493,True,False,False,4856
BTCUSD,2022-06-15,1655276400,True,-1.8411663468906205,4.265250224458794,4.265250224458794,7.94758291824176,5.898512346929392,True,False,False,7239
BTCUSD,2022-06-15,1655280000,True,0.0,4.249540577446461,4.249540577446461,4.249540577446461,5.90628937457897,True,True,False,7000
BTCUSD,2022-06-15,1655283600,True,0.0,4.2261933830959775,4.2261933830959775,4.2261933830959775,4.853048883943675,True,True,False,6390
BTCUSD,2022-06-15,1655287200,True,-0.6362953000513103,4.35487277602091,4.35487277602091,5.6274633761252915,5.312349661987122,True,False,False,6145
BTCUSD,2022-06-15,1655290800,True,-4.055674839300854,4.454066327481268,4.454066327481268,12.565416006082977,11.32037932858202,True,False,False,8109
BTCUSD,2022-06-15,1655294400,True,-4.222856875367181,4.45814802091664,4.45814802091664,12.903861771652805,16.138750517956606,True,False,False,7934
BTCUSD,2022-06-15,1655298000,True,-0.4409094817700182,4.384735177829026,4.384735177829026,5.266554141370834,7.93096323950064,True,False,False,7235
BTCUSD,2022-06-15,1655301600,True,-1.0714916748878625,4.257582814125051,4.257582814125051,6.400566163900776,7.343805906129775,True,False,False,7384
BTCUSD,2022-06-15,1655305200,True,0.0,4.254361666121478,4.254361666121478,4.254361666121478,6.234370126885657,True,True,False,7274
BTCUSD,2022-06-15,1655308800,True,-3.491775046051433,4.181766522217609,4.181766522217609,11.165316614320476,6.225945737050562,True,False,False,8280
BTCUSD,2022-06-15,1655312400,True,-2.033057371179034,4.250294155774697,4.250294155774697,8.316408898132766,6.236349147775786,True,False,False,7589
BTCUSD,2022-06-15,1655316000,True,0.0,4.209391995420182,4.209391995420182,4.209391995420182,5.156865649354928,True,True,False,6550
BTCUSD,2022-06-15,1655319600,True,-2.4574412020338663,4.349453454927943,4.349453454927943,9.264335858997434,6.303388161922109,True,False,False,7211
BTCUSD,2022-06-15,1655323200,True,-4.06280291658432,4.269144921105016,4.269144921105016,12.394750754275382,7.229102751748106,True,False,False,7661
BTCUSD,2022-06-15,1655326800,True,-4.096712150317822,4.18268965999613,4.18268965999613,12.376113960633464,17.044043711073492,True,False,False,10712
BTCUSD,2022-06-15,1655330400,True,-1.554211763321373,4.169271496242676,4.169271496242676,7.277695022885421,9.07756248023316,True,False,False,9843
BTCUSD,2022-06-15,1655334000,True,0.0,4.144837190795146,4.144837190795146,4.144837190795146,5.433154929979137,True,True,False,6098
BTCUSD,2022-07-15,1657843200,True,0.0,2.9308151769333124,2.9308151769333124,2.9308151769333124,2.931741980659412,True,True,False,5105
BTCUSD,2022-07-15,1657846800,True,0.0,2.9282476829020108,2.9282476829020108,2.9282476829020108,2.9282476829020108,True,True,False,6432
BTCUSD,2022-07-15,1657850400,True,0.0,2.915600650178945,2.915600650178945,2.915600650178945,2.915600650178945,True,True,False,6149
BTCUSD,2022-07-15,1657854000,True,0.0,2.943519743168091,2.943519743168091,2.943519743168091,2.943570542134719,True,True,False,7263
BTCUSD,2022-07-15,1657857600,True,0.0,2.9096904816750118,2.9096904816750118,2.9096904816750118,2.9098063712927793,True,True,False,6867
BTCUSD,2022-07-15,1657861200,True,0.0,2.9297418604446763,2.9297418604446763,2.9297418604446763,2.93168222774157,True,True,False,9025
BTCUSD,2022-07-15,1657864800,True,0.0,2.912840529263124,2.912840529263124,2.912840529263124,2.912853414755968,True,True,False,6816
BTCUSD,2022-07-15,1657868400,True,0.0,2.922106858525709,2.922106858525709,2.922106858525709,2.922194866940964,True,True,False,7177
BTCUSD,2022-07-15,1657872000,True,0.0,2.9050414573624646,2.9050414573624646,2.9050414573624646,2.9052052007740703,True,True,False,6084
BTCUSD,2022-07-15,1657875600,True,0.0,2.9140331092441873,2.9140331092441873,2.9140331092441873,2.9140331092441873,True,True,False,6237
BTCUSD,2022-07-15,1657879200,True,0.0,2.881710122054832,2.881710122054832,2.881710122054832,2.882237579537605,True,True,False,8896
BTCUSD,2022-07-15,1657882800,True,0.0,2.877155528957851,2.877155528957851,2.877155528957851,2.877455154083085,True,True,False,8694
BTCUSD,2022-07-15,1657886400,True,0.0,2.8725080394318754,2.8725080394318754,2.8725080394318754,2.872870101787542,True,True,False,8621
BTCUSD,2022-07-15,1657890000,True,0.0,2.876301766241038,2.876301766241038,2.876301766241038,2.8763021684197616,True,True,False,7189
BTCUSD,2022-07-15,1657893600,True,0.0,2.8898045288053305,2.8898045288053305,2.8898045288053305,2.889811625070954,True,True,False,7088
BTCUSD,2022-07-15,1657897200,True,0.0,2.8603437179701094,2.8603437179701094,2.8603437179701094,2.861493647572396,True,True,False,8988
BTCUSD,2022-07-15,1657900800,True,0.0,2.877517048089544,2.877517048089544,2.877517048089544,2.8778682303792844,True,True,False,9700
BTCUSD,2022-07-15,1657904400,True,0.0,2.873356799080526,2.873356799080526,2.873356799080526,2.87477585111169,True,True,False,9447
BTCUSD,2022-07-15,1657908000,True,0.0,2.886454111393075,2.886454111393075,2.886454111393075,2.886500856082012,True,True,False,8291
BTCUSD,2022-07-15,1657911600,True,0.0,2.89187147944771,2.89187147944771,2.89187147944771,2.8920440703611465,True,True,False,8325
BTCUSD,2022-07-15,1657915200,True,0.0,2.8874667580389484,2.8874667580389484,2.8874667580389484,2.8876867516422604,True,True,False,8067
BTCUSD,2022-07-15,1657918800,True,0.0,2.8529775099782886,2.8529775099782886,2.8529775099782886,2.853270769926302,True,True,False,7645
BTCUSD,2022-07-15,1657922400,True,0.0,2.8361955273196537,2.8361955273196537,2.8361955273196537,2.8374324754859575,True,True,False,8889
BTCUSD,2022-07-15,1657926000,True,0.0,2.8663410821679665,2.8663410821679665,2.8663410821679665,2.8668886742722037,True,True,False,7566
BTCUSD,2022-08-15,1660521600,True,0.0,2.4645778547821435,2.4645778547821435,2.4645778547821435,2.4645778547821435,True,True,False,3149
BTCUSD,2022-08-15,1660525200,True,0.0,2.473114157712963,2.473114157712963,2.473114157712963,2.473114157712963,True,True,False,4767
BTCUSD,2022-08-15,1660528800,True,0.0,2.468690828566703,2.468690828566703,2.468690828566703,2.468690828566703,True,True,False,3870
BTCUSD,2022-08-15,1660532400,True,0.0,2.459058721502583,2.459058721502583,2.459058721502583,2.459058721502583,True,True,False,5196
BTCUSD,2022-08-15,1660536000,True,0.0,2.434775410229222,2.434775410229222,2.434775410229222,2.434775410229222,True,True,False,5515
BTCUSD,2022-08-15,1660539600,True,0.0,2.4080805551107294,2.4080805551107294,2.4080805551107294,2.4080805551107294,True,True,False,6431
BTCUSD,2022-08-15,1660543200,True,0.0,2.412988635225693,2.412988635225693,2.412988635225693,2.4133453481393046,True,True,False,7809
BTCUSD,2022-08-15,1660546800,True,0.0,2.4145821444869857,2.4145821444869857,2.4145821444869857,2.4145821444869857,True,True,False,5845
BTCUSD,2022-08-15,1660550400,True,0.0,2.417330324562856,2.417330324562856,2.417330324562856,2.417330324562856,True,True,False,5554
BTCUSD,2022-08-15,1660554000,True,0.0,2.486435458558787,2.486435458558787,2.486435458558787,2.486435458558787,True,True,False,8172
BTCUSD,2022-08-15,1660557600,True,0.0,2.4974910621038613,2.4974910621038613,2.4974910621038613,2.4974910621038613,True,True,False,8221
BTCUSD,2022-08-15,1660561200,True,0.0,2.4959295548842433,2.4959295548842433,2.4959295548842433,2.4959295548842433,True,True,False,7380
BTCUSD,2022-08-15,1660564800,True,0.0,2.482833276917844,2.482833276917844,2.482833276917844,2.482833276917844,True,True,False,6167
BTCUSD,2022-08-15,1660568400,True,0.0,2.472787998405876,2.472787998405876,2.472787998405876,2.472787998405876,True,True,False,5695
BTCUSD,2022-08-15,1660572000,True,0.0,2.4947578899836715,2.4947578899836715,2.4947578899836715,2.4947578899836715,True,True,False,6057
BTCUSD,2022-08-15,1660575600,True,0.0,2.5057820921777,2.5057820921777,2.5057820921777,2.5057820921777,True,True,False,6638
BTCUSD,2022-08-15,1660579200,True,0.0,2.483996850291994,2.483996850291994,2.483996850291994,2.483996850291994,True,True,False,8112
BTCUSD,2022-08-15,1660582800,True,0.0,2.4884876340828246,2.4884876340828246,2.4884876340828246,2.4884876340828246,True,True,False,7740
BTCUSD,2022-08-15,1660586400,True,0.0,2.4768026789097775,2.4768026789097775,2.4768026789097775,2.4768026789097775,True,True,False,6926
BTCUSD,2022-08-15,1660590000,True,0.0,2.4739482936560133,2.4739482936560133,2.4739482936560133,2.4739482936560133,True,True,False,6576
BTCUSD,2022-08-15,1660593600,True,0.0,2.488198681005879,2.488198681005879,2.488198681005879,2.488198681005879,True,True,False,6408
BTCUSD,2022-08-15,1660597200,True,0.0,2.48980425158974,2.48980425158974,2.48980425158974,2.48980425158974,True,True,False,5623
BTCUSD,2022-08-15,1660600800,True,0.0,2.5024617967925944,2.5024617967925944,2.5024617967925944,2.5024617967925944,True,True,False,6636
BTCUSD,2022-08-15,1660604400,True,0.0,2.495063931854814,2.495063931854814,2.495063931854814,2.495063931854814,True,True,False,4825
BTCUSD,2022-09-15,1663200000,True,0.0,4.455950699361463,4.455950699361463,4.455950699361463,4.455950699361463,True,True,False,4590
BTCUSD,2022-09-15,1663203600,True,0.0,4.434161569023145,4.434161569023145,4.434161569023145,4.434161569023145,True,True,False,8103
BTCUSD,2022-09-15,1663207200,True,0.0,4.450431098425734,4.450431098425734,4.450431098425734,4.450431098425734,True,True,False,5807
BTCUSD,2022-09-15,1663210800,True,0.0,4.465176091661135,4.465176091661135,4.465176091661135,4.465176091661135,True,True,False,7324
BTCUSD,2022-09-15,1663214400,True,0.0,4.4567892003084095,4.4567892003084095,4.4567892003084095,4.4567892003084095,True,True,False,8138
BTCUSD,2022-09-15,1663218000,True,0.0,4.4780062721941185,4.4780062721941185,4.4780062721941185,4.4780062721941185,True,True,False,7138
BTCUSD,2022-09-15,1663221600,True,0.0,4.495217089017286,4.495217089017286,4.495217089017286,4.4952170890172845,True,True,False,8386
BTCUSD,2022-09-15,1663225200,True,0.0,4.494453843956557,4.494453843956557,4.494453843956557,4.494453843956557,True,True,False,7580
BTCUSD,2022-09-15,1663228800,True,0.0,4.468133273493445,4.468133273493445,4.468133273493445,4.4682776220686895,True,True,False,7455
BTCUSD,2022-09-15,1663232400,True,0.0,4.478440786055927,4.478440786055927,4.478440786055927,4.478981381254545,True,True,False,10243
BTCUSD,2022-09-15,1663236000,True,0.0,4.4547707129514045,4.4547707129514045,4.4547707129514045,4.4547707129514045,True,True,False,9735
BTCUSD,2022-09-15,1663239600,True,0.0,4.46666527703747,4.46666527703747,4.46666527703747,4.46666527703747,True,True,False,8912
BTCUSD,2022-09-15,1663243200,True,0.0,4.471743055631465,4.471743055631465,4.471743055631465,4.471743055631465,True,True,False,7463
BTCUSD,2022-09-15,1663246800,True,0.0,4.466886966914265,4.466886966914265,4.466886966914265,4.466886966914265,True,True,False,7377
BTCUSD,2022-09-15,1663250400,True,0.0,4.467396937152659,4.467396937152659,4.467396937152659,4.467396937152659,True,True,False,7535
BTCUSD,2022-09-15,1663254000,True,0.0,4.4729209366495235,4.4729209366495235,4.4729209366495235,4.4729209366495235,True,True,False,8374
BTCUSD,2022-09-15,1663257600,True,0.0,4.4739771121273115,4.4739771121273115,4.4739771121273115,4.4739771121273115,True,True,False,9283
BTCUSD,2022-09-15,1663261200,True,0.0,4.5689245107062595,4.5689245107062595,4.5689245107062595,4.5689479031448945,True,True,False,10292
BTCUSD,2022-09-15,1663264800,True,0.0,4.560977995308273,4.560977995308273,4.560977995308273,4.561351035288737,True,True,False,10786
BTCUSD,2022-09-15,1663268400,True,0.0,4.531115167857679,4.531115167857679,4.531115167857679,4.531115167857679,True,True,False,9322
BTCUSD,2022-09-15,1663272000,True,0.0,4.5395142013657885,4.5395142013657885,4.5395142013657885,4.5395142013657885,True,True,False,8634
BTCUSD,2022-09-15,1663275600,True,0.0,4.555190690404946,4.555190690404946,4.555190690404946,4.555190690404946,True,True,False,8075
BTCUSD,2022-09-15,1663279200,False,20.23870014352036,4.559406790780474,4.559406790780474,4.559406790780474,4.559406790780474,True,True,False,962
BTCUSD,2022-10-15,1665792000,True,0.0,4.712473655963243,4.712473655963243,4.712473655963243,4.712519705896133,True,True,False,2550
BTCUSD,2022-10-15,1665795600,True,0.0,4.697916160988191,4.697916160988191,4.697916160988191,4.697916160988191,True,True,False,4260
BTCUSD,2022-10-15,1665799200,True,0.0,4.694375303830402,4.694375303830402,4.694375303830402,4.694375303830402,True,True,False,4729
BTCUSD,2022-10-15,1665802800,True,0.0,4.687932168746807,4.687932168746807,4.687932168746807,4.687932168746807,True,True,False,4417
BTCUSD,2022-10-15,1665806400,True,0.0,4.6943875467287155,4.6943875467287155,4.6943875467287155,4.6943875467287155,True,True,False,3866
BTCUSD,2022-10-15,1665810000,True,0.0,4.688738119909789,4.688738119909789,4.688738119909789,4.688738119909789,True,True,False,4235
BTCUSD,2022-10-15,1665813600,True,0.0,4.687456055099483,4.687456055099483,4.687456055099483,4.687456055099483,True,True,False,3106
BTCUSD,2022-10-15,1665817200,True,0.0,4.690741986779405,4.690741986779405,4.690741986779405,4.690741986779405,True,True,False,3154
BTCUSD,2022-10-15,1665820800,True,0.0,4.693897880600797,4.693897880600797,4.693897880600797,4.693897880600797,True,True,False,3435
BTCUSD,2022-10-15,1665824400,True,0.0,4.696168344068426,4.696168344068426,4.696168344068426,4.696168344068426,True,True,False,3184
BTCUSD,2022-10-15,1665828000,True,0.0,4.695200618097077,4.695200618097077,4.695200618097077,4.695200618097077,True,True,False,3417
BTCUSD,2022-10-15,1665831600,True,0.0,4.7201328350271625,4.7201328350271625,4.7201328350271625,4.7201328350271625,True,True,False,7429
BTCUSD,2022-10-15,1665835200,True,0.0,4.712276265049833,4.712276265049833,4.712276265049833,4.712276265049833,True,True,False,2518
BTCUSD,2022-10-15,1665860400,True,0.0,4.7061948688880255,4.7061948688880255,4.7061948688880255,4.7061948688880255,True,True,False,4078
BTCUSD,2022-10-15,1665864000,True,0.0,4.710239170244268,4.710239170244268,4.710239170244268,4.710239170244268,True,True,False,4609
BTCUSD,2022-10-15,1665867600,True,0.0,4.7083245270226435,4.7083245270226435,4.7083245270226435,4.708324527022643,True,True,False,4679
BTCUSD,2022-10-15,1665871200,True,0.0,4.711849463739178,4.711849463739178,4.711849463739178,4.711849463739178,True,True,False,4599
BTCUSD,2022-10-15,1665874800,True,0.0,4.7130091620898105,4.7130091620898105,4.7130091620898105,4.7130091620898105,True,True,False,3012
BTCUSD,2022-11-15,1668470400,True,0.0,5.492158418258376,5.492158418257266,5.492158418258376,5.836458760501499,True,True,False,11871
BTCUSD,2022-11-15,1668474000,True,0.0,5.423320277191926,5.423320277191926,5.423320277191926,5.612386138377866,True,True,False,16294
BTCUSD,2022-11-15,1668477600,True,0.0,5.442176870748299,5.442176870748299,5.442176870748299,5.466523357983074,True,True,False,15788
BTCUSD,2022-11-15,1668481200,True,0.0,5.392369796737616,5.392369796737616,5.392369796737616,5.431286036124132,True,True,False,14453
BTCUSD,2022-11-15,1668484800,True,0.0,5.37666527271641,5.37666527271641,5.37666527271641,5.386687622937025,True,True,False,12842
BTCUSD,2022-11-15,1668488400,True,0.0,5.356186395286556,5.356186395286556,5.356186395286556,5.378879276327698,True,True,False,16481
BTCUSD,2022-11-15,1668492000,True,0.0,5.373054133520395,5.373054133520395,5.373054133520395,5.39665027488698,True,True,False,13918
BTCUSD,2022-11-15,1668495600,True,0.0,5.409141449048893,5.409141449048893,5.409141449048893,5.432383913635211,True,True,False,16465
BTCUSD,2022-11-15,1668499200,True,0.0,5.37859319906771,5.37859319906771,5.37859319906771,5.386000059541325,True,True,False,10366
BTCUSD,2022-11-15,1668502800,True,0.0,5.3481496887674,5.3481496887674,5.3481496887674,5.375860130748185,True,True,False,14008
BTCUSD,2022-11-15,1668506400,True,0.0,5.324026146883966,5.324026146883966,5.324026146883966,5.423657754239255,True,True,False,15561
BTCUSD,2022-11-15,1668510000,True,0.0,5.364806866952789,5.364806866952789,5.364806866952789,5.412154169128954,True,True,False,17698
BTCUSD,2022-11-15,1668513600,True,0.0,5.339028296849973,5.339028296849973,5.339028296849973,5.399150491297955,True,True,False,15754
BTCUSD,2022-11-15,1668517200,True,0.0,5.370008502513462,5.370008502513462,5.370008502513462,5.634932945753841,True,True,False,17022
BTCUSD,2022-11-15,1668520800,True,0.0,5.35180061331635,5.35180061331635,5.35180061331635,5.482236663489662,True,True,False,16748
BTCUSD,2022-11-15,1668524400,True,0.0,5.295438391692988,5.295438391692988,5.295438391692988,6.706453064777019,True,True,False,19802
BTCUSD,2022-11-15,1668528000,True,0.0,5.32092572283298,5.32092572283298,5.32092572283298,5.523413919707328,True,True,False,18496
BTCUSD,2022-11-15,1668531600,True,0.0,5.303611110947419,5.303611110947419,5.303611110947419,5.486937922302165,True,True,False,20075
BTCUSD,2022-11-15,1668535200,True,0.0,5.2966880986361025,5.2966880986361025,5.2966880986361025,5.341474819152772,True,True,False,15147
BTCUSD,2022-11-15,1668538800,True,0.0,5.2950520680120015,5.2950520680120015,5.2950520680120015,5.3000167676206535,True,True,False,10793
BTCUSD,2022-11-15,1668542400,True,0.0,5.384601117723533,5.384601117723533,5.384601117723533,5.47521041614622,True,True,False,16386
BTCUSD,2022-11-15,1668546000,True,0.0,5.345529058889912,5.345529058889912,5.345529058889912,5.37846481750587,True,True,False,13505
BTCUSD,2022-11-15,1668549600,True,0.0,5.350534310301265,5.350534310301265,5.350534310301265,5.370880594811424,True,True,False,14761
BTCUSD,2022-11-15,1668553200,True,0.0,5.325365009393352,5.325365009393352,5.325365009393352,5.3308393954458815,True,True,False,8926
BTCUSD,2022-12-15,1671062400,True,0.0,5.0455444478828895,5.0455444478828895,5.0455444478828895,5.193614988177551,True,True,False,6439
BTCUSD,2022-12-15,1671066000,True,0.0,5.053908355795149,5.053908355795149,5.053908355795149,5.053908355795149,True,True,False,4695
BTCUSD,2022-12-15,1671069600,True,0.0,5.058032492800733,5.058032492800733,5.058032492800733,5.0580324928007325,True,True,False,5181
BTCUSD,2022-12-15,1671073200,True,0.0,5.103927301927923,5.103927301927923,5.103927301927923,5.103927301927923,True,True,False,6569
BTCUSD,2022-12-15,1671076800,True,0.0,5.079164421017581,5.079164421017581,5.079164421017581,5.0792135133503,True,True,False,6684
BTCUSD,2022-12-15,1671080400,True,0.0,5.076345414847408,5.076345414847408,5.076345414847408,5.076345414847407,True,True,False,3934
BTCUSD,2022-12-15,1671084000,True,0.0,5.081372535181447,5.081372535181447,5.081372535181447,5.081372535181447,True,True,False,4251
BTCUSD,2022-12-15,1671087600,True,0.0,5.079680431659955,5.079680431659955,5.079680431659955,5.079680431659953,True,True,False,4362
BTCUSD,2022-12-15,1671091200,True,0.0,5.078433585374111,5.078433585374111,5.078433585374111,5.078433585374111,True,True,False,3249
BTCUSD,2022-12-15,1671094800,True,0.0,5.085512899403469,5.085512899403469,5.085512899403469,5.085512899403469,True,True,False,3256
BTCUSD,2022-12-15,1671098400,True,0.0,5.10457284650833,5.10457284650833,5.10457284650833,5.10457284650833,True,True,False,6341
BTCUSD,2022-12-15,1671102000,True,0.0,5.08531462841606,5.08531462841606,5.08531462841606,5.08531462841606,True,True,False,4913
BTCUSD,2022-12-15,1671105600,True,0.0,5.093981121705963,5.093981121705963,5.093981121705963,5.093981121705961,True,True,False,4152
BTCUSD,2022-12-15,1671109200,True,0.0,5.077290464453608,5.077290464453608,5.077290464453608,5.077290464453608,True,True,False,5100
BTCUSD,2022-12-15,1671112800,True,0.0,5.089282987884113,5.089282987884113,5.089282987884113,5.089282987884113,True,True,False,4999
BTCUSD,2022-12-15,1671116400,True,0.0,5.1409770141205495,5.1409770141205495,5.1409770141205495,5.143835739975548,True,True,False,13101
BTCUSD,2022-12-15,1671120000,True,0.0,5.157536966646208,5.157536966646208,5.157536966646208,5.157536966646208,True,True,False,9761
BTCUSD,2022-12-15,1671123600,True,0.0,5.165751754633679,5.165751754633679,5.165751754633679,5.165751754633679,True,True,False,9025
BTCUSD,2022-12-15,1671127200,True,0.0,5.173261137600124,5.173261137600124,5.173261137600124,5.1732611376001225,True,True,False,8238
BTCUSD,2022-12-15,1671130800,True,0.0,5.173394954215455,5.173394954215455,5.173394954215455,5.173394954215455,True,True,False,6215
BTCUSD,2022-12-15,1671134400,True,0.0,5.172562429954883,5.172562429954883,5.172562429954883,5.172562429954883,True,True,False,8163
BTCUSD,2022-12-15,1671138000,True,0.0,5.158997434831831,5.158997434831831,5.158997434831831,5.158997434831831,True,True,False,6918
BTCUSD,2022-12-15,1671141600,True,0.0,5.167365217890567,5.167365217890567,5.167365217890567,5.167365217890567,True,True,False,4914
BTCUSD,2022-12-15,1671145200,True,0.0,5.172800266686591,5.172800266686591,5.172800266686591,5.172800266686591,True,True,False,4507
BTCUSD,2023-01-15,1673744400,True,0.0,4.293309354405532,4.293309354405532,4.293309354405532,4.293309354405532,True,True,False,5443
BTCUSD,2023-01-15,1673748000,True,0.0,4.332198778608758,4.332198778608758,4.332198778608758,4.332378602844266,True,True,False,9960
BTCUSD,2023-01-15,1673751600,True,0.0,4.329972793337616,4.329972793337616,4.329972793337616,4.329972793337615,True,True,False,6336
BTCUSD,2023-01-15,1673755200,True,0.0,4.350932694938705,4.350932694938705,4.350932694938705,4.350932694938705,True,True,False,4899
BTCUSD,2023-01-15,1673758800,True,0.0,4.340173124683529,4.340173124683529,4.340173124683529,4.340288746240274,True,True,False,5560
BTCUSD,2023-01-15,1673762400,True,0.0,4.345674243430185,4.345674243430185,4.345674243430185,4.345674243430185,True,True,False,3251
BTCUSD,2023-01-15,1673766000,True,0.0,4.335604708466714,4.335604708466714,4.335604708466714,4.335604708466714,True,True,False,3833
BTCUSD,2023-01-15,1673769600,True,0.0,4.3424661830446,4.3424661830446,4.3424661830446,4.3424661830446,True,True,False,3056
BTCUSD,2023-01-15,1673773200,True,0.0,4.337338946171214,4.337338946171214,4.337338946171214,4.337338946171215,True,True,False,3913
BTCUSD,2023-01-15,1673776800,True,0.0,4.363329608342686,4.363329608342686,4.363329608342686,4.363329608342687,True,True,False,4777
BTCUSD,2023-01-15,1673780400,True,0.0,4.33268262859041,4.33268262859041,4.33268262859041,4.33268262859041,True,True,False,4920
BTCUSD,2023-01-15,1673784000,True,0.0,4.337736135510876,4.337736135510876,4.337736135510876,4.337736135510878,True,True,False,3171
BTCUSD,2023-01-15,1673787600,True,0.0,4.33997429770777,4.33997429770777,4.33997429770777,4.33997429770777,True,True,False,3066
BTCUSD,2023-01-15,1673791200,True,0.0,4.346177898719568,4.346177898719568,4.346177898719568,4.346177898719568,True,True,False,3451
BTCUSD,2023-01-15,1673794800,True,0.0,4.343744645731426,4.343744645731426,4.343744645731426,4.343744645731426,True,True,False,4410
BTCUSD,2023-01-15,1673798400,True,0.0,4.325810428567652,4.325810428567652,4.325810428567652,4.325813849330778,True,True,False,4109
BTCUSD,2023-01-15,1673802000,True,0.0,4.300508033349007,4.300508033349007,4.300508033349007,4.300706559188418,True,True,False,6515
BTCUSD,2023-01-15,1673805600,True,0.0,4.309364488442524,4.309364488442524,4.309364488442524,4.309364488442524,True,True,False,6406
BTCUSD,2023-01-15,1673809200,True,0.0,4.299832067669802,4.299832067669802,4.299832067669802,4.299906283884145,True,True,False,6842
BTCUSD,2023-01-15,1673812800,True,0.0,4.32132405369005,4.32132405369005,4.32132405369005,4.322108181453812,True,True,False,7361
BTCUSD,2023-01-15,1673816400,True,0.0,4.310906401600209,4.310906401600209,4.310906401600209,4.310906401600209,True,True,False,3750
BTCUSD,2023-01-15,1673820000,True,0.0,4.303261346146215,4.303261346146215,4.303261346146215,4.303261346146213,True,True,False,3429
BTCUSD,2023-01-15,1673823600,True,0.0,4.303142010858261,4.303142010858261,4.303142010858261,4.303142010858261,True,True,False,3185
BTCUSD,2023-02-15,1676419200,True,0.0,4.05492166116624,4.05492166116624,4.05492166116624,4.054986409263546,True,True,False,2081
BTCUSD,2023-02-15,1676422800,True,0.0,4.052593659942363,4.052593659942363,4.052593659942363,4.052900243782202,True,True,False,3720
BTCUSD,2023-02-15,1676426400,True,0.0,4.061692597565241,4.061692597565241,4.061692597565241,4.061692597565241,True,True,False,4328
BTCUSD,2023-02-15,1676430000,True,0.0,4.069129997400278,4.069129997400278,4.069129997400278,4.069129997400278,True,True,False,3013
BTCUSD,2023-02-15,1676433600,True,0.0,4.076133108391173,4.076133108391173,4.076133108391173,4.076133108391173,True,True,False,3201
BTCUSD,2023-02-15,1676437200,True,0.0,4.071062660439448,4.071062660439448,4.071062660439448,4.0710626604394475,True,True,False,3438
BTCUSD,2023-02-15,1676440800,True,0.0,4.073780694805929,4.073780694805929,4.073780694805929,4.073780694805929,True,True,False,2662
BTCUSD,2023-02-15,1676444400,True,0.0,4.06421459053038,4.06421459053038,4.06421459053038,4.06421459053038,True,True,False,2976
BTCUSD,2023-02-15,1676448000,True,0.0,4.068348250610252,4.068348250610252,4.068348250610252,4.068348250610252,True,True,False,4187
BTCUSD,2023-02-15,1676451600,True,0.0,4.069405979766009,4.069405979766009,4.069405979766009,4.069405979766009,True,True,False,2824
BTCUSD,2023-02-15,1676455200,True,0.0,4.07147704139335,4.07147704139335,4.07147704139335,4.07147704139335,True,True,False,4906
BTCUSD,2023-02-15,1676458800,True,0.0,4.058533065770783,4.058533065770783,4.058533065770783,4.058533065770783,True,True,False,3107
BTCUSD,2023-02-15,1676462400,True,0.0,4.046307744183433,4.046307744183433,4.046307744183433,4.046307744183433,True,True,False,3456
BTCUSD,2023-02-15,1676466000,True,0.0,4.008685485217972,4.008685485217972,4.008685485217972,4.016619605885322,True,True,False,6395
BTCUSD,2023-02-15,1676469600,True,0.0,3.9513110669637466,3.9513110669637466,3.9513110669637466,3.967984141829903,True,True,False,9559
BTCUSD,2023-02-15,1676473200,True,0.0,3.9654127884562427,3.9654127884562427,3.9654127884562427,3.9658022590452955,True,True,False,8313
BTCUSD,2023-02-15,1676476800,True,0.0,3.966024391050005,3.966024391050005,3.966024391050005,3.966024391050005,True,True,False,7881
BTCUSD,2023-02-15,1676480400,True,0.0,3.945162244797317,3.945162244797317,3.945162244797317,3.945162244797317,True,True,False,8660
BTCUSD,2023-02-15,1676484000,True,0.0,3.9527861652484217,3.9527861652484217,3.9527861652484217,3.952790778531768,True,True,False,6783
BTCUSD,2023-02-15,1676487600,True,0.0,3.944946085736828,3.944946085736828,3.944946085736828,3.944946085736828,True,True,False,5162
BTCUSD,2023-02-15,1676491200,True,0.0,3.916491693773866,3.916491693773866,3.916491693773866,3.9182184633078987,True,True,False,7194
BTCUSD,2023-02-15,1676494800,True,0.0,3.85785931673025,3.85785931673025,3.85785931673025,3.861994116695582,True,True,False,9608
BTCUSD,2023-02-15,1676498400,True,0.0,3.725589626302663,3.725589626302663,3.725589626302663,4.490890654194869,True,True,False,12329
BTCUSD,2023-02-15,1676502000,True,0.0,3.7240865643232506,3.7240865643232506,3.7240865643232506,3.7313023723397865,True,True,False,7175
BTCUSD,2023-03-15,1678838400,True,-1.2733035362713963,4.8738891340500246,4.8738891340500246,7.42049620659134,13.374098360248153,True,False,False,8161
BTCUSD,2023-03-15,1678842000,True,-0.08665949609725755,4.836809084494822,4.836809084494822,5.010128076689338,8.87752894639264,True,False,False,11858
BTCUSD,2023-03-15,1678845600,True,-0.284828403008251,4.8481430299156685,4.8481430299156685,5.4177998359307,6.658985077329271,True,False,False,11120
BTCUSD,2023-03-15,1678849200,True,0.0,4.837880605138232,4.837880605138232,4.837880605138232,5.855572485661079,True,True,False,11454
BTCUSD,2023-03-15,1678852800,True,-0.3540850512301203,4.8011532370075285,4.8011532370075285,5.509323339466314,5.877861955478818,True,False,False,10235
BTCUSD,2023-03-15,1678856400,True,0.0,4.81748747955077,4.81748747955077,4.81748747955077,4.921125772689723,True,True,False,7017
BTCUSD,2023-03-15,1678860000,True,0.0,4.837685570594934,4.837685570594934,4.837685570594934,4.919175659995354,True,True,False,5938
BTCUSD,2023-03-15,1678863600,True,0.0,4.8173907807183936,4.8173907807183936,4.8173907807183936,4.879886519566988,True,True,False,5026
BTCUSD,2023-03-15,1678867200,True,0.0,4.836028411666919,4.836028411666919,4.836028411666919,4.868022527970808,True,True,False,6404
BTCUSD,2023-03-15,1678870800,True,0.0,4.819567443821917,4.819567443821917,4.819567443821917,4.895822757485157,True,True,False,7267
BTCUSD,2023-03-15,1678874400,True,0.0,4.799472058073612,4.799472058073612,4.799472058073612,4.855520299619775,True,True,False,6529
BTCUSD,2023-03-15,1678878000,True,0.0,4.823151125401929,4.823151125401929,4.823151125401929,4.950944249853199,True,True,False,7057
BTCUSD,2023-03-15,1678881600,True,-1.0980314792033634,4.871119316240981,4.871119316240981,7.06718227464623,5.120867033902673,True,False,False,8663
BTCUSD,2023-03-15,1678885200,True,0.0,4.868549172346641,4.868549172346641,4.868549172346641,5.381342177661954,True,True,False,10277
BTCUSD,2023-03-15,1678888800,True,-1.662261773467302,4.823976126142151,4.823976126142151,8.148499673075293,6.692800709050326,True,False,False,13445
BTCUSD,2023-03-15,1678892400,True,-1.5011226353070133,4.810005774011097,4.810005774011097,7.8122510446236655,8.901890194438096,True,False,False,15109
BTCUSD,2023-03-15,1678896000,True,-0.403861884058293,4.822231451437417,4.822231451437417,5.62995521955254,6.862646601890444,True,False,False,15379
BTCUSD,2023-03-15,1678899600,True,-0.9940019142098302,4.83895455193398,4.83895455193398,6.8269583803536396,6.713129089556881,True,False,False,14162
BTCUSD,2023-03-15,1678903200,True,-0.7968372693229455,4.891072752873046,4.891072752873046,6.484747291517454,6.613586290017219,True,False,False,12109
BTCUSD,2023-03-15,1678906800,True,-0.32514607239070986,4.970385819986294,4.970385819986294,5.620677964767714,7.3996476995762395,True,False,False,13374
BTCUSD,2023-03-15,1678910400,True,-0.05956661385796179,4.929650802023375,4.929650802023375,5.0487840297392985,6.770302686810549,True,False,False,12890
BTCUSD,2023-03-15,1678914000,True,-0.22673194095421917,4.902312236845411,4.902312236845411,5.35577611875385,6.177190930735572,True,False,False,11993
BTCUSD,2023-03-15,1678917600,True,-2.354987694115546,4.910486938207046,4.910486938207046,9.620462326436648,5.776675828118067,True,False,False,11699
BTCUSD,2023-03-15,1678921200,True,0.0,4.910988336402701,4.910988336402701,4.910988336402701,5.3354571170047445,True,True,False,7237
BTCUSD,2023-04-15,1681516800,True,0.0,16.406853208212482,16.406853208212482,16.406853208212482,16.406853208212485,True,True,False,7282
BTCUSD,2023-04-15,1681520400,True,0.0,3.9390109799931063,3.9390109799931063,3.9390109799931063,4.180028434450857,True,True,False,2107
BTCUSD,2023-04-15,1681524000,True,0.0,3.9366526970171654,3.9366526970171654,3.9366526970171654,3.936811617227453,True,True,False,4414
BTCUSD,2023-04-15,1681527600,True,0.0,3.9475632021316844,3.9475632021316844,3.9475632021316844,3.952000788655447,True,True,False,5581
BTCUSD,2023-04-15,1681531200,True,0.0,3.948050238939291,3.948050238939291,3.948050238939291,3.9480671469207937,True,True,False,4939
BTCUSD,2023-04-15,1681534800,True,0.0,3.945551390806865,3.945551390806865,3.945551390806865,3.945551390806865,True,True,False,4115
BTCUSD,2023-04-15,1681538400,True,0.0,3.945648689304826,3.945648689304826,3.945648689304826,3.945648689304826,True,True,False,3803
BTCUSD,2023-04-15,1681542000,True,0.0,3.948439954921977,3.948439954921977,3.948439954921977,3.948439954921977,True,True,False,2406
BTCUSD,2023-04-15,1681545600,True,0.0,3.940660224781827,3.940660224781827,3.940660224781827,3.940660224781827,True,True,False,4677
BTCUSD,2023-04-15,1681549200,True,0.0,3.943703630672155,3.943703630672155,3.943703630672155,3.9440714199164555,True,True,False,3437
BTCUSD,2023-04-15,1681552800,True,0.0,3.9392695937628233,3.9392695937628233,3.9392695937628233,3.9392695937628233,True,True,False,3320
BTCUSD,2023-04-15,1681556400,True,0.0,3.9446110860007395,3.9446110860007395,3.9446110860007395,3.9446222484426934,True,True,False,3665
BTCUSD,2023-04-15,1681560000,True,0.0,16.422248862759265,16.422248862759265,16.422248862759265,16.422248862759265,True,True,False,89
BTCUSD,2023-04-15,1681563600,True,0.0,16.44628642852444,16.44628642852444,16.44628642852444,16.44628642852444,True,True,False,80
BTCUSD,2023-04-15,1681567200,True,0.0,16.462254848216364,16.462254848216364,16.462254848216364,16.462254848216364,True,True,False,99
BTCUSD,2023-04-15,1681570800,True,0.0,16.443852465755675,16.443852465755675,16.443852465755675,16.443852465755675,True,True,False,46
BTCUSD,2023-04-15,1681574400,True,0.0,16.48668156403213,16.48668156403213,16.48668156403213,16.48668156403213,True,True,False,156
BTCUSD,2023-04-15,1681578000,True,0.0,16.473650396191292,16.473650396191292,16.473650396191292,16.473650396191292,True,True,False,136
BTCUSD,2023-04-15,1681581600,True,0.0,16.491303640851072,16.491303640851072,16.491303640851072,16.491303640851072,True,True,False,290
BTCUSD,2023-04-15,1681585200,True,0.0,3.953643529615261,3.953643529615261,3.953643529615261,3.9536686018468923,True,True,False,5845
BTCUSD,2023-04-15,1681588800,True,0.0,3.9618343292944633,3.9618343292944633,3.9618343292944633,4.11480404247786,True,True,False,5262
BTCUSD,2023-04-15,1681592400,True,0.0,3.9552724605914777,3.9552724605914777,3.9552724605914777,3.9552724605914777,True,True,False,2762
BTCUSD,2023-04-15,1681596000,True,0.0,3.9516905826273803,3.9516905826273803,3.9516905826273803,3.9516905826273803,True,True,False,2870
BTCUSD,2023-04-15,1681599600,True,0.0,3.956739646531258,3.956739646531258,3.956739646531258,3.956739646531258,True,True,False,2784
BTCUSD,2023-05-15,1684108800,True,0.0,4.4600131942056995,4.4600131942056995,4.4600131942056995,4.737489340341403,True,True,False,1461
BTCUSD,2023-05-15,1684112400,True,0.0,4.459267379530105,4.459267379530105,4.459267379530105,4.580510414688897,True,True,False,3969
BTCUSD,2023-05-15,1684116000,True,0.0,4.456824512534819,4.456824512534819,4.456824512534819,4.463144421881016,True,True,False,3062
BTCUSD,2023-05-15,1684119600,True,0.0,4.475357562421914,4.475357562421914,4.475357562421914,4.571155174844015,True,True,False,5898
BTCUSD,2023-05-15,1684123200,True,0.0,4.409454605583472,4.409454605583472,4.409454605583472,4.738587739002317,True,True,False,6790
BTCUSD,2023-05-15,1684126800,True,0.0,4.416418181804799,4.416418181804799,4.416418181804799,4.477215875000592,True,True,False,4401
BTCUSD,2023-05-15,1684130400,True,0.0,4.405286343612335,4.405286343612335,4.405286343612335,4.460172364898991,True,True,False,3880
BTCUSD,2023-05-15,1684134000,True,0.0,4.395926441497545,4.395926441497545,4.395926441497545,4.437724275679978,True,True,False,3755
BTCUSD,2023-05-15,1684137600,True,0.0,4.386526054137042,4.386526054137042,4.386526054137042,4.433575849550222,True,True,False,4834
BTCUSD,2023-05-15,1684141200,True,0.0,4.365858982754857,4.365858982754857,4.365858982754857,4.504496788067723,True,True,False,6146
BTCUSD,2023-05-15,1684144800,True,0.0,4.376487321863289,4.376487321863289,4.376487321863289,4.381399232037338,True,True,False,4966
BTCUSD,2023-05-15,1684148400,True,0.0,4.3717232568026745,4.3717232568026745,4.3717232568026745,4.372160546155823,True,True,False,4015
BTCUSD,2023-05-15,1684152000,True,0.0,4.37956204379562,4.37956204379562,4.37956204379562,4.385033463797825,True,True,False,5979
BTCUSD,2023-05-15,1684155600,True,0.0,4.374253870759024,4.374253870759024,4.374253870759024,4.374507388558298,True,True,False,3877
BTCUSD,2023-05-15,1684159200,True,0.0,4.388410938114263,4.388410938114263,4.388410938114263,4.391392218691212,True,True,False,4713
BTCUSD,2023-05-15,1684162800,True,0.0,4.3785233430025725,4.3785233430025725,4.3785233430025725,4.472764135487277,True,True,False,4333
BTCUSD,2023-05-15,1684166400,True,0.0,4.381280977025658,4.381280977025658,4.381280977025658,4.390085221887323,True,True,False,7283
BTCUSD,2023-05-15,1684170000,True,0.0,4.3778444588345815,4.3778444588345815,4.3778444588345815,4.4538972782546145,True,True,False,10069
BTCUSD,2023-05-15,1684173600,True,0.0,4.377205701310426,4.377205701310426,4.377205701310426,4.396502016600502,True,True,False,6678
BTCUSD,2023-05-15,1684177200,True,0.0,4.363676033418486,4.363676033418486,4.363676033418486,4.374371551320179,True,True,False,8454
BTCUSD,2023-05-15,1684180800,True,0.0,4.36022745853242,4.36022745853242,4.36022745853242,4.37989732053143,True,True,False,7783
BTCUSD,2023-05-15,1684184400,True,0.0,4.372242526835549,4.372242526835549,4.372242526835549,4.377961292247285,True,True,False,6502
BTCUSD,2023-05-15,1684188000,True,0.0,4.375011393258837,4.375011393258837,4.375011393258837,4.376182028614822,True,True,False,6649
BTCUSD,2023-05-15,1684191600,True,0.0,4.386526054137042,4.386526054137042,4.386526054137042,4.386590565256341,True,True,False,3810
BTCUSD,2023-06-15,1686787200,True,0.0,4.777450433951747,4.777450433951747,4.777450433951747,4.94846408337196,True,True,False,5466
BTCUSD,2023-06-15,1686790800,True,0.0,4.793863854266538,4.793863854266538,4.793863854266538,4.7994608532859395,True,True,False,9816
BTCUSD,2023-06-15,1686794400,True,0.0,4.775857087252521,4.775857087252521,4.775857087252521,4.77725120623436,True,True,False,13787
BTCUSD,2023-06-15,1686798000,True,0.0,4.761870748542273,4.761870748542273,4.761870748542273,4.762437401067671,True,True,False,11899
BTCUSD,2023-06-15,1686801600,True,0.0,4.7871761126294885,4.7871761126294885,4.7871761126294885,4.7877230284662415,True,True,False,11832
BTCUSD,2023-06-15,1686805200,True,0.0,4.785204148771998,4.785204148771998,4.785204148771998,4.785649739503266,True,True,False,7987
BTCUSD,2023-06-15,1686808800,True,0.0,4.788314597057342,4.788314597057342,4.788314597057342,4.788314597057342,True,True,False,5027
BTCUSD,2023-06-15,1686812400,True,0.0,4.796212910286038,4.796212910286038,4.796212910286038,4.800135599782207,True,True,False,10446
BTCUSD,2023-06-15,1686816000,True,0.0,4.8011695649060115,4.8011695649060115,4.8011695649060115,4.803530576267793,True,True,False,9523
BTCUSD,2023-06-15,1686819600,True,0.0,4.824432857764864,4.824432857764864,4.824432857764864,4.826305838235369,True,True,False,9951
BTCUSD,2023-06-15,1686823200,True,0.0,4.816321550470233,4.816321550470233,4.816321550470233,4.817401275561519,True,True,False,11759
BTCUSD,2023-06-15,1686826800,True,0.0,4.820320543282261,4.820320543282261,4.820320543282261,4.821116463267416,True,True,False,9023
BTCUSD,2023-06-15,1686830400,True,0.0,4.821649204930136,4.821649204930136,4.821649204930136,4.824067142111744,True,True,False,8385
BTCUSD,2023-06-15,1686834000,True,0.0,4.823732765204808,4.823732765204808,4.823732765204808,4.823870338159269,True,True,False,8510
BTCUSD,2023-06-15,1686837600,True,0.0,4.804371978500435,4.804371978500435,4.804371978500435,4.806739699811052,True,True,False,11107
BTCUSD,2023-06-15,1686841200,True,0.0,4.819540344372222,4.819540344372222,4.819540344372222,4.820095791096885,True,True,False,10834
BTCUSD,2023-06-15,1686844800,True,0.0,4.800537660217945,4.800537660217945,4.800537660217945,4.804114746144663,True,True,False,13148
BTCUSD,2023-06-15,1686848400,True,0.0,4.803683464480564,4.803683464480564,4.803683464480564,4.871144076077829,True,True,False,9115
BTCUSD,2023-06-15,1686852000,True,0.0,4.814576612150948,4.814576612150948,4.814576612150948,4.816077455025176,True,True,False,9312
BTCUSD,2023-06-15,1686855600,True,0.0,4.805653370625203,4.805653370625203,4.805653370625203,4.805862910921961,True,True,False,9295
BTCUSD,2023-06-15,1686859200,True,0.0,4.778955392035632,4.778955392035632,4.778955392035632,4.780309919994074,True,True,False,12863
BTCUSD,2023-06-15,1686862800,True,0.0,4.730768048077219,4.730768048077219,4.730768048077219,4.735193348244584,True,True,False,15044
BTCUSD,2023-06-15,1686866400,True,0.0,4.717340866402548,4.717340866402548,4.717340866402548,4.724407716672103,True,True,False,16671
BTCUSD,2023-06-15,1686870000,True,0.0,4.730695313654955,4.730695313654955,4.730695313654955,4.737774146814743,True,True,False,12848
BTCUSD,2023-07-15,1689379200,True,0.0,3.9702955719624344,3.9702955719624344,3.9702955719624344,3.9714775733898224,True,True,False,2624
BTCUSD,2023-07-15,1689382800,True,0.0,3.9724642023043604,3.9724642023043604,3.9724642023043604,3.9724642023043604,True,True,False,1885
BTCUSD,2023-07-15,1689386400,True,0.0,3.9612654262404123,3.9612654262404123,3.9612654262404123,3.9612654262404123,True,True,False,2017
BTCUSD,2023-07-15,1689390000,True,0.0,3.9584429464670072,3.9584429464670072,3.9584429464670072,3.9584429464670072,True,True,False,2070
BTCUSD,2023-07-15,1689393600,True,0.0,3.957398604027642,3.957398604027642,3.957398604027642,3.957398604027642,True,True,False,1327
BTCUSD,2023-07-15,1689397200,True,0.0,3.9632932985664437,3.9632932985664437,3.9632932985664437,3.9632932985664437,True,True,False,936
BTCUSD,2023-07-15,1689400800,True,0.0,3.963528927981028,3.963528927981028,3.963528927981028,3.963528927981028,True,True,False,1103
BTCUSD,2023-07-15,1689404400,True,0.0,3.9626258340089056,3.9626258340089056,3.9626258340089056,3.9626258340089056,True,True,False,675
BTCUSD,2023-07-15,1689408000,True,0.0,3.963136227853912,3.963136227853912,3.963136227853912,3.963136227853912,True,True,False,732
BTCUSD,2023-07-15,1689411600,True,0.0,3.9604287164085514,3.9604287164085514,3.9604287164085514,3.9604287164085514,True,True,False,993
BTCUSD,2023-07-15,1689415200,True,0.0,3.9580904192772195,3.9580904192772195,3.9580904192772195,3.9580904192772195,True,True,False,930
BTCUSD,2023-07-15,1689418800,True,0.0,3.9601934554502987,3.9601934554502987,3.9601934554502987,3.9601934554502987,True,True,False,806
BTCUSD,2023-07-15,1689422400,True,0.0,3.955885285919851,3.955885285919851,3.955885285919851,3.955885285919851,True,True,False,648
BTCUSD,2023-07-15,1689426000,True,0.0,3.959082878451207,3.959082878451207,3.959082878451207,3.959082878451207,True,True,False,934
BTCUSD,2023-07-15,1689429600,True,0.0,3.960598644485114,3.960598644485114,3.960598644485114,3.960598644485114,True,True,False,884
BTCUSD,2023-07-15,1689433200,True,0.0,3.9563287247598584,3.9563287247598584,3.9563287247598584,3.9563287247598584,True,True,False,573
BTCUSD,2023-07-15,1689436800,True,0.0,3.9590175697900567,3.9590175697900567,3.9590175697900567,3.9590175697900567,True,True,False,1137
BTCUSD,2023-07-15,1689440400,True,0.0,3.9640657440303646,3.9640657440303646,3.9640657440303646,3.9640657440303646,True,True,False,933
BTCUSD,2023-07-15,1689444000,True,0.0,3.9616446767875684,3.9616446767875684,3.9616446767875684,3.9616446767875684,True,True,False,1134
BTCUSD,2023-07-15,1689447600,True,0.0,3.964458628396426,3.964458628396426,3.964458628396426,3.964458628396426,True,True,False,1350
BTCUSD,2023-07-15,1689451200,True,0.0,3.964091933898767,3.964091933898767,3.964091933898767,3.964091933898767,True,True,False,706
BTCUSD,2023-07-15,1689454800,True,0.0,3.9599451547596063,3.9599451547596063,3.9599451547596063,3.9599451547596063,True,True,False,923
BTCUSD,2023-07-15,1689458400,True,0.0,3.9591220646821568,3.9591220646821568,3.9591220646821568,3.9591220646821568,True,True,False,613
BTCUSD,2023-07-15,1689462000,True,0.0,3.9610562156399,3.9610562156399,3.9610562156399,3.9610562156399,True,True,False,565
BTCUSD,2023-08-15,1692057600,True,0.0,4.082986704774543,4.082986704774543,4.082986704774543,4.082986704774543,True,True,False,426
BTCUSD,2023-08-15,1692061200,True,0.0,4.077963872638391,4.077963872638391,4.077963872638391,4.077963872638391,True,True,False,767
BTCUSD,2023-08-15,1692064800,True,0.0,4.078920309793998,4.078920309793998,4.078920309793998,4.078920309793998,True,True,False,192
BTCUSD,2023-08-15,1692068400,True,0.0,4.078310356019501,4.078310356019501,4.078310356019501,4.078310356019501,True,True,False,587
BTCUSD,2023-08-15,1692072000,True,0.0,4.081833968001823,4.081833968001823,4.081833968001823,4.081833968001823,True,True,False,640
BTCUSD,2023-08-15,1692075600,True,0.0,4.08547494497376,4.08547494497376,4.08547494497376,4.08547494497376,True,True,False,569
BTCUSD,2023-08-15,1692079200,True,0.0,4.083445202717533,4.083445202717533,4.083445202717533,4.083445202717533,True,True,False,393
BTCUSD,2023-08-15,1692082800,True,0.0,4.086309670762625,4.086309670762625,4.086309670762625,4.086309670762625,True,True,False,380
BTCUSD,2023-08-15,1692086400,True,0.0,4.0871447377160015,4.0871447377160015,4.0871447377160015,4.0871447377160015,True,True,False,365
BTCUSD,2023-08-15,1692090000,True,0.0,4.086671491209399,4.086671491209399,4.086671491209399,4.086671491209399,True,True,False,394
BTCUSD,2023-08-15,1692093600,True,0.0,4.082070017705979,4.082070017705979,4.082070017705979,4.082070017705979,True,True,False,626
BTCUSD,2023-08-15,1692097200,True,0.0,4.079821711791195,4.079821711791195,4.079821711791195,4.079821711791195,True,True,False,691
BTCUSD,2023-08-15,1692100800,True,0.0,4.080043656467124,4.080043656467124,4.080043656467124,4.080043656467124,True,True,False,546
BTCUSD,2023-08-15,1692104400,True,0.0,4.08277833065401,4.08277833065401,4.08277833065401,4.08277833065401,True,True,False,520
BTCUSD,2023-08-15,1692108000,True,0.0,4.087604170037521,4.087604170037521,4.087604170037521,4.087604170037521,True,True,False,676
BTCUSD,2023-08-15,1692111600,True,0.0,4.088189051489038,4.088189051489038,4.088189051489038,4.088189051489038,True,True,False,664
BTCUSD,2023-08-15,1692115200,True,0.0,4.087297870347506,4.087297870347506,4.087297870347506,4.087297870347506,True,True,False,873
BTCUSD,2023-08-15,1692118800,True,0.0,4.075733929296206,4.075733929296206,4.075733929296206,4.075733929296206,True,True,False,1768
BTCUSD,2023-08-15,1692122400,True,0.0,4.093446562613529,4.093446562613529,4.093446562613529,4.093446562613529,True,True,False,2123
BTCUSD,2023-08-15,1692126000,True,0.0,4.099487734845133,4.099487734845133,4.099487734845133,4.099487734845133,True,True,False,1607
BTCUSD,2023-08-15,1692129600,True,0.0,4.09239956143118,4.09239956143118,4.09239956143118,4.09239956143118,True,True,False,880
BTCUSD,2023-08-15,1692133200,True,0.0,4.0935303458521455,4.0935303458521455,4.0935303458521455,4.0935303458521455,True,True,False,650
BTCUSD,2023-08-15,1692136800,True,0.0,4.113470071934308,4.113470071934308,4.113470071934308,4.115503032178995,True,True,False,4645
BTCUSD,2023-08-15,1692140400,True,0.0,4.110736387039534,4.110736387039534,4.110736387039534,4.110736387039534,True,True,False,1338
BTCUSD,2023-09-15,1694736000,True,0.0,4.524076569995947,4.524076569995947,4.524076569995947,4.525426686399034,True,True,False,1797
BTCUSD,2023-09-15,1694739600,True,0.0,4.513322764635859,4.513322764635859,4.513322764635859,4.513322764635859,True,True,False,1527
BTCUSD,2023-09-15,1694743200,True,0.0,4.526533976352632,4.526533976352632,4.526533976352632,4.526533976352632,True,True,False,2107
BTCUSD,2023-09-15,1694746800,True,0.0,4.534624693676655,4.534624693676655,4.534624693676655,4.534624693676655,True,True,False,1886
BTCUSD,2023-09-15,1694750400,True,0.0,4.530019875462203,4.530019875462203,4.530019875462203,4.530019875462203,True,True,False,1997
BTCUSD,2023-09-15,1694754000,True,0.0,4.511948202834631,4.511948202834631,4.511948202834631,4.511948202834631,True,True,False,2310
BTCUSD,2023-09-15,1694757600,True,0.0,4.510828808408185,4.510828808408185,4.510828808408185,4.510828808408185,True,True,False,1159
BTCUSD,2023-09-15,1694761200,True,0.0,4.506864518019008,4.506864518019008,4.506864518019008,4.506864518019008,True,True,False,1407
BTCUSD,2023-09-15,1694764800,True,0.0,4.515139828236556,4.515139828236556,4.515139828236556,4.515139828236556,True,True,False,1237
BTCUSD,2023-09-15,1694768400,True,0.0,4.5175535188918445,4.5175535188918445,4.5175535188918445,4.5175535188918445,True,True,False,995
BTCUSD,2023-09-15,1694772000,True,0.0,4.519016586673796,4.519016586673796,4.519016586673796,4.519016586673796,True,True,False,1156
BTCUSD,2023-09-15,1694775600,True,0.0,4.508066621711224,4.508066621711224,4.508066621711224,4.508066621711224,True,True,False,1337
BTCUSD,2023-09-15,1694779200,True,0.0,4.511084863280296,4.511084863280296,4.511084863280296,4.511084863280296,True,True,False,2142
BTCUSD,2023-09-15,1694782800,True,0.0,4.506881444605732,4.506881444605732,4.506881444605732,4.506881444605732,True,True,False,1284
BTCUSD,2023-09-15,1694786400,True,0.0,4.542985157688908,4.542985157688908,4.542985157688908,4.543003656000708,True,True,False,3124
BTCUSD,2023-09-15,1694790000,True,0.0,4.553656301406511,4.553656301406511,4.553656301406511,4.55365630140651,True,True,False,3848
BTCUSD,2023-09-15,1694793600,True,0.0,4.553742702152972,4.553742702152972,4.553742702152972,4.553775914848464,True,True,False,2932
BTCUSD,2023-09-15,1694797200,True,0.0,4.575428803468175,4.575428803468175,4.575428803468175,4.57550056525715,True,True,False,4889
BTCUSD,2023-09-15,1694800800,True,0.0,4.560821403934849,4.560821403934849,4.560821403934849,4.56082140393485,True,True,False,2810
BTCUSD,2023-09-15,1694804400,True,0.0,4.5513419821473615,4.5513419821473615,4.5513419821473615,4.5513419821473615,True,True,False,2039
BTCUSD,2023-09-15,1694808000,True,0.0,4.5588288368718075,4.5588288368718075,4.5588288368718075,4.5588288368718075,True,True,False,1261
BTCUSD,2023-09-15,1694811600,True,0.0,4.556924531633601,4.556924531633601,4.556924531633601,4.556924531633601,True,True,False,1418
BTCUSD,2023-09-15,1694815200,True,0.0,4.547702557514225,4.547702557514225,4.547702557514225,4.547702557514225,True,True,False,1671
BTCUSD,2023-09-15,1694818800,True,0.0,4.5450052097122215,4.5450052097122215,4.5450052097122215,4.5450052097122215,True,True,False,1164
BTCUSD,2023-10-15,1697331600,True,0.0,4.4721635768364285,4.4721635768364285,4.4721635768364285,4.4721635768364285,True,True,False,302
BTCUSD,2023-10-15,1697335200,True,0.0,4.471546987574689,4.471546987574689,4.471546987574689,4.471546987574689,True,True,False,230
BTCUSD,2023-10-15,1697338800,True,0.0,4.471780271623386,4.471780271623386,4.471780271623386,4.471780271623388,True,True,False,418
BTCUSD,2023-10-15,1697342400,True,0.0,4.464858770936003,4.464858770936003,4.464858770936003,4.464858770936003,True,True,False,510
BTCUSD,2023-10-15,1697346000,True,0.0,4.465855741694904,4.465855741694904,4.465855741694904,4.465855741694903,True,True,False,300
BTCUSD,2023-10-15,1697349600,True,0.0,4.465706167698431,4.465706167698431,4.465706167698431,4.465706167698431,True,True,False,442
BTCUSD,2023-10-15,1697353200,True,0.0,4.465423666373313,4.465423666373313,4.465423666373313,4.465423666373313,True,True,False,239
BTCUSD,2023-10-15,1697356800,True,0.0,4.46622140920451,4.46622140920451,4.46622140920451,4.466221409204511,True,True,False,196
BTCUSD,2023-10-15,1697360400,True,0.0,4.46620478665498,4.46620478665498,4.46620478665498,4.46620478665498,True,True,False,194
BTCUSD,2023-10-15,1697364000,True,0.0,4.465506751288019,4.465506751288019,4.465506751288019,4.465506751288021,True,True,False,225
BTCUSD,2023-10-15,1697367600,True,0.0,4.46180416769691,4.46180416769691,4.46180416769691,4.46180416769691,True,True,False,509
BTCUSD,2023-10-15,1697371200,True,0.0,4.4625674266047115,4.4625674266047115,4.4625674266047115,4.4625674266047115,True,True,False,558
BTCUSD,2023-10-15,1697374800,True,0.0,4.464144549000497,4.464144549000497,4.464144549000497,4.464144549000497,True,True,False,174
BTCUSD,2023-10-15,1697378400,True,0.0,4.4708639385703295,4.4708639385703295,4.4708639385703295,4.4708639385703295,True,True,False,651
BTCUSD,2023-10-15,1697382000,True,0.0,4.473564032545179,4.473564032545179,4.473564032545179,4.473564032545179,True,True,False,476
BTCUSD,2023-10-15,1697385600,True,0.0,4.469315356753787,4.469315356753787,4.469315356753787,4.469315356753786,True,True,False,1550
BTCUSD,2023-10-15,1697389200,True,0.0,4.467302140396138,4.467302140396138,4.467302140396138,4.4673021403961375,True,True,False,777
BTCUSD,2023-10-15,1697392800,True,0.0,4.463347547855454,4.463347547855454,4.463347547855454,4.463347547855454,True,True,False,672
BTCUSD,2023-10-15,1697396400,True,0.0,4.458323038941594,4.458323038941594,4.458323038941594,4.458323038941594,True,True,False,560
BTCUSD,2023-10-15,1697400000,True,0.0,4.449478947475755,4.449478947475755,4.449478947475755,4.449478947475754,True,True,False,1202
BTCUSD,2023-10-15,1697403600,True,0.0,4.436860699212272,4.436860699212272,4.436860699212272,4.436860699212272,True,True,False,1092
BTCUSD,2023-10-15,1697407200,True,0.0,4.4394870172751535,4.4394870172751535,4.4394870172751535,4.4394870172751535,True,True,False,1222
BTCUSD,2023-10-15,1697410800,True,0.0,4.414434464961347,4.414434464961347,4.414434464961347,4.415723182589017,True,True,False,1748
BTCUSD,2023-11-15,1700006400,True,0.0,3.3688891509136005,3.3688891509136005,3.3688891509136005,3.369836721208991,True,True,False,4706
BTCUSD,2023-11-15,1700010000,True,0.0,3.3745164950584425,3.3745164950584425,3.3745164950584425,3.374516495058441,True,True,False,4918
BTCUSD,2023-11-15,1700013600,True,0.0,3.3791346880847484,3.3791346880847484,3.3791346880847484,3.3791346880847484,True,True,False,4564
BTCUSD,2023-11-15,1700017200,True,0.0,3.385579406648996,3.385579406648996,3.385579406648996,3.3855794937518677,True,True,False,5340
BTCUSD,2023-11-15,1700020800,True,0.0,3.3800579398265187,3.3800579398265187,3.3800579398265187,3.3800579398265187,True,True,False,4254
BTCUSD,2023-11-15,1700024400,True,0.0,3.388985176861252,3.388985176861252,3.388985176861252,3.388985176861251,True,True,False,3908
BTCUSD,2023-11-15,1700028000,True,0.0,3.3710185111053987,3.3710185111053987,3.3710185111053987,3.3710185111053987,True,True,False,3161
BTCUSD,2023-11-15,1700031600,True,0.0,3.368955357130324,3.368955357130324,3.368955357130324,3.368955357130324,True,True,False,2829
BTCUSD,2023-11-15,1700035200,True,0.0,3.3708670010379462,3.3708670010379462,3.3708670010379462,3.3708670010379462,True,True,False,3031
BTCUSD,2023-11-15,1700038800,True,0.0,3.371094271246673,3.371094271246673,3.371094271246673,3.371094271246672,True,True,False,3494
BTCUSD,2023-11-15,1700042400,True,0.0,3.35085551529875,3.35085551529875,3.35085551529875,3.350891682733148,True,True,False,4180
BTCUSD,2023-11-15,1700046000,True,0.0,3.3519599887709344,3.3519599887709344,3.3519599887709344,3.3519599887709344,True,True,False,4405
BTCUSD,2023-11-15,1700049600,True,0.0,3.3439289437392317,3.3439289437392317,3.3439289437392317,3.3439289437392317,True,True,False,2581
BTCUSD,2023-11-15,1700053200,True,0.0,3.3098755100656074,3.3098755100656074,3.3098755100656074,3.3099860005265374,True,True,False,8006
BTCUSD,2023-11-15,1700056800,True,0.0,3.3149308629731893,3.3149308629731893,3.3149308629731893,3.3150575977014287,True,True,False,7200
BTCUSD,2023-11-15,1700060400,True,0.0,3.322907710391979,3.322907710391979,3.322907710391979,3.322907710391979,True,True,False,6659
BTCUSD,2023-11-15,1700064000,True,0.0,3.3220797880513095,3.3220797880513095,3.3220797880513095,3.3220797880513095,True,True,False,6775
BTCUSD,2023-11-15,1700067600,True,0.0,3.295607778732894,3.295607778732894,3.295607778732894,3.2956077787328932,True,True,False,7620
BTCUSD,2023-11-15,1700071200,True,0.0,3.298701548602932,3.298701548602932,3.298701548602932,3.298701548602932,True,True,False,6649
BTCUSD,2023-11-15,1700074800,True,0.0,3.2877658124411804,3.2877658124411804,3.2877658124411804,3.2878235104627036,True,True,False,4989
BTCUSD,2023-11-15,1700078400,True,0.0,3.207446407579837,3.207446407579837,3.207446407579837,3.2211245334650997,True,True,False,14910
BTCUSD,2023-11-15,1700082000,True,0.0,3.1976013726236827,3.1976013726236827,3.1976013726236827,3.198033145904425,True,True,False,13117
BTCUSD,2023-11-15,1700085600,True,0.0,3.195845400978728,3.195845400978728,3.195845400978728,3.19584665933479,True,True,False,11764
BTCUSD,2023-11-15,1700089200,True,0.0,3.1892195873362468,3.1892195873362468,3.1892195873362468,3.189219587336247,True,True,False,8437
ETHUSD,2022-03-15,1647302400,False,0.7871598485515191,6.690858712678784,6.690858712678068,6.690858712679859,6.690858712678782,True,True,False,4837
ETHUSD,2022-03-15,1647306000,True,0.0,6.603480422622747,6.60348042262204,6.60348042262204,6.603839581682165,True,True,False,7977
ETHUSD,2022-03-15,1647309600,True,0.0,6.565303529429938,6.565303529429236,6.565303529429236,6.565524853623122,True,True,False,7103
ETHUSD,2022-03-15,1647313200,True,0.0,6.567789243506582,6.56778924350588,6.56778924350588,6.567789243506569,True,True,False,7291
ETHUSD,2022-03-15,1647316800,False,-9.789659917437534,6.683703558089247,6.683703558088532,6.683703558088532,6.683848372075367,True,True,False,9035
ETHUSD,2022-03-15,1647320400,False,3.3962219958069966,6.636295853876572,6.636295853875863,6.636295853875863,6.6362958538765655,True,True,False,6856
ETHUSD,2022-03-15,1647324000,True,0.0,6.68788430746958,6.687884307468864,6.687884307470655,6.687884307469604,True,True,False,6072
ETHUSD,2022-03-15,1647327600,True,0.0,6.677927485563893,6.677927485563178,6.677927485564965,6.6779274855639015,True,True,False,5209
ETHUSD,2022-03-15,1647331200,False,-3.5311288626629844,6.669910073918297,6.669910073917584,6.669910073919367,6.669910073918312,True,True,False,6018
ETHUSD,2022-03-15,1647334800,True,0.0,6.684281714950773,6.684281714950058,6.684281714951846,6.684281714950763,True,True,False,6324
ETHUSD,2022-03-15,1647338400,False,-0.03949681063340356,6.714457807532042,6.714457807531324,6.714457807531324,6.714457807532035,True,True,False,9581
ETHUSD,2022-03-15,1647342000,True,0.0,6.754850578731756,6.754850578731034,6.754850578731034,6.754850578731752,True,True,False,9870
ETHUSD,2022-03-15,1647345600,True,0.0,6.722529569244031,6.722529569243313,6.722529569243313,6.722529569244036,True,True,False,8019
ETHUSD,2022-03-15,1647349200,True,-1.7935709165169776e-12,6.704977065034333,6.704977065033615,6.7049770650354095,6.704977065034367,True,True,False,6876
ETHUSD,2022-03-15,1647352800,True,0.0,6.708151983048104,6.708151983047388,6.708151983047388,6.708151983048108,True,True,False,6642
ETHUSD,2022-03-15,1647356400,True,0.0,6.670040922662837,6.670040922662124,6.670040922662124,6.670040922662808,True,True,False,8313
ETHUSD,2022-03-15,1647360000,True,0.0,6.708602006266624,6.708602006265905,6.708602006265905,6.708602006266614,True,True,False,10013
ETHUSD,2022-03-15,1647363600,True,-1.7769885032822763e-12,6.642986374062655,6.642986374061944,6.642986374063721,6.643221338842267,True,True,False,10973
ETHUSD,2022-03-15,1647367200,False,0.2721300003876257,6.608871438012673,6.608871438011966,6.6088714380137334,6.608871438012674,True,True,False,10224
ETHUSD,2022-03-15,1647370800,False,7.415148418230858,6.531477881342257,6.531477881341559,6.531477881343306,6.5337313995299615,True,True,False,10109
ETHUSD,2022-03-15,1647374400,False,0.23073373327159447,6.537455776034456,6.537455776033757,6.537455776033757,6.53745577603444,True,True,False,7836
ETHUSD,2022-03-15,1647378000,True,0.0,6.46749323766516,6.467493237664468,6.467493237666197,6.469431954337042,True,True,False,8374
ETHUSD,2022-03-15,1647381600,False,0.22559274493711765,6.3917944398908135,6.391794439890129,6.39179443989184,6.391794439890814,True,True,False,10718
ETHUSD,2022-03-15,1647385200,False,0.19043483891186258,6.474784522979772,6.474784522979079,6.474784522980812,6.47478452297986,True,True,False,8503
ETHUSD,2022-04-15,1649980800,True,0.0,5.632141638423134,5.632141638422531,5.632141638422531,5.63214163842311,True,True,False,7176
ETHUSD,2022-04-15,1649984400,True,-1.5090689044924358e-12,5.641411945855718,5.641411945855116,5.641411945856625,5.641411945855712,True,True,False,9006
ETHUSD,2022-04-15,1649988000,True,-1.505427020334437e-12,5.627797346328028,5.627797346327426,5.62779734632893,5.627797346328033,True,True,False,6600
ETHUSD,2022-04-15,1649991600,True,0.0,5.6396340209263585,5.639634020925756,5.639634020925756,5.639634020926372,True,True,False,10806
ETHUSD,2022-04-15,1649995200,True,0.0,5.624055076040533,5.624055076039931,5.624055076039931,5.624055076040481,True,True,False,6176
ETHUSD,2022-04-15,1649998800,True,0.0,5.621544403587206,5.621544403586605,5.621544403586605,5.621544403587186,True,True,False,7563
ETHUSD,2022-04-15,1650002400,True,0.0,5.590762744472545,5.590762744471946,5.590762744471946,5.590762744472576,True,True,False,8329
ETHUSD,2022-04-15,1650006000,True,0.0,5.606601278305091,5.606601278304492,5.606601278304492,5.60682208333301,True,True,False,7517
ETHUSD,2022-04-15,1650009600,True,0.0,5.596099847588574,5.5960998475879755,5.5960998475879755,5.596099847588532,True,True,False,7085
ETHUSD,2022-04-15,1650013200,True,0.0,5.624520261507107,5.624520261506505,5.624520261506505,5.624520261507094,True,True,False,7492
ETHUSD,2022-04-15,1650016800,True,0.0,5.604808266103109,5.604808266102508,5.604808266102508,5.604808266103114,True,True,False,10349
ETHUSD,2022-04-15,1650020400,True,-1.5037046435280442e-12,5.621358517019489,5.621358517018888,5.621358517020392,5.621358517019461,True,True,False,9532
ETHUSD,2022-04-15,1650024000,True,0.0,5.6225112119488285,5.622511211948226,5.622511211948226,5.622511211948834,True,True,False,6529
ETHUSD,2022-04-15,1650027600,True,0.0,5.608858036503767,5.608858036503167,5.608858036503167,5.608858036503784,True,True,False,7382
ETHUSD,2022-04-15,1650031200,True,-1.5021548934247155e-12,5.615565024939715,5.615565024939114,5.615565024940616,5.615565024939767,True,True,False,6925
ETHUSD,2022-04-15,1650034800,True,0.0,5.627443386264404,5.627443386263802,5.627443386265307,5.627443386264421,True,True,False,6654
ETHUSD,2022-04-15,1650038400,True,0.0,5.655318327888703,5.655318327888098,5.655318327888098,5.655492792623041,True,True,False,9924
ETHUSD,2022-04-15,1650042000,True,-1.4982549663824355e-12,5.600985773496135,5.600985773495536,5.600985773497034,5.602857182798554,True,True,False,11931
ETHUSD,2022-04-15,1650045600,True,0.0,5.61437809203617,5.61437809203557,5.61437809203557,5.614378092036151,True,True,False,13460
ETHUSD,2022-04-15,1650049200,True,0.0,5.624724967492399,5.624724967491797,5.624724967491797,5.624724967492361,True,True,False,10266
ETHUSD,2022-04-15,1650052800,False,0.06598808914984843,5.608987577742218,5.608987577741618,5.608987577741618,5.608987577742195,True,True,False,9469
ETHUSD,2022-04-15,1650056400,True,-1.5012226110249773e-12,5.612079836787513,5.612079836786912,5.612079836788414,5.612079836787538,True,True,False,6339
ETHUSD,2022-04-15,1650060000,True,0.0,5.625655637072409,5.625655637071807,5.625655637071807,5.625655637072398,True,True,False,5981
ETHUSD,2022-04-15,1650063600,True,-1.5015745603769035e-12,5.613395542963938,5.613395542963338,5.613395542964839,5.613395542963997,True,True,False,5678
ETHUSD,2022-05-15,1652576400,True,0.0,8.276533592989288,8.276533592988404,8.276533592988404,8.27653359298928,True,True,False,8285
ETHUSD,2022-05-15,1652580000,True,0.0,8.277097757393395,8.277097757392509,8.277097757392509,8.277097757393408,True,True,False,8090
ETHUSD,2022-05-15,1652583600,True,-2.2175009308265588e-12,8.289771397362875,8.289771397361989,8.289771397364207,8.28984047911003,True,True,False,8271
ETHUSD,2022-05-15,1652587200,True,0.0,8.340324487683302,8.34032448768241,8.340324487683526,8.340324487683292,True,True,False,6223
ETHUSD,2022-05-15,1652590800,True,0.0,8.376282310277206,8.37628231027631,8.37628231027743,8.376282310277205,True,True,False,6684
ETHUSD,2022-05-15,1652594400,True,-1.1301215515533865e-12,8.449556149785778,8.449556149784875,8.449556149786005,8.449556149785776,True,True,False,7215
ETHUSD,2022-05-15,1652598000,True,-1.1296162409492658e-12,8.445778104568669,8.445778104567765,8.445778104568895,8.445778104568673,True,True,False,6344
ETHUSD,2022-05-15,1652601600,True,-1.1195599799264966e-12,8.370590668268568,8.370590668267672,8.370590668268791,8.370590668268568,True,True,False,7066
ETHUSD,2022-05-15,1652605200,True,0.0,8.357340202739241,8.357340202738348,8.357340202739465,8.35734020273924,True,True,False,6688
ETHUSD,2022-05-15,1652608800,True,0.0,8.354013612128062,8.354013612127169,8.354013612128286,8.354013612128067,True,True,False,7246
ETHUSD,2022-05-15,1652612400,True,-1.125389405282281e-12,8.41417541080974,8.41417541080884,8.414175410809966,8.414175410809731,True,True,False,7048
ETHUSD,2022-05-15,1652616000,True,-1.117886661700486e-12,8.358079804912585,8.35807980491169,8.358079804912808,8.358079804912592,True,True,False,7766
ETHUSD,2022-05-15,1652619600,True,0.0,8.280323030013736,8.28032303001285,8.28032303001285,8.280323030013742,True,True,False,6586
ETHUSD,2022-05-15,1652623200,True,0.0,8.17972294797215,8.179722947971275,8.179722947971275,8.179722947972161,True,True,False,8533
ETHUSD,2022-05-15,1652626800,True,0.0,8.163657318478679,8.163657318477805,8.163657318477805,8.163657318478686,True,True,False,9130
ETHUSD,2022-05-15,1652630400,True,0.0,8.220025917258187,8.220025917257308,8.220025917257308,8.220025917258187,True,True,False,8116
ETHUSD,2022-05-15,1652634000,True,0.0,8.225514578514957,8.225514578514076,8.225514578516277,8.225514578514963,True,True,False,7995
ETHUSD,2022-05-15,1652637600,True,0.0,8.249583881283636,8.249583881282753,8.249583881282753,8.24958388128364,True,True,False,8280
ETHUSD,2022-05-15,1652641200,True,0.0,8.167854208606997,8.167854208606123,8.167854208606123,8.167854208607004,True,True,False,7707
ETHUSD,2022-05-15,1652644800,True,0.0,8.229815168033461,8.229815168032582,8.229815168034783,8.229815168033454,True,True,False,7099
ETHUSD,2022-05-15,1652648400,True,0.0,8.14488309697202,8.14488309697115,8.144883096973329,8.144883096972023,True,True,False,7330
ETHUSD,2022-05-15,1652652000,True,0.0,8.086035416835125,8.08603541683426,8.08603541683426,8.086035416835125,True,True,False,6960
ETHUSD,2022-05-15,1652655600,True,0.0,8.002071124290994,8.002071124290138,8.002071124292277,8.002071124291112,True,True,False,7296
ETHUSD,2022-06-15,1655251200,True,0.0,14.55305014809869,14.553050148097132,14.553050148099077,14.553050148098716,True,True,False,8224
ETHUSD,2022-06-15,1655254800,True,-1.93450241154397e-12,14.463653689082493,14.463653689080944,14.463653689082879,14.463653689082498,True,True,False,8919
ETHUSD,2022-06-15,1655258400,True,0.0,14.079024737674644,14.079024737673137,14.079024737675022,14.079024737674642,True,True,False,9976
ETHUSD,2022-06-15,1655262000,True,0.0,14.264736731697083,14.264736731695558,14.264736731695558,14.264736731697088,True,True,False,9538
ETHUSD,2022-06-15,1655265600,True,0.0,13.936139689306062,13.936139689304573,13.936139689306435,13.936139689306087,True,True,False,9238
ETHUSD,2022-06-15,1655269200,True,0.0,14.12558475766313,14.125584757661619,14.125584757661619,14.125584757663123,True,True,False,8309
ETHUSD,2022-06-15,1655272800,True,0.0,14.511310285958174,14.511310285956622,14.511310285956622,14.511310285958174,True,True,False,9116
ETHUSD,2022-06-15,1655276400,True,0.0,14.967555622078024,14.967555622076425,14.967555622078425,14.967716683040313,True,True,False,11373
ETHUSD,2022-06-15,1655280000,True,0.0,15.153811183512653,15.153811183511033,15.15381118351306,15.158784069623152,True,True,False,11231
ETHUSD,2022-06-15,1655283600,True,0.0,14.977445728784888,14.977445728783286,14.97744572878529,14.977445728784895,True,True,False,10823
ETHUSD,2022-06-15,1655287200,True,0.0,15.560071027147748,15.560071027146083,15.560071027148163,15.56163068988347,True,True,False,10560
ETHUSD,2022-06-15,1655290800,True,0.0,16.521696875455564,16.521696875453795,16.52169687545601,16.52661548397315,True,True,False,11671
ETHUSD,2022-06-15,1655294400,True,-2.2077257543764643e-12,16.506456937566753,16.506456937564987,16.506456937567194,16.506711910545256,True,True,False,11506
ETHUSD,2022-06-15,1655298000,True,0.0,15.988713849047729,15.988713849046022,15.988713849046022,16.006772406401108,True,True,False,11273
ETHUSD,2022-06-15,1655301600,True,0.0,15.199334805582629,15.199334805581003,15.199334805583037,15.20367526362064,True,True,False,11132
ETHUSD,2022-06-15,1655305200,True,0.0,15.300979262672811,15.300979262671175,15.300979262673222,15.301080346121548,True,True,False,11059
ETHUSD,2022-06-15,1655308800,True,0.0,14.933108458288315,14.93310845828672,14.933108458288716,14.933257575055022,True,True,False,11252
ETHUSD,2022-06-15,1655312400,True,-2.0566938522087326e-12,15.377239875896626,15.377239875894979,15.377239875897038,15.378073968104113,True,True,False,11209
ETHUSD,2022-06-15,1655316000,True,0.0,15.190235359293744,15.19023535929212,15.190235359294151,15.190235359293743,True,True,False,10477
ETHUSD,2022-06-15,1655319600,True,0.0,15.777701467326239,15.777701467324553,15.777701467326661,15.777701467326246,True,True,False,10476
ETHUSD,2022-06-15,1655323200,True,-2.0427249857893974e-12,15.272799144723246,15.27279914472161,15.272799144723656,15.295927536162287,True,True,False,11100
ETHUSD,2022-06-15,1655326800,True,0.0,14.511558029159696,14.511558029158143,14.511558029158143,15.039869338057718,True,True,False,11879
ETHUSD,2022-06-15,1655330400,True,-1.9453932771200057e-12,14.545081195776788,14.545081195775234,14.545081195777179,14.548930498459658,True,True,False,11465
ETHUSD,2022-06-15,1655334000,True,-1.9207426670769233e-12,14.360776495632631,14.360776495631095,14.360776495633017,14.36077649563268,True,True,False,9647
ETHUSD,2022-07-15,1657843200,True,-1.9243677833628034e-12,14.387880326689515,14.387880326687977,14.3878803266899,14.387880326689483,True,True,False,4751
ETHUSD,2022-07-15,1657846800,True,-1.9160326238801374e-12,14.325561014249718,14.325561014248185,14.325561014250104,14.325561014249708,True,True,False,5224
ETHUSD,2022-07-15,1657850400,True,0.0,14.252657701465509,14.252657701463985,14.252657701463985,14.252657701465479,True,True,False,4261
ETHUSD,2022-07-15,1657854000,True,-1.9243352102984337e-12,14.387636788340933,14.387636788339394,14.38763678834132,14.38763678834091,True,True,False,5531
ETHUSD,2022-07-15,1657857600,True,0.0,14.061207609594707,14.061207609593202,14.061207609593202,14.061207609594698,True,True,False,4803
ETHUSD,2022-07-15,1657861200,True,-1.9024697773771664e-12,14.224155963686565,14.224155963685043,14.224155963686947,14.224155963686572,True,True,False,7715
ETHUSD,2022-07-15,1657864800,True,0.0,14.176826725820172,14.176826725818657,14.17682672582055,14.176826725820147,True,True,False,5206
ETHUSD,2022-07-15,1657868400,True,0.0,14.259591672398464,14.25959167239694,14.259591672398846,14.259591672398493,True,True,False,5663
ETHUSD,2022-07-15,1657872000,True,0.0,14.086024178246207,14.0860241782447,14.086024178246584,14.08602417824618,True,True,False,3900
ETHUSD,2022-07-15,1657875600,True,-1.8991962599980958e-12,14.199680924816866,14.199680924815345,14.199680924817246,14.199680924816843,True,True,False,4342
ETHUSD,2022-07-15,1657879200,True,-1.8772750389553417e-12,14.035782990282284,14.035782990280783,14.035782990282659,14.035782990282325,True,True,False,6871
ETHUSD,2022-07-15,1657882800,True,0.0,14.110577122604315,14.110577122602805,14.110577122602805,14.110577122604328,True,True,False,7011
ETHUSD,2022-07-15,1657886400,True,0.0,13.957192469684157,13.957192469682663,13.957192469682663,13.957192469684177,True,True,False,6556
ETHUSD,2022-07-15,1657890000,True,0.0,13.940368025715879,13.940368025714388,13.940368025714388,13.940368025715896,True,True,False,4723
ETHUSD,2022-07-15,1657893600,True,-1.8784071794460952e-12,14.044247641392527,14.044247641391024,14.044247641392904,14.044247641392522,True,True,False,5955
ETHUSD,2022-07-15,1657897200,True,0.0,13.856172925038104,13.856172925036624,13.856172925038477,13.856172925038111,True,True,False,7290
ETHUSD,2022-07-15,1657900800,True,0.0,13.91970784989642,13.919707849894934,13.919707849896794,13.919707849896403,True,True,False,7476
ETHUSD,2022-07-15,1657904400,True,-1.8527992848966505e-12,13.852785632216689,13.852785632215205,13.85278563221706,13.852785632216694,True,True,False,7968
ETHUSD,2022-07-15,1657908000,True,0.0,13.911392612232206,13.911392612230719,13.911392612230719,13.911392612232222,True,True,False,5899
ETHUSD,2022-07-15,1657911600,True,0.0,14.032770646745638,14.032770646744137,14.032770646746012,14.032770646745629,True,True,False,6515
ETHUSD,2022-07-15,1657915200,True,-1.8623142830261775e-12,13.923926219572124,13.923926219570633,13.923926219572497,13.923926219572124,True,True,False,6489
ETHUSD,2022-07-15,1657918800,True,0.0,13.549055551127761,13.549055551126312,13.549055551128125,13.549055551127744,True,True,False,6774
ETHUSD,2022-07-15,1657922400,True,-1.7964404826081587e-12,13.431408954799357,13.431408954797922,13.431408954799718,13.431408954799338,True,True,False,7023
ETHUSD,2022-07-15,1657926000,True,-1.8073788021210307e-12,13.513191259349933,13.513191259348488,13.513191259350295,13.513370604490502,True,True,False,7075
ETHUSD,2022-08-15,1660521600,True,0.0,8.727212990199853,8.72721299019892,8.727212990200087,8.72721299019986,True,True,False,3721
ETHUSD,2022-08-15,1660525200,True,0.0,8.796804172789932,8.796804172788992,8.796804172788992,8.796804172789935,True,True,False,5809
ETHUSD,2022-08-15,1660528800,True,-1.174851320404849e-12,8.783986276313204,8.783986276312266,8.78398627631344,8.783986276313206,True,True,False,4477
ETHUSD,2022-08-15,1660532400,True,0.0,8.686499136459792,8.686499136458863,8.686499136460025,8.6864991364598,True,True,False,6321
ETHUSD,2022-08-15,1660536000,True,0.0,8.614268268582752,8.61426826858183,8.614268268582983,8.614268268582762,True,True,False,6365
ETHUSD,2022-08-15,1660539600,True,0.0,8.498342823149486,8.498342823148578,8.498342823149713,8.498342823149482,True,True,False,7362
ETHUSD,2022-08-15,1660543200,True,0.0,8.557075694884883,8.557075694883967,8.557075694885112,8.55707569488488,True,True,False,7864
ETHUSD,2022-08-15,1660546800,True,-1.146597254924192e-12,8.572739696323302,8.572739696322385,8.57273969632353,8.572739696323296,True,True,False,5960
ETHUSD,2022-08-15,1660550400,True,0.0,8.628434243717738,8.628434243716816,8.628434243716816,8.628434243717749,True,True,False,6200
ETHUSD,2022-08-15,1660554000,True,0.0,8.915133176357067,8.915133176356113,8.915133176357307,8.91513317635706,True,True,False,9103
ETHUSD,2022-08-15,1660557600,True,0.0,8.946332529917589,8.946332529916633,8.946332529917829,8.946332529917584,True,True,False,8898
ETHUSD,2022-08-15,1660561200,True,0.0,8.924493534991889,8.924493534990935,8.924493534992129,8.924493534991898,True,True,False,7526
ETHUSD,2022-08-15,1660564800,True,0.0,8.901036185330046,8.901036185329094,8.901036185330284,8.901036185330042,True,True,False,6543
ETHUSD,2022-08-15,1660568400,True,0.0,8.915133176357067,8.915133176356113,8.915133176357307,8.91513317635704,True,True,False,6111
ETHUSD,2022-08-15,1660572000,True,-1.202329189963736e-12,8.989429488501461,8.9894294885005,8.989429488501703,8.989429488501447,True,True,False,6217
ETHUSD,2022-08-15,1660575600,True,0.0,9.057054113234486,9.057054113233518,9.057054113233518,9.057054113234482,True,True,False,6654
ETHUSD,2022-08-15,1660579200,True,-1.1865368079989982e-12,8.871354916818,8.871354916817051,8.871354916818238,8.871354916817998,True,True,False,8806
ETHUSD,2022-08-15,1660582800,True,0.0,8.935047460869749,8.935047460868793,8.935047460869988,8.935047460869756,True,True,False,8240
ETHUSD,2022-08-15,1660586400,True,-1.1858313538151894e-12,8.866080462287865,8.866080462286916,8.866080462288103,8.866080462287867,True,True,False,7411
ETHUSD,2022-08-15,1660590000,True,0.0,8.813953006076442,8.8139530060755,8.8139530060755,8.813953006076432,True,True,False,7072
ETHUSD,2022-08-15,1660593600,True,0.0,8.933779671972632,8.933779671971676,8.933779671972871,8.933779671972628,True,True,False,7125
ETHUSD,2022-08-15,1660597200,True,0.0,8.96392809875085,8.963928098749891,8.963928098749891,8.963928098750841,True,True,False,6211
ETHUSD,2022-08-15,1660600800,True,0.0,8.996327381645376,8.996327381644415,8.996327381645616,8.99632738164538,True,True,False,6782
ETHUSD,2022-08-15,1660604400,True,0.0,8.943932068205374,8.943932068204417,8.943932068204417,8.943932068205289,True,True,False,5137
ETHUSD,2022-09-15,1663200000,True,0.0,10.511021114786534,10.51102111478541,10.511021114786814,10.511021114786534,True,True,False,5505
ETHUSD,2022-09-15,1663203600,True,-1.389364542313505e-12,10.387832792554978,10.387832792553866,10.387832792555255,10.387832792554976,True,True,False,8511
ETHUSD,2022-09-15,1663207200,True,0.0,10.38408913213448,10.38408913213337,10.384089132134758,10.384089132134482,True,True,False,5827
ETHUSD,2022-09-15,1663210800,True,-1.4009813885938783e-12,10.474688223985805,10.474688223984684,10.474688223986083,10.47468822398581,True,True,False,7706
ETHUSD,2022-09-15,1663214400,True,0.0,10.47288139769843,10.472881397697309,10.472881397697309,10.472881397698451,True,True,False,7171
ETHUSD,2022-09-15,1663218000,True,0.0,10.560121255039352,10.560121255038222,10.560121255039634,10.560121255039364,True,True,False,7042
ETHUSD,2022-09-15,1663221600,True,0.0,10.63031515757879,10.630315157577654,10.630315157579075,10.630315157578785,True,True,False,8619
ETHUSD,2022-09-15,1663225200,True,-1.4254419785671964e-12,10.65757220505169,10.657572205050549,10.657572205051974,10.657572205051695,True,True,False,7383
ETHUSD,2022-09-15,1663228800,True,-1.4102442190859768e-12,10.54394343484463,10.543943434843502,10.543943434844913,10.543943434844646,True,True,False,8530
ETHUSD,2022-09-15,1663232400,True,0.0,10.594672749255256,10.594672749254125,10.59467274925554,10.637950465887497,True,True,False,10965
ETHUSD,2022-09-15,1663236000,True,0.0,10.369963705127033,10.369963705125922,10.36996370512731,10.369963705127033,True,True,False,10745
ETHUSD,2022-09-15,1663239600,True,-1.4141912889863917e-12,10.573454409752456,10.573454409751324,10.573454409752738,10.573454409752467,True,True,False,9589
ETHUSD,2022-09-15,1663243200,True,0.0,10.701987422017135,10.701987422015991,10.701987422015991,10.70198742201713,True,True,False,8242
ETHUSD,2022-09-15,1663246800,True,0.0,10.735644233380276,10.735644233379126,10.735644233379126,10.735644233380265,True,True,False,8033
ETHUSD,2022-09-15,1663250400,True,0.0,10.684700765527385,10.684700765526243,10.684700765527671,10.684700765527383,True,True,False,7651
ETHUSD,2022-09-15,1663254000,True,0.0,10.704615578364084,10.704615578362938,10.70461557836437,10.704615578364086,True,True,False,8041
ETHUSD,2022-09-15,1663257600,True,0.0,10.717032516737483,10.717032516736335,10.717032516736335,10.717032516737481,True,True,False,8671
ETHUSD,2022-09-15,1663261200,True,-1.525414274024246e-12,11.405032973962978,11.40503297396176,11.405032973963284,11.408421841585405,True,True,False,10202
ETHUSD,2022-09-15,1663264800,True,0.0,11.391124303968803,11.391124303967585,11.391124303969107,11.391124303968798,True,True,False,10396
ETHUSD,2022-09-15,1663268400,True,-1.5069036334448866e-12,11.266634854991782,11.266634854990576,11.266634854992082,11.266634854991775,True,True,False,9012
ETHUSD,2022-09-15,1663272000,True,-1.5084832179608044e-12,11.278444901479466,11.278444901478258,11.278444901479768,11.27844490147947,True,True,False,8283
ETHUSD,2022-09-15,1663275600,True,-1.5177976398867328e-12,11.348085844931743,11.348085844930528,11.348085844932047,11.348085844931758,True,True,False,8080
ETHUSD,2022-09-15,1663279200,False,11.300946203484267,11.367815707646528,11.367815707645313,11.367815707646832,11.367815707646804,True,True,False,896
ETHUSD,2022-10-15,1665792000,True,0.0,13.163498393278875,13.163498393277465,13.163498393279225,13.16349839327889,True,True,False,2116
ETHUSD,2022-10-15,1665795600,True,0.0,13.122853062642326,13.122853062640923,13.122853062642678,13.12285306264235,True,True,False,6114
ETHUSD,2022-10-15,1665799200,True,0.0,13.117283950617285,13.117283950615882,13.117283950615882,13.117283950617262,True,True,False,6184
ETHUSD,2022-10-15,1665802800,True,-1.754846262942772e-12,13.120422323240897,13.120422323239493,13.120422323241248,13.120422323240874,True,True,False,5722
ETHUSD,2022-10-15,1665806400,True,0.0,13.099191702817869,13.099191702816466,13.099191702818217,13.099191702817853,True,True,False,4963
ETHUSD,2022-10-15,1665810000,True,0.0,13.089811506714305,13.089811506712904,13.089811506714657,13.089811506714252,True,True,False,5332
ETHUSD,2022-10-15,1665813600,True,0.0,13.07129236636526,13.07129236636386,13.071292366365608,13.071292366365245,True,True,False,4463
ETHUSD,2022-10-15,1665817200,True,-1.7513184583165064e-12,13.09404606023261,13.094046060231209,13.09404606023296,13.094046060232582,True,True,False,3317
ETHUSD,2022-10-15,1665820800,True,0.0,13.125588721258822,13.125588721257417,13.125588721259174,13.125588721258849,True,True,False,4889
ETHUSD,2022-10-15,1665824400,True,-1.7579804500087527e-12,13.143855634075058,13.143855634073653,13.143855634075411,13.143855634075043,True,True,False,4686
ETHUSD,2022-10-15,1665828000,True,0.0,13.129745051244623,13.12974505124322,13.12974505124322,13.12974505124451,True,True,False,6148
ETHUSD,2022-10-15,1665831600,True,0.0,13.279797522146016,13.279797522144595,13.27979752214637,13.27979752214603,True,True,False,10451
ETHUSD,2022-10-15,1665835200,True,-1.7767871550393615e-12,13.284467331931952,13.28446733193053,13.284467331932309,13.284467331931875,True,True,False,2808
ETHUSD,2022-10-15,1665860400,True,0.0,13.228336653386455,13.228336653385039,13.228336653386808,13.228336653386426,True,True,False,5243
ETHUSD,2022-10-15,1665864000,True,-1.7726868237105373e-12,13.25381047051027,13.253810470508853,13.253810470510626,13.253810470510285,True,True,False,5803
ETHUSD,2022-10-15,1665867600,True,0.0,13.249575234205729,13.24957523420431,13.249575234206082,13.249575234205832,True,True,False,5675
ETHUSD,2022-10-15,1665871200,True,-1.7731706733465807e-12,13.25742805895656,13.257428058955142,13.257428058956915,13.25742805895647,True,True,False,5885
ETHUSD,2022-10-15,1665874800,True,0.0,13.276167717045817,13.276167717044396,13.276167717044396,13.276167717045738,True,True,False,5000
ETHUSD,2022-11-15,1668470400,True,-1.866579720089252e-12,13.955817523581226,13.955817523579734,13.955817523581599,13.956110050091489,True,True,False,8483
ETHUSD,2022-11-15,1668474000,True,-1.831930158183263e-12,13.696753869332968,13.696753869331502,13.696753869333333,13.698177269648697,True,True,False,11289
ETHUSD,2022-11-15,1668477600,True,0.0,13.715318397082672,13.715318397081203,13.715318397081203,13.72078805651179,True,True,False,7620
ETHUSD,2022-11-15,1668481200,True,0.0,13.530184249273749,13.530184249272303,13.530184249274111,13.530202114242336,True,True,False,7561
ETHUSD,2022-11-15,1668484800,True,-1.8075368500638516e-12,13.514372933095904,13.514372933094458,13.514372933096263,13.514372933095922,True,True,False,7824
ETHUSD,2022-11-15,1668488400,True,-1.8114681876308134e-12,13.543766282395493,13.543766282394044,13.543766282395856,13.543766282395493,True,True,False,6502
ETHUSD,2022-11-15,1668492000,True,0.0,13.523618602135143,13.523618602133693,13.523618602135505,13.523618602135151,True,True,False,4369
ETHUSD,2022-11-15,1668495600,True,-1.8235117125930873e-12,13.633811853396422,13.633811853394961,13.633811853396786,13.633811853396413,True,True,False,5561
ETHUSD,2022-11-15,1668499200,True,0.0,13.546140545192317,13.546140545190868,13.546140545192682,13.546404827948216,True,True,False,6976
ETHUSD,2022-11-15,1668502800,True,0.0,13.435867443312496,13.435867443311057,13.435867443311057,13.435875786789163,True,True,False,8133
ETHUSD,2022-11-15,1668506400,True,-1.7867844014933402e-12,13.359213535240816,13.359213535239387,13.359213535241174,13.36048717477951,True,True,False,8060
ETHUSD,2022-11-15,1668510000,True,0.0,13.501922038313689,13.501922038312244,13.501922038314051,13.501922038313685,True,True,False,10545
ETHUSD,2022-11-15,1668513600,True,-1.7969941946039044e-12,13.435548881688135,13.435548881686698,13.435548881688495,13.435548881688117,True,True,False,10149
ETHUSD,2022-11-15,1668517200,True,0.0,13.500420895474978,13.500420895473534,13.50042089547534,13.500420895474992,True,True,False,11874
ETHUSD,2022-11-15,1668520800,True,0.0,13.423348730703937,13.423348730702502,13.423348730704296,13.423348730703925,True,True,False,11741
ETHUSD,2022-11-15,1668524400,True,0.0,13.31161712656999,13.311617126568565,13.311617126570345,13.576023197776642,True,True,False,15367
ETHUSD,2022-11-15,1668528000,True,0.0,13.423348730703937,13.423348730702502,13.423348730704296,13.42334873070392,True,True,False,14993
ETHUSD,2022-11-15,1668531600,True,0.0,13.456499885223971,13.456499885222533,13.456499885224332,13.456499885223979,True,True,False,13676
ETHUSD,2022-11-15,1668535200,True,0.0,13.425362879661364,13.425362879659929,13.425362879659929,13.425444162756559,True,True,False,12464
ETHUSD,2022-11-15,1668538800,True,-1.7958161914118774e-12,13.426741329879237,13.426741329877801,13.426741329879597,13.426741329879231,True,True,False,11814
ETHUSD,2022-11-15,1668542400,True,0.0,13.681431882565027,13.681431882563563,13.681431882565393,13.683172158174933,True,True,False,13907
ETHUSD,2022-11-15,1668546000,True,0.0,13.538481141692152,13.538481141690704,13.538481141692515,13.538491763045423,True,True,False,12136
ETHUSD,2022-11-15,1668549600,True,-0.4398504508472213,13.595377571625647,13.595377571624192,14.475078473318636,13.713285455611825,True,False,False,9317
ETHUSD,2022-11-15,1668553200,True,0.0,13.64869855644941,13.648698556447952,13.648698556449776,13.6551639759867,True,True,False,5535
ETHUSD,2022-12-15,1671062400,True,0.0,12.960675784883279,12.960675784881891,12.960675784883627,13.03962812002541,True,True,False,1353
ETHUSD,2022-12-15,1671066000,True,-1.739235041483585e-12,13.003702230517392,13.003702230516001,13.00370223051774,13.00370223051737,True,True,False,3107
ETHUSD,2022-12-15,1671069600,True,0.0,13.032312468856608,13.032312468855213,13.032312468856956,13.032786780707594,True,True,False,5525
ETHUSD,2022-12-15,1671073200,True,-1.7685778602181967e-12,13.22308906917231,13.223089069170896,13.223089069172664,13.23229962495014,True,True,False,7694
ETHUSD,2022-12-15,1671076800,True,-1.7601306351078497e-12,13.159931877999687,13.15993187799828,13.15993187800004,13.166650684458086,True,True,False,6958
ETHUSD,2022-12-15,1671080400,True,0.0,13.155349197136777,13.15534919713537,13.15534919713537,13.155349197136719,True,True,False,3108
ETHUSD,2022-12-15,1671084000,True,-1.7597083486950184e-12,13.156774578015803,13.156774578014394,13.156774578016154,13.156774578015806,True,True,False,2932
ETHUSD,2022-12-15,1671087600,True,0.0,13.173188686555598,13.17318868655419,13.17318868655419,13.173188686555548,True,True,False,2925
ETHUSD,2022-12-15,1671091200,True,-1.76298296084571e-12,13.181257802141566,13.181257802140156,13.18125780214192,13.18125780214159,True,True,False,3025
ETHUSD,2022-12-15,1671094800,True,-1.7659405494406589e-12,13.203370742883768,13.203370742882358,13.203370742884122,13.203370742883815,True,True,False,3614
ETHUSD,2022-12-15,1671098400,True,-1.7710161189166424e-12,13.241319146947484,13.241319146946068,13.24131914694784,13.241319146947475,True,True,False,5352
ETHUSD,2022-12-15,1671102000,True,-1.765035789531459e-12,13.196606143408294,13.196606143406882,13.196606143408648,13.196606143408346,True,True,False,5339
ETHUSD,2022-12-15,1671105600,True,0.0,13.210758219811476,13.210758219810062,13.21075821981183,13.210758219811508,True,True,False,3774
ETHUSD,2022-12-15,1671109200,True,0.0,13.167474788158568,13.16747478815716,13.16747478815892,13.167474788158545,True,True,False,4541
ETHUSD,2022-12-15,1671112800,True,-1.7674642847177642e-12,13.214763222536611,13.214763222535199,13.214763222536966,13.21476322253655,True,True,False,3533
ETHUSD,2022-12-15,1671116400,True,0.0,13.327897641746112,13.327897641744686,13.327897641744686,13.33610047079346,True,True,False,10543
ETHUSD,2022-12-15,1671120000,True,-1.7904002916881795e-12,13.386248385775929,13.386248385774497,13.38624838577629,13.38624838577594,True,True,False,9921
ETHUSD,2022-12-15,1671123600,True,0.0,13.387407961570265,13.387407961568831,13.387407961570624,13.387407961570286,True,True,False,9978
ETHUSD,2022-12-15,1671127200,True,-1.790569484684937e-12,13.387513387513387,13.387513387511953,13.387513387513744,13.387513387513431,True,True,False,7245
ETHUSD,2022-12-15,1671130800,True,-1.7906258894568596e-12,13.387935107891005,13.387935107889572,13.387935107891362,13.387935107890959,True,True,False,7090
ETHUSD,2022-12-15,1671134400,True,0.0,13.36414948980394,13.36414948980251,13.364149489804298,13.36414948980393,True,True,False,7877
ETHUSD,2022-12-15,1671138000,True,0.0,13.332705911878657,13.33270591187723,13.332705911879016,13.33270591187863,True,True,False,5051
ETHUSD,2022-12-15,1671141600,True,0.0,13.370771493515178,13.370771493513747,13.370771493515536,13.37077149351512,True,True,False,5016
ETHUSD,2022-12-15,1671145200,True,0.0,13.420699455277495,13.420699455276058,13.420699455277854,13.420807200732296,True,True,False,5297
ETHUSD,2023-01-15,1673744400,True,-1.4666052313894502e-12,10.965336635834719,10.965336635833545,10.965336635835014,10.965336635834683,True,True,False,6060
ETHUSD,2023-01-15,1673748000,True,-1.4871522083773648e-12,11.118959788608953,11.118959788607762,11.11895978860925,11.119131041572162,True,True,False,9605
ETHUSD,2023-01-15,1673751600,True,-1.4864424897409998e-12,11.11365345013565,11.113653450134462,11.11365345013595,11.113653450135637,True,True,False,6183
ETHUSD,2023-01-15,1673755200,True,0.0,11.158223610801162,11.158223610799967,11.158223610801459,11.158223610801112,True,True,False,4351
ETHUSD,2023-01-15,1673758800,True,0.0,11.132867499230523,11.132867499229333,11.132867499229333,11.132867499230436,True,True,False,4219
ETHUSD,2023-01-15,1673762400,True,-1.4881255264885076e-12,11.126236975757893,11.126236975756703,11.12623697575819,11.126236975757848,True,True,False,2848
ETHUSD,2023-01-15,1673766000,True,-1.486520234073838e-12,11.114234719561706,11.114234719560516,11.114234719562003,11.114234719561694,True,True,False,3431
ETHUSD,2023-01-15,1673769600,True,0.0,11.136441055472577,11.136441055471387,11.136441055471387,11.13644105547263,True,True,False,2500
ETHUSD,2023-01-15,1673773200,True,-1.4855684260117738e-12,11.107118356146481,11.107118356145293,11.107118356146778,11.107118356146522,True,True,False,3142
ETHUSD,2023-01-15,1673776800,True,0.0,11.15258707218348,11.152587072182287,11.15258707218378,11.152587072183461,True,True,False,4430
ETHUSD,2023-01-15,1673780400,True,-1.4814740578013268e-12,11.076506079047158,11.076506079045974,11.076506079047453,11.076506079047157,True,True,False,3997
ETHUSD,2023-01-15,1673784000,True,0.0,11.088788582461449,11.088788582460262,11.088788582461746,11.088788582461415,True,True,False,3144
ETHUSD,2023-01-15,1673787600,True,0.0,11.079177012662848,11.079177012661663,11.079177012663145,11.079177012662893,True,True,False,3166
ETHUSD,2023-01-15,1673791200,True,0.0,11.085968424553466,11.085968424552279,11.085968424553762,11.085968424553412,True,True,False,3379
ETHUSD,2023-01-15,1673794800,True,0.0,11.092912933683957,11.09291293368277,11.09291293368277,11.092912933683941,True,True,False,3951
ETHUSD,2023-01-15,1673798400,True,-1.4755900801040433e-12,11.032513466156143,11.03251346615496,11.032513466156438,11.032513466156075,True,True,False,3202
ETHUSD,2023-01-15,1673802000,True,-1.4597037590968052e-12,10.913736542399866,10.913736542398699,10.913736542400157,10.91373654239982,True,True,False,6738
ETHUSD,2023-01-15,1673805600,True,-1.4706367381150647e-12,10.995478917786155,10.99547891778498,10.99547891778645,10.995478917786091,True,True,False,6761
ETHUSD,2023-01-15,1673809200,True,-1.4647723055327134e-12,10.951632437446852,10.951632437445678,10.951632437447143,10.951632437446825,True,True,False,7297
ETHUSD,2023-01-15,1673812800,True,0.0,10.976948408342482,10.976948408341308,10.976948408342777,10.9769699161223,True,True,False,7521
ETHUSD,2023-01-15,1673816400,True,0.0,10.960105217010083,10.96010521700891,10.960105217010378,10.960105217010078,True,True,False,3866
ETHUSD,2023-01-15,1673820000,True,0.0,10.932968043577526,10.932968043576356,10.93296804357782,10.93296804357751,True,True,False,3005
ETHUSD,2023-01-15,1673823600,True,-1.4639895142213496e-12,10.94577975803388,10.945779758032709,10.945779758034172,10.945779758033838,True,True,False,2615
ETHUSD,2023-02-15,1676419200,True,0.0,10.932686804247028,10.93268680424586,10.932686804247322,10.93268680424706,True,True,False,3620
ETHUSD,2023-02-15,1676422800,True,0.0,10.924607356759118,10.92460735675795,10.924607356759411,10.924607356759129,True,True,False,12657
ETHUSD,2023-02-15,1676426400,True,0.0,10.963498000773894,10.963498000772722,10.963498000774187,10.963498000773908,True,True,False,13510
ETHUSD,2023-02-15,1676430000,True,-1.4669837248101996e-12,10.968166509671342,10.96816650967017,10.968166509671635,10.968166509671349,True,True,False,11217
ETHUSD,2023-02-15,1676433600,True,0.0,11.002808952403143,11.002808952401965,11.002808952403438,11.0028089524032,True,True,False,10835
ETHUSD,2023-02-15,1676437200,True,-1.4672961289823377e-12,10.970502255406199,10.970502255405025,10.97050225540649,10.970502255406188,True,True,False,12084
ETHUSD,2023-02-15,1676440800,True,-1.4688601478283162e-12,10.982195922375254,10.98219592237408,10.98219592237555,10.982195922375238,True,True,False,10809
ETHUSD,2023-02-15,1676444400,True,0.0,10.962790997613983,10.96279099761281,10.962790997614276,10.96279099761397,True,True,False,11982
ETHUSD,2023-02-15,1676448000,True,-1.4661512970121098e-12,10.961942714177015,10.96194271417584,10.961942714177308,10.961942714177026,True,True,False,9992
ETHUSD,2023-02-15,1676451600,True,-1.4686988524428313e-12,10.980989968542692,10.980989968541518,10.980989968542985,10.981035364787317,True,True,False,11207
ETHUSD,2023-02-15,1676455200,True,0.0,10.989508251827814,10.98950825182664,10.98950825182811,10.989508251827809,True,True,False,13101
ETHUSD,2023-02-15,1676458800,True,0.0,10.956573299475373,10.956573299474202,10.956573299475668,10.956573299475412,True,True,False,13790
ETHUSD,2023-02-15,1676462400,True,0.0,10.921870081143071,10.921870081141902,10.921870081141902,10.921870081143085,True,True,False,13645
ETHUSD,2023-02-15,1676466000,True,-1.445358460160521e-12,10.80648134610617,10.806481346105013,10.806481346106457,10.808548249149235,True,True,False,16328
ETHUSD,2023-02-15,1676469600,True,0.0,10.724334145018233,10.724334145017085,10.724334145018519,10.726859595618878,True,True,False,19984
ETHUSD,2023-02-15,1676473200,True,0.0,10.774974171753088,10.774974171751934,10.774974171751934,10.778000289852997,True,True,False,18900
ETHUSD,2023-02-15,1676476800,True,0.0,10.810673314170884,10.810673314169728,10.810673314169728,10.81076653488848,True,True,False,16797
ETHUSD,2023-02-15,1676480400,True,0.0,10.759085098034252,10.7590850980331,10.75908509803454,10.759085098034259,True,True,False,19071
ETHUSD,2023-02-15,1676484000,True,-1.4424517886394217e-12,10.784749095984266,10.784749095983113,10.784749095984555,10.784834917396653,True,True,False,17417
ETHUSD,2023-02-15,1676487600,True,-1.4375544547423424e-12,10.748133302142671,10.748133302141522,10.74813330214296,10.748133302142678,True,True,False,14254
ETHUSD,2023-02-15,1676491200,True,-1.4279754530813176e-12,10.67651418092295,10.676514180921808,10.676514180923238,10.676574980250487,True,True,False,15717
ETHUSD,2023-02-15,1676494800,True,0.0,10.435722090582066,10.435722090580951,10.435722090580951,10.438182915854576,True,True,False,19192
ETHUSD,2023-02-15,1676498400,True,0.0,10.200285607997023,10.200285607995932,10.200285607997296,10.215092362367821,True,True,False,20992
ETHUSD,2023-02-15,1676502000,True,-1.3653616492117456e-12,10.208370864108566,10.208370864107476,10.20837086410884,10.208611808151257,True,True,False,11251
ETHUSD,2023-03-15,1678838400,True,-4.37785919747019,9.9897458197321,9.98974581973103,18.745464214672747,22.26462496567561,True,False,False,7111
ETHUSD,2023-03-15,1678842000,True,-1.330316325720859e-12,9.946348227502238,9.946348227501172,9.946348227502504,12.072687727711745,True,True,False,6597
ETHUSD,2023-03-15,1678845600,True,-1.3331242660414527e-12,9.967342296123874,9.96734229612281,9.96734229612414,10.217482655723895,True,True,False,6010
ETHUSD,2023-03-15,1678849200,True,-0.615498245830106,9.965209694390467,9.9652096943894,11.196206186050944,11.225961770026322,True,False,False,9272
ETHUSD,2023-03-15,1678852800,True,0.0,9.906413528664498,9.90641352866344,9.906413528664764,10.845675868738718,True,True,False,10680
ETHUSD,2023-03-15,1678856400,True,0.0,9.91820398828485,9.91820398828379,9.91820398828379,9.919928964752149,True,True,False,5952
ETHUSD,2023-03-15,1678860000,True,0.0,9.948443653770752,9.948443653769688,9.94844365377102,9.949390249284567,True,True,False,5704
ETHUSD,2023-03-15,1678863600,True,-1.3294062902302e-12,9.939544184197292,9.93954418419623,9.939544184197558,9.939571085848272,True,True,False,5713
ETHUSD,2023-03-15,1678867200,True,0.0,9.96039279101924,9.960392791018176,9.960392791018176,9.960440160005257,True,True,False,6478
ETHUSD,2023-03-15,1678870800,True,0.0,9.94082286623161,9.940822866230546,9.940822866231874,9.9430874865492,True,True,False,5662
ETHUSD,2023-03-15,1678874400,True,0.0,9.922719525577268,9.922719525576207,9.922719525576207,9.922877619709524,True,True,False,7683
ETHUSD,2023-03-15,1678878000,True,-1.333061738593686e-12,9.966874798463929,9.966874798462863,9.966874798464195,9.96773030693815,True,True,False,7504
ETHUSD,2023-03-15,1678881600,True,-1.3409075789701537e-12,10.025535628984413,10.02553562898334,10.02553562898468,10.355178212614442,True,True,False,6460
ETHUSD,2023-03-15,1678885200,True,-0.17792538995298451,10.082438764011624,10.082438764010547,10.438289543917865,10.498991437272323,True,False,False,9114
ETHUSD,2023-03-15,1678888800,True,-3.8825053125118787,10.076731345451098,10.076731345450021,17.841741970475127,12.606928090755506,True,False,False,13154
ETHUSD,2023-03-15,1678892400,True,-2.4042385835781603,10.091865659458898,10.091865659457818,14.900342826612789,16.829693857346477,True,False,False,13996
ETHUSD,2023-03-15,1678896000,True,-1.7627147001447383,10.158016916085815,10.15801691608473,13.683446316374207,12.398966096933089,True,False,False,16071
ETHUSD,2023-03-15,1678899600,True,-3.161498369570674,10.237232815750886,10.23723281574979,16.560229554891137,15.54374016436643,True,False,False,15724
ETHUSD,2023-03-15,1678903200,True,-0.9466198038982419,10.382281720160863,10.382281720159753,12.275521327954847,13.287764956243816,True,False,False,13793
ETHUSD,2023-03-15,1678906800,True,-0.09266552379249128,10.5020926964123,10.502092696411177,10.687423743996158,14.228470099161521,True,False,False,14037
ETHUSD,2023-03-15,1678910400,True,0.0,10.408885514505089,10.408885514503975,10.408885514505368,12.043615530517688,True,True,False,14460
ETHUSD,2023-03-15,1678914000,True,-0.6058476414345809,10.299409904397242,10.299409904396141,11.511105187266681,11.569784397281525,True,False,False,13305
ETHUSD,2023-03-15,1678917600,True,-0.7866439951839788,10.2868830139357,10.2868830139346,11.860171004302558,11.45389433469787,True,False,False,14053
ETHUSD,2023-03-15,1678921200,True,-1.3739420837708142e-12,10.27252401957822,10.272524019577123,10.272524019578496,10.391892287333608,True,True,False,7924
ETHUSD,2023-04-15,1681516800,True,-12.94214032129711,22.512200045119393,22.51220004511836,48.39648068771473,46.979375707523744,True,False,False,7741
ETHUSD,2023-04-15,1681520400,True,0.0,8.070795115744696,8.070795115743833,8.070795115743833,8.166341331595332,True,True,False,1922
ETHUSD,2023-04-15,1681524000,True,-2.164206274861576e-12,8.090537877994688,8.090537877993821,8.090537877995986,8.099371758516112,True,True,False,3185
ETHUSD,2023-04-15,1681527600,True,-2.17863915530333e-12,8.144492885545919,8.144492885545048,8.144492885547228,8.232665175249029,True,True,False,4528
ETHUSD,2023-04-15,1681531200,True,-2.182864121072089e-12,8.160287242110922,8.160287242110048,8.160287242112231,8.163675035001644,True,True,False,3494
ETHUSD,2023-04-15,1681534800,True,-2.175252210597518e-12,8.131831336251224,8.131831336250356,8.13183133625253,8.13209355097612,True,True,False,2975
ETHUSD,2023-04-15,1681538400,True,-2.175293832062339e-12,8.131986931418648,8.131986931417778,8.131986931419952,8.131986931418703,True,True,False,3291
ETHUSD,2023-04-15,1681542000,True,0.0,8.13996916388152,8.139969163880648,8.139969163880648,8.139969163881492,True,True,False,2286
ETHUSD,2023-04-15,1681545600,True,-2.174773678205576e-12,8.130042419691918,8.13004241969105,8.130042419693222,8.130042419691925,True,True,False,2103
ETHUSD,2023-04-15,1681549200,True,0.0,8.140982664495738,8.140982664494867,8.140982664497045,8.140982664495791,True,True,False,2225
ETHUSD,2023-04-15,1681552800,True,-2.1659689684091244e-12,8.097127424970587,8.09712742496972,8.097127424971887,8.097670043161058,True,True,False,3289
ETHUSD,2023-04-15,1681556400,True,0.0,8.101989753365899,8.101989753365034,8.101989753365034,8.102015648878501,True,True,False,2841
ETHUSD,2023-04-15,1681560000,True,-7.6906643879507754,8.07045028365259,8.070450283653887,23.451779059555435,22.806718976165115,True,False,False,498
ETHUSD,2023-04-15,1681563600,True,0.0,22.521559404176465,22.52155940417543,22.52155940417543,22.74633081040454,True,True,False,230
ETHUSD,2023-04-15,1681567200,True,0.0,22.48100783501226,22.48100783501131,22.48100783501131,22.806162296950642,True,True,False,393
ETHUSD,2023-04-15,1681570800,True,-0.04754772602887826,22.442526686161234,22.442526686160285,22.537622138220204,22.792223898724355,True,False,False,250
ETHUSD,2023-04-15,1681574400,True,-0.19084424723637908,22.13793267969179,22.137932679691183,22.51962117416828,22.84854865776687,True,False,False,462
ETHUSD,2023-04-15,1681578000,True,-0.4770764753607356,22.0409331615858,22.04093316158745,22.995086112304577,22.844589882151517,True,False,False,428
ETHUSD,2023-04-15,1681581600,True,2.167579546159175e-12,22.498152958840773,22.498152958839825,22.498152958839825,23.009503631175004,True,True,False,561
ETHUSD,2023-04-15,1681585200,True,0.0,8.062106675898569,8.062106675897706,8.062106675897706,8.062767852992968,True,True,False,3952
ETHUSD,2023-04-15,1681588800,True,0.0,8.12638925404527,8.1263892540444,8.126389254046574,8.126629102908565,True,True,False,3836
ETHUSD,2023-04-15,1681592400,True,0.0,8.100252537284986,8.10025253728412,8.100252537286286,8.10025253728499,True,True,False,1886
ETHUSD,2023-04-15,1681596000,True,-2.1633105665621555e-12,8.08718941624764,8.087189416246774,8.087189416248936,8.08827031656325,True,True,False,2774
ETHUSD,2023-04-15,1681599600,True,-2.1743369411668768e-12,8.128409748353995,8.128409748353127,8.1284097483553,8.12977317180877,True,True,False,2628
ETHUSD,2023-05-15,1684108800,True,-1.2629344988959543e-12,9.442555933257792,9.44255593325678,9.442555933258046,9.443201107249457,True,True,False,5857
ETHUSD,2023-05-15,1684112400,True,-1.262878382191198e-12,9.442136366665926,9.442136366664915,9.442136366666178,9.443238733354855,True,True,False,8027
ETHUSD,2023-05-15,1684116000,True,0.0,9.445756355049312,9.445756355048301,9.445756355048301,9.445756355049326,True,True,False,8325
ETHUSD,2023-05-15,1684119600,True,0.0,9.491056075392484,9.491056075391468,9.491056075392738,9.520885269345477,True,True,False,13665
ETHUSD,2023-05-15,1684123200,True,-1.246463697849585e-12,9.319409039826768,9.319409039825771,9.319409039827018,9.984726093160251,True,True,False,14511
ETHUSD,2023-05-15,1684126800,True,0.0,9.320226536329695,9.320226536328697,9.320226536328697,9.324344408257284,True,True,False,11534
ETHUSD,2023-05-15,1684130400,True,-1.2447850140053544e-12,9.306858059465348,9.306858059464352,9.306858059465597,9.314180862803779,True,True,False,12517
ETHUSD,2023-05-15,1684134000,True,-1.2435935780876417e-12,9.297950075477477,9.297950075476482,9.297950075477726,9.29889748309667,True,True,False,11454
ETHUSD,2023-05-15,1684137600,True,0.0,9.30594102223025,9.305941022229256,9.305941022230499,9.318702083175932,True,True,False,11431
ETHUSD,2023-05-15,1684141200,True,-1.2406418661066512e-12,9.275881072291853,9.27588107229086,9.2758810722921,9.27851620300169,True,True,False,13184
ETHUSD,2023-05-15,1684144800,True,0.0,9.294798193528633,9.294798193527638,9.294798193527638,9.295110941531343,True,True,False,10575
ETHUSD,2023-05-15,1684148400,True,-1.2412039841214055e-12,9.280083848287004,9.280083848286012,9.280083848287253,9.280083848286996,True,True,False,9265
ETHUSD,2023-05-15,1684152000,True,0.0,9.294798193528633,9.294798193527638,9.294798193527638,9.29480794454952,True,True,False,12158
ETHUSD,2023-05-15,1684155600,True,0.0,9.292613465543536,9.292613465542543,9.292613465543786,9.293104474363124,True,True,False,9596
ETHUSD,2023-05-15,1684159200,True,-1.2461767728463806e-12,9.317263793660972,9.317263793659974,9.31726379366122,9.317317113341977,True,True,False,10747
ETHUSD,2023-05-15,1684162800,True,0.0,9.304565805173338,9.304565805172343,9.304565805173588,9.304565805173345,True,True,False,9135
ETHUSD,2023-05-15,1684166400,True,-1.2461494535447688e-12,9.317059536010435,9.317059536009438,9.317059536010683,9.317312683883527,True,True,False,11930
ETHUSD,2023-05-15,1684170000,True,0.0,9.313894687244895,9.313894687243899,9.313894687243899,9.349918646583998,True,True,False,14757
ETHUSD,2023-05-15,1684173600,True,0.0,9.296119690275166,9.296119690274171,9.296119690275415,9.296346963944417,True,True,False,12946
ETHUSD,2023-05-15,1684177200,True,-1.2389788163670507e-12,9.263446983113282,9.26344698311229,9.263446983113528,9.28189263036632,True,True,False,13738
ETHUSD,2023-05-15,1684180800,True,0.0,9.264759579488913,9.264759579487922,9.26475957948916,9.303462029834181,True,True,False,13518
ETHUSD,2023-05-15,1684184400,True,0.0,9.289871307959235,9.28987130795824,9.289871307959483,9.290633601141092,True,True,False,10337
ETHUSD,2023-05-15,1684188000,True,0.0,9.290175912213304,9.290175912212309,9.290175912213552,9.29019431099603,True,True,False,11096
ETHUSD,2023-05-15,1684191600,True,0.0,9.306399518256967,9.30639951825597,9.306399518257216,9.306399518256992,True,True,False,8651
ETHUSD,2023-06-15,1686787200,True,0.0,10.278424378004171,10.278424378003072,10.278424378004447,10.697948357868393,True,True,False,4445
ETHUSD,2023-06-15,1686790800,True,0.0,10.307465636728532,10.307465636727429,10.307465636728809,10.307600444698677,True,True,False,6267
ETHUSD,2023-06-15,1686794400,True,0.0,10.29841162145462,10.29841162145352,10.29841162145352,10.298411621454617,True,True,False,6481
ETHUSD,2023-06-15,1686798000,True,0.0,10.272089524281409,10.27208952428031,10.272089524281684,10.27208952428139,True,True,False,5793
ETHUSD,2023-06-15,1686801600,True,0.0,10.309966098405596,10.309966098404491,10.309966098405871,10.309966098405571,True,True,False,5495
ETHUSD,2023-06-15,1686805200,True,0.0,10.304591604788605,10.304591604787502,10.304591604787502,10.306295828722794,True,True,False,4224
ETHUSD,2023-06-15,1686808800,True,0.0,10.295230885692657,10.295230885691556,10.295230885691556,10.295555931920283,True,True,False,2713
ETHUSD,2023-06-15,1686812400,True,0.0,10.306340824628517,10.306340824627416,10.306340824628792,10.306340824628496,True,True,False,3183
ETHUSD,2023-06-15,1686816000,True,-1.3824545083524274e-12,10.33616868627296,10.336168686271854,10.336168686273238,10.336497860924869,True,True,False,4967
ETHUSD,2023-06-15,1686819600,True,-1.391882046335523e-12,10.406655362182214,10.4066553621811,10.40665536218249,10.406783961678457,True,True,False,6754
ETHUSD,2023-06-15,1686823200,True,0.0,10.39412059625567,10.394120596254558,10.39412059625595,10.39480930218525,True,True,False,6510
ETHUSD,2023-06-15,1686826800,True,-1.3912262775385294e-12,10.40175238934371,10.401752389342597,10.401752389343986,10.401890408572216,True,True,False,4839
ETHUSD,2023-06-15,1686830400,True,0.0,10.411116622878735,10.411116622877621,10.411116622879014,12.367533740205799,True,True,False,7506
ETHUSD,2023-06-15,1686834000,True,0.0,10.412009334060132,10.412009334059018,10.412009334059018,10.412056270163443,True,True,False,5946
ETHUSD,2023-06-15,1686837600,True,-1.386348770148175e-12,10.365284831929955,10.365284831928845,10.365284831930232,10.365295910296329,True,True,False,8756
ETHUSD,2023-06-15,1686841200,True,0.0,10.381615990131358,10.381615990130246,10.381615990130246,10.381615990131333,True,True,False,6851
ETHUSD,2023-06-15,1686844800,True,0.0,10.341072916730033,10.341072916728924,10.341072916730308,10.341200698842316,True,True,False,8530
ETHUSD,2023-06-15,1686848400,True,0.0,10.355372001510668,10.35537200150956,10.355372001510945,10.355372001510679,True,True,False,8797
ETHUSD,2023-06-15,1686852000,True,-1.3866869679221807e-12,10.367813428148002,10.367813428146894,10.36781342814828,10.367813428147993,True,True,False,6415
ETHUSD,2023-06-15,1686855600,True,-1.3869999478029429e-12,10.370153478271478,10.370153478270367,10.370153478271755,10.638992102060005,True,True,False,7014
ETHUSD,2023-06-15,1686859200,True,0.0,10.314908075966263,10.31490807596516,10.31490807596654,11.048403419947903,True,True,False,9019
ETHUSD,2023-06-15,1686862800,True,-1.3638301759462564e-12,10.19692052999994,10.196920529998849,10.196920530000213,10.198161462667505,True,True,False,8997
ETHUSD,2023-06-15,1686866400,True,-1.363625693845774e-12,10.195391682959302,10.195391682958212,10.195391682959576,10.200266259688528,True,True,False,10291
ETHUSD,2023-06-15,1686870000,True,0.0,10.241889327348858,10.241889327347762,10.241889327349131,10.241986131802808,True,True,False,7930
ETHUSD,2023-07-15,1689379200,True,0.0,8.813633135112996,8.813633135112052,8.813633135113232,8.813633135112955,True,True,False,2113
ETHUSD,2023-07-15,1689382800,True,-1.180904298507505e-12,8.829242450997704,8.829242450996759,8.82924245099794,8.82924245099765,True,True,False,1902
ETHUSD,2023-07-15,1689386400,True,0.0,8.778271196943097,8.778271196942157,8.778271196943331,8.778271196943042,True,True,False,2025
ETHUSD,2023-07-15,1689390000,True,-1.1768641037832334e-12,8.799035211668555,8.799035211667613,8.799035211668789,8.799035211668508,True,True,False,2002
ETHUSD,2023-07-15,1689393600,True,0.0,8.807833790995286,8.807833790994344,8.80783379099552,8.807833790995312,True,True,False,1642
ETHUSD,2023-07-15,1689397200,True,0.0,8.808198878768096,8.808198878767152,8.808198878767152,8.808198878768133,True,True,False,1031
ETHUSD,2023-07-15,1689400800,True,0.0,8.810298720951927,8.810298720950986,8.810298720952163,8.810298720951915,True,True,False,1068
ETHUSD,2023-07-15,1689404400,True,0.0,8.803728638011393,8.803728638010451,8.803728638010451,8.80372863801137,True,True,False,728
ETHUSD,2023-07-15,1689408000,True,0.0,8.814958465989816,8.814958465988873,8.814958465990053,8.814958465989791,True,True,False,805
ETHUSD,2023-07-15,1689411600,True,0.0,8.797304919763404,8.797304919762464,8.79730491976364,8.79730491976341,True,True,False,1035
ETHUSD,2023-07-15,1689415200,True,-1.1715582159916736e-12,8.75936479147559,8.759364791474654,8.759364791475827,8.759364791475573,True,True,False,1442
ETHUSD,2023-07-15,1689418800,True,0.0,8.772608819052042,8.772608819051104,8.772608819052277,8.772608819051989,True,True,False,859
ETHUSD,2023-07-15,1689422400,True,0.0,8.763925620047736,8.7639256200468,8.7639256200468,8.763925620047832,True,True,False,631
ETHUSD,2023-07-15,1689426000,True,0.0,8.755845814705701,8.755845814704763,8.755845814705935,8.755845814705658,True,True,False,1172
ETHUSD,2023-07-15,1689429600,True,-1.17275467012189e-12,8.76831029502785,8.768310295026913,8.768310295028087,8.768310295027831,True,True,False,957
ETHUSD,2023-07-15,1689433200,True,0.0,8.77102466205758,8.771024662056641,8.771024662057815,8.771024662057519,True,True,False,842
ETHUSD,2023-07-15,1689436800,True,-1.1745842783954378e-12,8.781989688910928,8.78198968890999,8.781989688911164,8.781989688910928,True,True,False,1717
ETHUSD,2023-07-15,1689440400,True,0.0,8.801358515573227,8.801358515572286,8.801358515572286,8.801358515573218,True,True,False,1327
ETHUSD,2023-07-15,1689444000,True,0.0,8.791163329472116,8.791163329471175,8.791163329471175,8.791163329472068,True,True,False,1396
ETHUSD,2023-07-15,1689447600,True,0.0,8.800720623712248,8.800720623711307,8.800720623712483,8.800720623712241,True,True,False,1625
ETHUSD,2023-07-15,1689451200,True,-1.1778334236921741e-12,8.806282505542777,8.806282505541835,8.806282505543013,8.806282505542741,True,True,False,912
ETHUSD,2023-07-15,1689454800,True,0.0,8.79084511048024,8.790845110479298,8.790845110480474,8.7908451104803,True,True,False,1051
ETHUSD,2023-07-15,1689458400,True,0.0,8.79548429488672,8.795484294885778,8.795484294886954,8.795484294886679,True,True,False,797
ETHUSD,2023-07-15,1689462000,True,0.0,8.80509659708914,8.805096597088196,8.805096597089374,8.805096597089154,True,True,False,705
ETHUSD,2023-08-15,1692057600,True,0.0,9.21349288935137,9.213492889350384,9.213492889351617,9.213492889351397,True,True,False,170
ETHUSD,2023-08-15,1692061200,True,-1.2324578045359702e-12,9.214691470447942,9.214691470446956,9.214691470448189,9.214691470448043,True,True,False,275
ETHUSD,2023-08-15,1692064800,True,0.0,9.215041115345212,9.215041115344226,9.215041115345459,9.215041115345157,True,True,False,59
ETHUSD,2023-08-15,1692068400,True,-1.2313165101253232e-12,9.206158378416431,9.206158378415447,9.206158378416678,9.206158378416452,True,True,False,207
ETHUSD,2023-08-15,1692072000,True,0.0,9.212144858268442,9.212144858267456,9.212144858268688,9.212144858268454,True,True,False,223
ETHUSD,2023-08-15,1692075600,True,0.0,9.2228400922284,9.222840092227413,9.222840092227413,9.222840092228408,True,True,False,185
ETHUSD,2023-08-15,1692079200,True,-1.2329991564486817e-12,9.21873898496261,9.218738984961623,9.218738984962856,9.218738984962554,True,True,False,100
ETHUSD,2023-08-15,1692082800,True,0.0,9.2291489096032,9.229148909602213,9.229148909602213,9.229148909603136,True,True,False,172
ETHUSD,2023-08-15,1692086400,True,-1.2343244653802585e-12,9.228647894511125,9.228647894510138,9.228647894511372,9.228647894511088,True,True,False,174
ETHUSD,2023-08-15,1692090000,True,0.0,9.232055870229878,9.23205587022889,9.232055870230127,9.232055870229859,True,True,False,202
ETHUSD,2023-08-15,1692093600,True,0.0,9.224041106667897,9.22404110666691,9.22404110666691,9.224041106667936,True,True,False,315
ETHUSD,2023-08-15,1692097200,True,-1.234170369117374e-12,9.227495766207824,9.227495766206836,9.227495766208072,9.227495766207847,True,True,False,306
ETHUSD,2023-08-15,1692100800,True,0.0,9.224041106667897,9.22404110666691,9.22404110666691,9.224041106667984,True,True,False,236
ETHUSD,2023-08-15,1692104400,True,0.0,9.228096840733906,9.228096840732919,9.228096840734153,9.22809684073388,True,True,False,148
ETHUSD,2023-08-15,1692108000,True,0.0,9.24113937812568,9.241139378124691,9.241139378125927,9.241139378125775,True,True,False,450
ETHUSD,2023-08-15,1692111600,True,0.0,9.231003138541068,9.23100313854008,9.231003138541315,9.231003138541,True,True,False,599
ETHUSD,2023-08-15,1692115200,True,0.0,9.236118656959688,9.236118656958698,9.236118656959935,9.236118656959642,True,True,False,525
ETHUSD,2023-08-15,1692118800,True,0.0,9.223090277777779,9.223090277776793,9.223090277778025,9.22309027777778,True,True,False,1236
ETHUSD,2023-08-15,1692122400,True,0.0,9.241440794981354,9.241440794980365,9.241440794981601,9.24144079498123,True,True,False,1160
ETHUSD,2023-08-15,1692126000,True,-1.237333685837757e-12,9.251146870119339,9.25114687011835,9.251146870119587,9.2511468701193,True,True,False,908
ETHUSD,2023-08-15,1692129600,True,0.0,9.236771042179445,9.236771042178457,9.236771042179692,9.236771042179367,True,True,False,296
ETHUSD,2023-08-15,1692133200,True,0.0,9.24063706039028,9.240637060389293,9.24063706039053,9.240637060390112,True,True,False,399
ETHUSD,2023-08-15,1692136800,True,-1.2445874182671852e-12,9.305380699545678,9.305380699544683,9.305380699545927,9.315927342805754,True,True,False,4313
ETHUSD,2023-08-15,1692140400,True,0.0,9.294696555494806,9.294696555493811,9.294696555493811,9.29469655549463,True,True,False,1076
ETHUSD,2023-09-15,1694736000,True,0.0,10.451505016722408,10.45150501672129,10.451505016722688,10.451505016722521,True,True,False,1007
ETHUSD,2023-09-15,1694739600,True,0.0,10.435786152325646,10.43578615232453,10.43578615232453,10.435786152325605,True,True,False,1177
ETHUSD,2023-09-15,1694743200,True,0.0,10.457291192500278,10.45729119249916,10.457291192500557,10.457291192500268,True,True,False,1249
ETHUSD,2023-09-15,1694746800,True,-1.4006706961241902e-12,10.47236527610083,10.472365276099708,10.47236527610111,10.472365276100854,True,True,False,1723
ETHUSD,2023-09-15,1694750400,True,-1.3975885146181822e-12,10.44932079414838,10.449320794147262,10.449320794148658,10.449320794148337,True,True,False,1485
ETHUSD,2023-09-15,1694754000,True,-1.3933235007674097e-12,10.417432654361841,10.417432654360725,10.417432654362118,10.417512850274175,True,True,False,1987
ETHUSD,2023-09-15,1694757600,True,0.0,10.405636182233293,10.40563618223218,10.40563618223218,10.405636182233167,True,True,False,1263
ETHUSD,2023-09-15,1694761200,True,-1.3928284640556708e-12,10.413731423740858,10.413731423739744,10.413731423741135,10.413731423740916,True,True,False,1145
ETHUSD,2023-09-15,1694764800,True,-1.3950503444665925e-12,10.430343710502742,10.430343710501626,10.43034371050302,10.430343710502735,True,True,False,1095
ETHUSD,2023-09-15,1694768400,True,0.0,10.435914278172365,10.435914278171248,10.435914278171248,10.435914278172252,True,True,False,1036
ETHUSD,2023-09-15,1694772000,True,-1.3973394345050796e-12,10.447458502080273,10.447458502079154,10.447458502080554,10.447458502080236,True,True,False,1045
ETHUSD,2023-09-15,1694775600,True,-1.3958553854285788e-12,10.436362743412811,10.436362743411697,10.436362743413092,10.436362743412788,True,True,False,990
ETHUSD,2023-09-15,1694779200,True,0.0,10.442581160355049,10.442581160353933,10.44258116035533,10.442581160354939,True,True,False,1064
ETHUSD,2023-09-15,1694782800,True,0.0,10.433864642087755,10.433864642086638,10.433864642088034,10.433864642087691,True,True,False,580
ETHUSD,2023-09-15,1694786400,True,0.0,10.493697608671498,10.493697608670374,10.493697608670374,10.49369760867146,True,True,False,2106
ETHUSD,2023-09-15,1694790000,True,0.0,10.500049411997232,10.500049411996109,10.500049411997514,10.50004941199721,True,True,False,2159
ETHUSD,2023-09-15,1694793600,True,0.0,10.497780028282254,10.497780028281133,10.497780028282536,10.49778002828228,True,True,False,1943
ETHUSD,2023-09-15,1694797200,True,0.0,10.534599964058422,10.534599964057296,10.534599964057296,10.534599964058383,True,True,False,4026
ETHUSD,2023-09-15,1694800800,True,0.0,10.502773967948006,10.502773967946881,10.502773967948286,10.502773967948002,True,True,False,2332
ETHUSD,2023-09-15,1694804400,True,-1.4017846491324575e-12,10.480693945241455,10.480693945240334,10.480693945241736,10.480693945241454,True,True,False,1869
ETHUSD,2023-09-15,1694808000,True,0.0,10.50452621497204,10.504526214970916,10.504526214972321,10.504526214971973,True,True,False,1126
ETHUSD,2023-09-15,1694811600,True,-1.4048767065187405e-12,10.50381226598124,10.503812265980118,10.503812265981523,10.503812265981226,True,True,False,1109
ETHUSD,2023-09-15,1694815200,True,0.0,10.489941996791313,10.48994199679019,10.489941996791591,10.489941996791325,True,True,False,1543
ETHUSD,2023-09-15,1694818800,True,0.0,10.48722409347201,10.48722409347089,10.48722409347089,10.48722409347183,True,True,False,786
ETHUSD,2023-10-15,1697331600,True,0.0,10.926362742388504,10.926362742387335,10.926362742388795,10.926362742388395,True,True,False,623
ETHUSD,2023-10-15,1697335200,True,-1.4630098474615196e-12,10.938455104076183,10.938455104075011,10.938455104076475,10.938455104076217,True,True,False,539
ETHUSD,2023-10-15,1697338800,True,-1.4653859196021735e-12,10.956220232916351,10.956220232915179,10.956220232916644,10.956220232916298,True,True,False,922
ETHUSD,2023-10-15,1697342400,True,0.0,10.932054068653299,10.93205406865213,10.932054068653592,10.932054068653297,True,True,False,1011
ETHUSD,2023-10-15,1697346000,True,0.0,10.933249297377952,10.933249297376781,10.933249297378245,10.933249297377984,True,True,False,674
ETHUSD,2023-10-15,1697349600,True,-1.4633393965969367e-12,10.940919037199123,10.940919037197954,10.940919037199418,10.94091903719898,True,True,False,334
ETHUSD,2023-10-15,1697353200,True,-1.4630098474615196e-12,10.938455104076183,10.938455104075011,10.938455104076475,10.938455104076148,True,True,False,366
ETHUSD,2023-10-15,1697356800,True,0.0,10.946907498631637,10.946907498630466,10.94690749863193,10.946907498631624,True,True,False,373
ETHUSD,2023-10-15,1697360400,True,-1.4642440653462818e-12,10.94768295510162,10.947682955100447,10.947682955101913,10.947682955101655,True,True,False,264
ETHUSD,2023-10-15,1697364000,True,-1.4628686575515152e-12,10.937399472431318,10.937399472430148,10.937399472431611,10.937399472431363,True,True,False,257
ETHUSD,2023-10-15,1697367600,True,-1.460388168094031e-12,10.918853648823974,10.918853648822807,10.918853648824268,10.918853648824001,True,True,False,577
ETHUSD,2023-10-15,1697371200,True,-1.4605194979652621e-12,10.919835560123328,10.91983556012216,10.919835560123621,10.919835560123119,True,True,False,723
ETHUSD,2023-10-15,1697374800,True,0.0,10.920045992664297,10.920045992663129,10.920045992663129,10.920045992664146,True,True,False,329
ETHUSD,2023-10-15,1697378400,True,0.0,10.934233799646245,10.934233799645076,10.934233799645076,10.934233799646236,True,True,False,800
ETHUSD,2023-10-15,1697382000,True,0.0,10.949375241530337,10.949375241529165,10.94937524153063,10.949375241530305,True,True,False,630
ETHUSD,2023-10-15,1697385600,True,-1.4655653808283404e-12,10.957562006909708,10.957562006908537,10.957562006910003,10.957562006909729,True,True,False,2457
ETHUSD,2023-10-15,1697389200,True,-1.465008250119083e-12,10.953396519397176,10.953396519396003,10.953396519397469,10.953396519397106,True,True,False,1065
ETHUSD,2023-10-15,1697392800,True,-1.4639706621031856e-12,10.945638806796596,10.945638806795426,10.94563880679689,10.945638806796628,True,True,False,633
ETHUSD,2023-10-15,1697396400,True,0.0,10.932686804247028,10.93268680424586,10.932686804247322,10.93268680424701,True,True,False,911
ETHUSD,2023-10-15,1697400000,True,-1.4602099724700702e-12,10.917521337332143,10.917521337330975,10.917521337332435,10.917521337332069,True,True,False,1169
ETHUSD,2023-10-15,1697403600,True,-1.453368417493781e-12,10.866369226442352,10.866369226441188,10.866369226442641,10.866369226442318,True,True,False,1859
ETHUSD,2023-10-15,1697407200,True,0.0,10.899042807593426,10.89904280759226,10.89904280759226,10.899042807593286,True,True,False,1255
ETHUSD,2023-10-15,1697410800,True,0.0,10.876519513755598,10.876519513754435,10.876519513754435,10.876519513755472,True,True,False,1722
ETHUSD,2023-11-15,1700006400,True,0.0,8.553114843176123,8.553114843175209,8.553114843176353,8.553118576579564,True,True,False,3666
ETHUSD,2023-11-15,1700010000,True,-1.148230114196131e-12,8.58494806106423,8.584948061063312,8.58494806106446,8.584948061064216,True,True,False,4133
ETHUSD,2023-11-15,1700013600,True,0.0,8.57451251374444,8.574512513743521,8.574512513744668,8.574512513744427,True,True,False,5095
ETHUSD,2023-11-15,1700017200,True,0.0,8.61370085123632,8.613700851235398,8.613700851236551,8.613700851236334,True,True,False,5376
ETHUSD,2023-11-15,1700020800,True,-1.1515973067697452e-12,8.610123479300249,8.610123479299329,8.61012347930048,8.610123479300265,True,True,False,4367
ETHUSD,2023-11-15,1700024400,True,0.0,8.634657483454472,8.634657483453548,8.634657483454703,8.634657483454424,True,True,False,4332
ETHUSD,2023-11-15,1700028000,True,-1.1468864301838158e-12,8.574901766934168,8.574901766933252,8.5749017669344,8.57490176693411,True,True,False,3751
ETHUSD,2023-11-15,1700031600,True,-1.1450728240001211e-12,8.561342015541353,8.561342015540438,8.561342015541582,8.561342015541365,True,True,False,2948
ETHUSD,2023-11-15,1700035200,True,-1.147963443901468e-12,8.582954252853833,8.582954252852915,8.582954252854062,8.582954252853796,True,True,False,2527
ETHUSD,2023-11-15,1700038800,True,-1.1459500312135275e-12,8.567900612352895,8.56790061235198,8.567900612353126,8.567900612352867,True,True,False,4065
ETHUSD,2023-11-15,1700042400,True,0.0,8.537350910232266,8.537350910231353,8.537350910231353,8.537351524849399,True,True,False,5483
ETHUSD,2023-11-15,1700046000,True,-1.1443869998048783e-12,8.556214328135852,8.556214328134937,8.55621432813608,8.556214328135763,True,True,False,3832
ETHUSD,2023-11-15,1700049600,True,0.0,8.538380018181726,8.538380018180813,8.538380018180813,8.53838001818173,True,True,False,2343
ETHUSD,2023-11-15,1700053200,True,0.0,8.441039340208643,8.441039340207741,8.441039340208869,8.441531134576469,True,True,False,6202
ETHUSD,2023-11-15,1700056800,True,0.0,8.434589756438816,8.434589756437914,8.434589756437914,8.434589756438806,True,True,False,7465
ETHUSD,2023-11-15,1700060400,True,-1.128903959779913e-12,8.440452606858612,8.44045260685771,8.440452606858837,8.440452606858587,True,True,False,7120
ETHUSD,2023-11-15,1700064000,True,0.0,8.458342662387741,8.458342662386837,8.458342662387967,8.458342662387723,True,True,False,6659
ETHUSD,2023-11-15,1700067600,True,0.0,8.40726783577144,8.407267835770542,8.407267835771666,8.407267835771405,True,True,False,6721
ETHUSD,2023-11-15,1700071200,True,0.0,8.437603919018855,8.437603919017953,8.43760391901908,8.437603919018871,True,True,False,6663
ETHUSD,2023-11-15,1700074800,True,-1.1285061466693403e-12,8.43747828590147,8.437478285900566,8.437478285901696,8.437478285901479,True,True,False,6320
ETHUSD,2023-11-15,1700078400,True,0.0,8.33676611938249,8.3367661193816,8.336766119382714,8.33710342931677,True,True,False,13748
ETHUSD,2023-11-15,1700082000,True,0.0,8.281452469334269,8.281452469333383,8.2814524693356,8.281452469334255,True,True,False,11075
ETHUSD,2023-11-15,1700085600,True,-1.111531027445539e-12,8.310560767309186,8.310560767308298,8.31056076730941,8.310560767309214,True,True,False,11100
ETHUSD,2023-11-15,1700089200,True,-1.1118027834629872e-12,8.312592599836682,8.312592599835792,8.312592599836904,8.3125925998367,True,True,False,7238
XRPUSD,2022-03-15,1647302400,False,9.011715229799776,26.120913709561563,26.12091370956013,26.120913709561584,26.249620972548183,True,True,False,5910
XRPUSD,2022-03-15,1647306000,True,0.0,25.862849310108494,25.86284931010708,25.862849310108516,25.862849310108498,True,True,False,10112
XRPUSD,2022-03-15,1647309600,False,-1.2917560131255328,25.83512026248482,25.835120262483407,25.835120262484843,25.83512026248482,True,True,False,8690
XRPUSD,2022-03-15,1647313200,True,0.0,25.799460791269464,25.799460791268054,25.799460791269485,25.799460791269468,True,True,False,8886
XRPUSD,2022-03-15,1647316800,True,0.0,26.190694446263244,26.190694446261812,26.190694446263265,26.190694446263247,True,True,False,10066
XRPUSD,2022-03-15,1647320400,True,0.0,26.08820421846262,26.088204218461197,26.088204218462646,26.08820421846262,True,True,False,8338
XRPUSD,2022-03-15,1647324000,False,-14.04107342037944,26.24499704743783,26.2449970474364,26.244997047437856,26.244997047437828,True,True,False,8290
XRPUSD,2022-03-15,1647327600,True,0.0,26.317174588136222,26.31717458813478,26.317174588136243,26.317174588136226,True,True,False,7504
XRPUSD,2022-03-15,1647331200,False,-2.496878901373592,26.2829358039293,26.282935803927863,26.282935803929323,26.282935803929288,True,True,False,8092
XRPUSD,2022-03-15,1647334800,False,2.240999749535368,26.364702935709673,26.36470293570823,26.364702935709698,26.364702935709673,True,True,False,8088
XRPUSD,2022-03-15,1647338400,False,0.13297695509455343,26.595391018736457,26.595391018735004,26.59539101873648,26.595391018736446,True,True,False,10356
XRPUSD,2022-03-15,1647342000,True,0.0,26.71867902850883,26.71867902850737,26.718679028508852,26.718679028508827,True,True,False,9379
XRPUSD,2022-03-15,1647345600,True,0.0,26.658136063126467,26.65813606312501,26.658136063126488,26.658136063126467,True,True,False,9444
XRPUSD,2022-03-15,1647349200,True,0.0,26.60635891978183,26.606358919780373,26.60635891978185,26.606358919781833,True,True,False,7901
XRPUSD,2022-03-15,1647352800,False,-1.1945845500388037,26.546323334218215,26.546323334216762,26.546323334218236,26.546323334218215,True,True,False,8134
XRPUSD,2022-03-15,1647356400,True,0.0,26.343519494204426,26.343519494202987,26.34351949420445,26.343519494204433,True,True,False,9204
XRPUSD,2022-03-15,1647360000,True,0.0,26.412054461656304,26.412054461654858,26.412054461656325,26.412054461656304,True,True,False,10080
XRPUSD,2022-03-15,1647363600,False,5.908768612620478,26.26119383387169,26.261193833870255,26.26119383387171,26.26119383387168,True,True,False,10727
XRPUSD,2022-03-15,1647367200,False,-0.5242051739041358,26.210258695253323,26.21025869525189,26.210258695253344,26.210258695253323,True,True,False,10109
XRPUSD,2022-03-15,1647370800,False,2.7510676762639514,26.20064453585558,26.20064453585415,26.200644535855606,26.20064453585558,True,True,False,9985
XRPUSD,2022-03-15,1647374400,True,0.0,26.147892479866123,26.147892479864698,26.147892479866144,26.147892479866126,True,True,False,8774
XRPUSD,2022-03-15,1647378000,True,0.0,26.08242044861763,26.082420448616208,26.082420448617654,26.082420448617626,True,True,False,9099
XRPUSD,2022-03-15,1647381600,False,0.5189817577917327,25.949087889560683,25.949087889559266,25.949087889560705,25.949087889560683,True,True,False,10763
XRPUSD,2022-03-15,1647385200,True,0.0,26.127738513592956,26.12773851359153,26.127738513592977,26.12773851359297,True,True,False,8875
XRPUSD,2022-04-15,1649980800,True,0.0,27.689325764917623,27.68932576491611,27.689325764917644,27.936971014507506,True,True,False,6747
XRPUSD,2022-04-15,1649984400,True,0.0,27.652955409609405,27.65295540960789,27.65295540960943,27.652955409609405,True,True,False,10697
XRPUSD,2022-04-15,1649988000,True,0.0,27.5561801623059,27.556180162304393,27.556180162305925,27.556180162305893,True,True,False,8788
XRPUSD,2022-04-15,1649991600,True,0.0,27.477811667078836,27.477811667077336,27.47781166707886,27.477811667078843,True,True,False,11794
XRPUSD,2022-04-15,1649995200,True,0.0,26.98472664471909,26.984726644717615,26.98472664471911,26.98649530977025,True,True,False,11546
XRPUSD,2022-04-15,1649998800,False,-2.6233292671726804,26.233292671729693,26.233292671728258,26.233292671729714,26.233292671729693,True,True,False,15664
XRPUSD,2022-04-15,1650002400,True,0.0,25.43946678877611,25.439466788774716,25.43946678877613,25.439466788776112,True,True,False,19192
XRPUSD,2022-04-15,1650006000,True,0.0,25.560738705348584,25.560738705347188,25.560738705348605,25.560738705348584,True,True,False,19514
XRPUSD,2022-04-15,1650009600,True,0.0,25.69010031984175,25.690100319840344,25.690100319841772,25.69010031984175,True,True,False,16869
XRPUSD,2022-04-15,1650013200,False,0.13012023109438287,26.024046218706083,26.02404621870466,26.02404621870611,26.024046218706083,True,True,False,14333
XRPUSD,2022-04-15,1650016800,True,0.0,25.7105760454563,25.710576045454896,25.71057604545632,25.7105760454563,True,True,False,15750
XRPUSD,2022-04-15,1650020400,True,0.0,25.787817834854813,25.787817834853403,25.787817834854835,25.787817834854813,True,True,False,15317
XRPUSD,2022-04-15,1650024000,True,0.0,25.782498839787557,25.782498839786147,25.78249883978758,25.782498839787557,True,True,False,12889
XRPUSD,2022-04-15,1650027600,True,0.0,25.717849473427034,25.717849473425627,25.71784947342706,25.717849473427027,True,True,False,14451
XRPUSD,2022-04-15,1650031200,True,0.0,25.68449170390918,25.684491703907774,25.684491703909202,25.684491703909174,True,True,False,13761
XRPUSD,2022-04-15,1650034800,True,0.0,25.751957148743305,25.7519571487419,25.751957148743326,25.751957148743305,True,True,False,14099
XRPUSD,2022-04-15,1650038400,True,0.0,25.99698434981542,25.996984349814,25.996984349815445,25.99710310684656,True,True,False,15619
XRPUSD,2022-04-15,1650042000,False,0.7747633743535246,25.82544581175833,25.825445811756918,25.82544581175835,25.82624622847156,True,True,False,16705
XRPUSD,2022-04-15,1650045600,True,0.0,25.830782543557156,25.83078254355575,25.830782543557177,25.830782543557156,True,True,False,14851
XRPUSD,2022-04-15,1650049200,True,0.0,25.825779292890164,25.825779292888754,25.825779292890186,25.82617242782271,True,True,False,13379
XRPUSD,2022-04-15,1650052800,True,0.0,25.776849811184576,25.77684981118317,25.776849811184597,25.776849811184572,True,True,False,12916
XRPUSD,2022-04-15,1650056400,True,0.0,25.842464337399214,25.842464337397804,25.842464337399235,25.842464337399203,True,True,False,11156
XRPUSD,2022-04-15,1650060000,True,0.0,25.928566798470218,25.9285667984688,25.92856679847024,25.92856679847022,True,True,False,11621
XRPUSD,2022-04-15,1650063600,True,0.0,25.600327684194355,25.60032768419296,25.600327684194376,25.600327684194365,True,True,False,11790
XRPUSD,2022-05-15,1652576400,True,0.0,46.86584651435267,46.86584651435141,46.86584651435271,46.865846514352654,True,True,False,5610
XRPUSD,2022-05-15,1652580000,True,0.0,46.965996618448244,46.96599661844698,46.96599661844828,46.96599661844824,True,True,False,6305
XRPUSD,2022-05-15,1652583600,True,0.0,47.01236425179822,47.01236425179695,47.01236425179826,47.01236425179822,True,True,False,5965
XRPUSD,2022-05-15,1652587200,True,0.0,47.48789058790009,47.48789058789882,47.487890587900125,47.48789058790008,True,True,False,4637
XRPUSD,2022-05-15,1652590800,True,0.0,47.628119641836534,47.62811964183526,47.62811964183658,47.628119641836534,True,True,False,4926
XRPUSD,2022-05-15,1652594400,True,0.0,47.75093114315729,47.75093114315601,47.75093114315733,47.75093114315728,True,True,False,4286
XRPUSD,2022-05-15,1652598000,True,0.0,47.99500851911401,47.99500851911272,47.99500851911405,47.99500851911402,True,True,False,4296
XRPUSD,2022-05-15,1652601600,True,0.0,47.28132387706856,47.281323877067294,47.2813238770686,47.28132387706857,True,True,False,4708
XRPUSD,2022-05-15,1652605200,True,0.0,47.09650072999576,47.096500729994496,47.0965007299958,47.09650072999576,True,True,False,4493
XRPUSD,2022-05-15,1652608800,True,0.0,47.612245869637675,47.612245869636396,47.61224586963772,47.61224586963766,True,True,False,4505
XRPUSD,2022-05-15,1652612400,True,0.0,47.77602599015814,47.77602599015686,47.77602599015818,47.776025990158146,True,True,False,4546
XRPUSD,2022-05-15,1652616000,True,0.0,47.43270484999407,47.432704849992795,47.43270484999411,47.43270484999407,True,True,False,3770
XRPUSD,2022-05-15,1652619600,True,0.0,47.23442444853809,47.23442444853682,47.23442444853813,47.23442444853811,True,True,False,3975
XRPUSD,2022-05-15,1652623200,True,0.0,46.560353858689325,46.560353858688075,46.56035385868937,46.56035385868932,True,True,False,5695
XRPUSD,2022-05-15,1652626800,True,0.0,46.32739570545042,46.32739570544917,46.32739570545046,46.32739570545043,True,True,False,6184
XRPUSD,2022-05-15,1652630400,True,0.0,47.04554008280015,47.04554008279889,47.045540082800194,47.04554008280016,True,True,False,5530
XRPUSD,2022-05-15,1652634000,True,0.0,47.04664675025288,47.04664675025162,47.04664675025292,47.04664675025286,True,True,False,5819
XRPUSD,2022-05-15,1652637600,True,0.0,47.014574518100616,47.01457451809935,47.01457451810065,47.0145745181006,True,True,False,5572
XRPUSD,2022-05-15,1652641200,True,0.0,46.8362137604796,46.836213760478344,46.836213760479644,46.83621376047959,True,True,False,5288
XRPUSD,2022-05-15,1652644800,True,0.0,47.17537445453473,47.17537445453347,47.175374454534776,47.17537445453472,True,True,False,4049
XRPUSD,2022-05-15,1652648400,True,0.0,46.67771372558172,46.67771372558046,46.67771372558176,46.67771372558167,True,True,False,4372
XRPUSD,2022-05-15,1652652000,True,0.0,46.34027665145161,46.34027665145037,46.34027665145165,46.34027665145161,True,True,False,4130
XRPUSD,2022-05-15,1652655600,True,0.0,45.492800764279046,45.492800764277824,45.492800764279096,45.64990754949317,True,True,False,6118
XRPUSD,2022-06-15,1655251200,True,0.0,64.00614458988062,64.0061445898789,64.00614458988068,64.00614458988062,True,True,False,3619
XRPUSD,2022-06-15,1655254800,True,0.0,63.45781641653711,63.4578164165354,63.45781641653716,63.457816416537135,True,True,False,4824
XRPUSD,2022-06-15,1655258400,True,0.0,62.26456212446686,62.264562124465186,62.26456212446691,62.26456212446686,True,True,False,6652
XRPUSD,2022-06-15,1655262000,True,0.0,62.861453356801604,62.86145335679993,62.86145335680167,62.861453356801604,True,True,False,5827
XRPUSD,2022-06-15,1655265600,True,0.0,62.102158049992234,62.10215804999057,62.1021580499923,62.10215804999225,True,True,False,5535
XRPUSD,2022-06-15,1655269200,True,0.0,62.83577869238744,62.83577869238575,62.8357786923875,62.83577869238744,True,True,False,4629
XRPUSD,2022-06-15,1655272800,True,0.0,63.87327542156361,63.8732754215619,63.873275421563676,63.87327542156361,True,True,False,5099
XRPUSD,2022-06-15,1655276400,True,0.0,65.26776098945926,65.2677609894575,65.26776098945932,65.26776098945925,True,True,False,7635
XRPUSD,2022-06-15,1655280000,True,0.0,65.57592052198433,65.57592052198257,65.57592052198439,65.57592052198433,True,True,False,7497
XRPUSD,2022-06-15,1655283600,True,0.0,65.04488096786784,65.04488096786608,65.04488096786788,65.04488096786781,True,True,False,6617
XRPUSD,2022-06-15,1655287200,True,0.0,65.67281802062126,65.6728180206195,65.67281802062134,65.67281802062125,True,True,False,6239
XRPUSD,2022-06-15,1655290800,True,0.0,66.29760997116054,66.29760997115876,66.2976099711606,66.29760997116055,True,True,False,8808
XRPUSD,2022-06-15,1655294400,True,0.0,66.15287930407172,66.15287930406994,66.15287930407176,66.1528793040717,True,True,False,7513
XRPUSD,2022-06-15,1655298000,True,0.0,65.36802196365538,65.36802196365362,65.36802196365544,65.3680219636554,True,True,False,7212
XRPUSD,2022-06-15,1655301600,True,0.0,64.64750945469827,64.64750945469652,64.64750945469832,64.64750945469827,True,True,False,7016
XRPUSD,2022-06-15,1655305200,True,0.0,64.50156416293095,64.50156416292921,64.501564162931,64.50156416293095,True,True,False,6779
XRPUSD,2022-06-15,1655308800,True,0.0,63.77754392678339,63.77754392678167,63.77754392678344,63.77754392678339,True,True,False,7165
XRPUSD,2022-06-15,1655312400,True,0.0,64.79411669420416,64.79411669420243,64.79411669420423,64.79411669420415,True,True,False,6710
XRPUSD,2022-06-15,1655316000,True,0.0,64.1704366798216,64.17043667981989,64.17043667982166,64.1704366798216,True,True,False,5447
XRPUSD,2022-06-15,1655319600,True,0.0,65.52435868033942,65.52435868033766,65.52435868033947,65.52435868033942,True,True,False,6048
XRPUSD,2022-06-15,1655323200,True,0.0,64.47453255963894,64.47453255963721,64.474532559639,64.47453255963894,True,True,False,7110
XRPUSD,2022-06-15,1655326800,True,0.0,62.560605586662085,62.5606055866604,62.56060558666214,62.60841175520344,True,True,False,10924
XRPUSD,2022-06-15,1655330400,True,0.0,61.95019204559534,61.950192045593674,61.95019204559539,61.95019204559534,True,True,False,9819
XRPUSD,2022-06-15,1655334000,True,0.0,60.92545770250099,60.92545770249935,60.92545770250105,60.92545770250099,True,True,False,5915
XRPUSD,2022-07-15,1657843200,True,0.0,61.24636349716736,61.24636349716571,61.24636349716741,61.246363497167316,True,True,False,1996
XRPUSD,2022-07-15,1657846800,True,0.0,60.762570256721865,60.762570256720224,60.762570256721915,60.762570256721894,True,True,False,2203
XRPUSD,2022-07-15,1657850400,True,0.0,59.96641880546895,59.966418805467335,59.966418805469,59.96641880546888,True,True,False,2553
XRPUSD,2022-07-15,1657854000,True,0.0,60.04743747560573,60.04743747560412,60.04743747560578,60.0474374756057,True,True,False,3641
XRPUSD,2022-07-15,1657857600,True,0.0,57.763401109057305,57.76340110905575,57.763401109057355,57.76340110905731,True,True,False,5055
XRPUSD,2022-07-15,1657861200,True,0.0,58.215689128220056,58.215689128218486,58.215689128220106,58.21568912822006,True,True,False,4744
XRPUSD,2022-07-15,1657864800,True,0.0,58.06020843614829,58.06020843614672,58.060208436148336,58.06020843614829,True,True,False,3270
XRPUSD,2022-07-15,1657868400,True,0.0,58.38222844965993,58.382228449658356,58.382228449659976,58.38222844965993,True,True,False,3679
XRPUSD,2022-07-15,1657872000,True,0.0,58.597755705956466,58.59775570595489,58.597755705956516,58.59775570595647,True,True,False,3318
XRPUSD,2022-07-15,1657875600,True,0.0,59.557487865161846,59.55748786516025,59.5574878651619,59.557487865161846,True,True,False,3428
XRPUSD,2022-07-15,1657879200,True,0.0,59.05802450908018,59.058024509078585,59.05802450908023,59.058024509080155,True,True,False,3861
XRPUSD,2022-07-15,1657882800,True,0.0,58.88587916617595,58.88587916617437,58.885879166176004,58.88587916617594,True,True,False,3621
XRPUSD,2022-07-15,1657886400,True,0.0,58.68544600938968,58.6854460093881,58.68544600938973,58.6854460093897,True,True,False,3810
XRPUSD,2022-07-15,1657890000,True,0.0,59.119125036949455,59.119125036947864,59.119125036949505,59.11912503694944,True,True,False,3010
XRPUSD,2022-07-15,1657893600,True,0.0,59.72823652381664,59.728236523815035,59.72823652381669,59.728236523816655,True,True,False,3399
XRPUSD,2022-07-15,1657897200,True,0.0,59.46187007581389,59.46187007581229,59.46187007581394,59.46187007581391,True,True,False,4483
XRPUSD,2022-07-15,1657900800,True,0.0,59.90893841361131,59.9089384136097,59.90893841361136,59.908938413611324,True,True,False,4517
XRPUSD,2022-07-15,1657904400,True,0.0,59.91611743559018,59.91611743558857,59.91611743559023,59.91611743559021,True,True,False,4413
XRPUSD,2022-07-15,1657908000,True,0.0,60.71645415907711,60.716454159075475,60.71645415907716,60.71645415907711,True,True,False,3399
XRPUSD,2022-07-15,1657911600,True,0.0,60.812454390659205,60.81245439065758,60.81245439065926,60.812454390659234,True,True,False,4192
XRPUSD,2022-07-15,1657915200,True,0.0,60.97189195780746,60.97189195780581,60.971891957807514,60.97189195780746,True,True,False,3509
XRPUSD,2022-07-15,1657918800,True,0.0,60.170281897770685,60.17028189776907,60.17028189777074,60.17028189777071,True,True,False,3514
XRPUSD,2022-07-15,1657922400,True,0.0,59.84440454817475,59.84440454817314,59.8444045481748,59.84440454817472,True,True,False,4103
XRPUSD,2022-07-15,1657926000,True,0.0,60.168471720818296,60.16847172081668,60.168471720818346,60.16847172081834,True,True,False,3567
XRPUSD,2022-08-15,1660521600,True,0.0,52.8429507503699,52.84295075036849,52.84295075036995,52.84295075036989,True,True,False,1815
XRPUSD,2022-08-15,1660525200,True,0.0,53.173105043469015,53.17310504346759,53.17310504346906,53.17310504346902,True,True,False,3840
XRPUSD,2022-08-15,1660528800,True,0.0,53.2708288940976,53.270828894096155,53.27082889409764,53.27082889409761,True,True,False,3061
XRPUSD,2022-08-15,1660532400,True,0.0,52.805280528052805,52.80528052805139,52.805280528052855,52.80528052805283,True,True,False,4080
XRPUSD,2022-08-15,1660536000,True,0.0,52.75792028278246,52.757920282781036,52.7579202827825,52.757920282782486,True,True,False,3783
XRPUSD,2022-08-15,1660539600,True,0.0,52.32314776056927,52.32314776056786,52.32314776056932,52.32314776056922,True,True,False,3941
XRPUSD,2022-08-15,1660543200,True,0.0,52.445260259604034,52.44526025960263,52.44526025960408,52.445260259604,True,True,False,4881
XRPUSD,2022-08-15,1660546800,True,0.0,52.40952805219989,52.40952805219848,52.40952805219993,52.40952805219985,True,True,False,3397
XRPUSD,2022-08-15,1660550400,True,0.0,52.3985433204957,52.398543320494284,52.39854332049574,52.398543320495634,True,True,False,3449
XRPUSD,2022-08-15,1660554000,True,0.0,53.74899220639613,53.74899220639469,53.74899220639618,53.74899220639613,True,True,False,5928
XRPUSD,2022-08-15,1660557600,True,0.0,54.12866383393326,54.1286638339318,54.12866383393331,54.12866383393324,True,True,False,4870
XRPUSD,2022-08-15,1660561200,True,0.0,54.355211305883955,54.35521130588249,54.355211305884,54.355211305883955,True,True,False,4395
XRPUSD,2022-08-15,1660564800,True,0.0,54.051132371223176,54.05113237122172,54.051132371223225,54.051132371223154,True,True,False,3399
XRPUSD,2022-08-15,1660568400,True,0.0,53.937432578209275,53.937432578207826,53.937432578209325,53.93743257820924,True,True,False,3025
XRPUSD,2022-08-15,1660572000,True,0.0,54.380336070476915,54.38033607047545,54.38033607047696,54.380336070476915,True,True,False,3358
XRPUSD,2022-08-15,1660575600,True,0.0,54.47809980387884,54.47809980387738,54.478099803878884,54.47809980387884,True,True,False,4122
XRPUSD,2022-08-15,1660579200,True,0.0,53.82131324004306,53.82131324004161,53.821313240043104,53.82131324004303,True,True,False,4987
XRPUSD,2022-08-15,1660582800,True,0.0,54.01026194977045,54.01026194976901,54.0102619497705,54.010261949770445,True,True,False,4342
XRPUSD,2022-08-15,1660586400,True,0.0,53.72011818426,53.72011818425856,53.72011818426005,53.720118184259995,True,True,False,3622
XRPUSD,2022-08-15,1660590000,True,0.0,53.53892279687333,53.53892279687189,53.53892279687337,53.53892279687335,True,True,False,3650
XRPUSD,2022-08-15,1660593600,True,0.0,53.86334868438771,53.86334868438626,53.86334868438776,53.86334868438774,True,True,False,3504
XRPUSD,2022-08-15,1660597200,True,0.0,53.896733857928204,53.896733857926755,53.89673385792826,53.89673385792822,True,True,False,2518
XRPUSD,2022-08-15,1660600800,True,0.0,53.74754776813308,53.74754776813164,53.74754776813313,53.74754776813308,True,True,False,3831
XRPUSD,2022-08-15,1660604400,True,0.0,53.500254126207096,53.50025412620567,53.500254126207146,53.50025412620713,True,True,False,3119
XRPUSD,2022-09-15,1663200000,True,0.0,58.23772639916138,58.23772639915981,58.23772639916143,58.42524392211239,True,True,False,2236
XRPUSD,2022-09-15,1663203600,True,0.0,58.50348095711695,58.50348095711538,58.503480957117,58.50348095711697,True,True,False,2932
XRPUSD,2022-09-15,1663207200,True,0.0,58.61836513379642,58.618365133794846,58.61836513379647,58.61836513379646,True,True,False,3096
XRPUSD,2022-09-15,1663210800,True,0.0,58.76821814762576,58.76821814762418,58.76821814762581,58.76821814762579,True,True,False,3649
XRPUSD,2022-09-15,1663214400,True,0.0,59.05802450908018,59.058024509078585,59.05802450908023,59.058024509080184,True,True,False,3564
XRPUSD,2022-09-15,1663218000,True,0.0,59.506099375185954,59.506099375184355,59.50609937518601,59.506099375185954,True,True,False,3136
XRPUSD,2022-09-15,1663221600,True,0.0,59.62495900784068,59.624959007839074,59.62495900784073,59.62495900784071,True,True,False,4062
XRPUSD,2022-09-15,1663225200,True,0.0,59.250481410161456,59.250481410159864,59.250481410161505,59.25048141016148,True,True,False,3252
XRPUSD,2022-09-15,1663228800,True,0.0,59.32605600379687,59.32605600379528,59.32605600379693,59.32605600379679,True,True,False,4218
XRPUSD,2022-09-15,1663232400,True,0.0,59.00749395173187,59.00749395173028,59.007493951731924,59.00749395173187,True,True,False,6769
XRPUSD,2022-09-15,1663236000,True,0.0,58.7319766246733,58.731976624671724,58.73197662467336,58.73197662467333,True,True,False,4971
XRPUSD,2022-09-15,1663239600,True,0.0,58.852955889709555,58.85295588970798,58.85295588970961,58.85295588970958,True,True,False,3757
XRPUSD,2022-09-15,1663243200,True,1.647459600274754e-12,59.355987535242626,59.35598753524103,59.35598753524103,59.3559875352426,True,True,False,3135
XRPUSD,2022-09-15,1663246800,True,0.0,59.577003276735184,59.57700327673358,59.57700327673523,59.57700327673519,True,True,False,3274
XRPUSD,2022-09-15,1663250400,True,0.0,59.68367651447329,59.683676514471685,59.68367651447334,59.68367651447331,True,True,False,2856
XRPUSD,2022-09-15,1663254000,True,0.0,59.8104010287389,59.81040102873729,59.81040102873895,59.81040102873892,True,True,False,3589
XRPUSD,2022-09-15,1663257600,True,0.0,60.12144531954548,60.12144531954387,60.12144531954553,60.12144531954547,True,True,False,4227
XRPUSD,2022-09-15,1663261200,True,0.0,61.34969325153374,61.349693251532095,61.34969325153379,61.34969325153375,True,True,False,5825
XRPUSD,2022-09-15,1663264800,True,0.0,61.47037128104254,61.47037128104089,61.47037128104259,61.47037128104254,True,True,False,5862
XRPUSD,2022-09-15,1663268400,True,0.0,61.41563027790573,61.41563027790408,61.415630277905784,61.41563027790572,True,True,False,3700
XRPUSD,2022-09-15,1663272000,True,0.0,61.02212051868803,61.022120518686386,61.02212051868808,61.02212051868805,True,True,False,2987
XRPUSD,2022-09-15,1663275600,True,0.0,61.12469437652812,61.12469437652647,61.124694376528176,61.12469437652813,True,True,False,2664
XRPUSD,2022-09-15,1663279200,False,51.90047321019628,61.059380247290484,61.05938024728885,61.05938024729054,61.05938024729054,True,True,False,280
XRPUSD,2022-10-15,1665792000,True,0.0,41.53168867846167,41.53168867846055,41.531688678461705,41.559901688209344,True,True,False,2912
XRPUSD,2022-10-15,1665795600,True,0.0,40.9626216077829,40.9626216077818,40.962621607782935,40.96262160778289,True,True,False,4482
XRPUSD,2022-10-15,1665799200,True,0.0,40.9794078475566,40.9794078475555,40.97940784755664,40.97940784755659,True,True,False,3757
XRPUSD,2022-10-15,1665802800,True,0.0,41.09223151363235,41.09223151363125,41.092231513632385,41.09223151363232,True,True,False,3602
XRPUSD,2022-10-15,1665806400,True,0.0,41.240514681623225,41.24051468162212,41.24051468162327,41.24051468162322,True,True,False,2519
XRPUSD,2022-10-15,1665810000,True,0.0,41.02059233735336,41.02059233735225,41.02059233735339,41.02059233735337,True,True,False,3124
XRPUSD,2022-10-15,1665813600,True,0.0,40.997048212528696,40.997048212527595,40.99704821252874,40.99704821252869,True,True,False,2360
XRPUSD,2022-10-15,1665817200,True,0.0,41.03826818508259,41.03826818508149,41.03826818508263,41.03826818508255,True,True,False,1902
XRPUSD,2022-10-15,1665820800,True,0.0,41.07872738102573,41.07872738102463,41.078727381025764,41.07872738102574,True,True,False,2768
XRPUSD,2022-10-15,1665824400,True,0.0,41.193796214290124,41.19379621428902,41.19379621429016,41.1937962142901,True,True,False,2409
XRPUSD,2022-10-15,1665828000,True,0.0,41.150569935393605,41.1505699353925,41.15056993539364,41.1505699353936,True,True,False,1935
XRPUSD,2022-10-15,1665831600,True,0.0,41.731001961357094,41.73100196135597,41.73100196135712,41.73100196135707,True,True,False,4216
XRPUSD,2022-10-15,1665835200,True,0.0,41.497219686281014,41.497219686279905,41.49721968628106,41.49721968628103,True,True,False,3304
XRPUSD,2022-10-15,1665860400,True,0.0,41.227762775452995,41.22776277545188,41.22776277545302,41.22776277545298,True,True,False,2989
XRPUSD,2022-10-15,1665864000,True,0.0,41.33256179217989,41.332561792178765,41.33256179217992,41.33256179217987,True,True,False,2147
XRPUSD,2022-10-15,1665867600,True,0.0,41.44562334217507,41.44562334217395,41.445623342175104,41.44562334217509,True,True,False,2111
XRPUSD,2022-10-15,1665871200,True,0.0,41.333416000165336,41.33341600016423,41.33341600016537,41.333416000165315,True,True,False,2287
XRPUSD,2022-10-15,1665874800,True,0.0,41.52047997674853,41.52047997674741,41.52047997674857,41.520479976748526,True,True,False,1763
XRPUSD,2022-11-15,1668470400,True,-19.79344796477536,53.859722353131275,53.859722353129825,93.44661828268354,205.1784421827297,True,False,False,4833
XRPUSD,2022-11-15,1668474000,True,-20.97772112907824,53.108154757162964,53.108154757161536,95.06359701532097,271.4132690103545,True,False,False,6158
XRPUSD,2022-11-15,1668477600,True,-235.29411764705904,52.287581699346404,52.287581699345,522.8758169934645,304.4503516208892,True,False,False,4750
XRPUSD,2022-11-15,1668481200,True,-237.02923360547823,52.673163023439564,52.67316302343814,526.7316302343961,452.9149327938268,True,False,False,4057
XRPUSD,2022-11-15,1668484800,True,-82.22132362852129,53.91562205148942,53.91562205148797,218.35826930853202,388.3936120716356,True,False,False,4112
XRPUSD,2022-11-15,1668488400,True,-25.81872537029505,54.355211305883955,54.355211305884,105.9926620464741,202.6647114113745,True,False,False,3804
XRPUSD,2022-11-15,1668492000,True,-28.305701577031822,53.91562205148942,53.91562205148797,110.5270252055531,108.75090438947998,True,False,False,2140
XRPUSD,2022-11-15,1668495600,True,-28.04112698624637,53.41167044999332,53.411670449993366,109.49392442248612,124.10505392146965,True,False,False,3927
XRPUSD,2022-11-15,1668499200,True,-27.988804478208596,53.312008529921364,53.312008529921414,109.28961748633861,109.1858570336535,True,False,False,3879
XRPUSD,2022-11-15,1668502800,True,-60.27253668763165,52.410901467505234,52.410901467505276,172.95597484276712,111.52508937859506,True,False,False,3195
XRPUSD,2022-11-15,1668506400,True,-43.05283757338512,52.185257664709724,52.185257664709766,138.29093281148147,142.06064559849938,True,False,False,4797
XRPUSD,2022-11-15,1668510000,True,-66.74519042010199,52.34916895694281,52.349168956942854,185.83954979714684,155.23988169716984,True,False,False,3097
XRPUSD,2022-11-15,1668513600,True,-96.36835278858686,61.478599221789885,61.478599221789445,254.2153047989632,172.10128454084037,True,False,False,3124
XRPUSD,2022-11-15,1668517200,True,-26.288117770767634,52.576235541535226,52.57623554153527,105.15247108307054,145.4036727420298,True,False,False,2490
XRPUSD,2022-11-15,1668520800,True,-30.259553932437576,56.86709273509848,56.86709273509887,117.38620059997403,150.48236010973577,True,False,False,2721
XRPUSD,2022-11-15,1668524400,True,-60.20238247726306,51.236070193416175,51.23607019341622,171.64083514794373,153.58607162049128,True,False,False,3774
XRPUSD,2022-11-15,1668528000,True,-38.53092783505217,51.80412371134021,51.80412371134051,128.86597938144342,181.1728674006392,True,False,False,3425
XRPUSD,2022-11-15,1668531600,True,-23.02379125095963,51.16398055768739,51.16398055768743,97.21156305960525,190.8879968105455,True,False,False,3845
XRPUSD,2022-11-15,1668535200,True,-212.2877122877111,49.95004995004995,49.950049950049994,474.5254745254736,228.28846500296797,True,False,False,3891
XRPUSD,2022-11-15,1668538800,True,-31.957049725168694,51.131279560271,51.13127956026962,115.04537901060985,315.63923848581754,True,False,False,2717
XRPUSD,2022-11-15,1668542400,True,-78.41087297438585,52.27391531625719,52.27391531625723,209.09566126502892,181.10603999663542,True,False,False,4015
XRPUSD,2022-11-15,1668546000,True,-2.8645087367516204,52.081977031848126,52.08197703184817,57.81099450535142,173.57084331036918,True,False,False,5067
XRPUSD,2022-11-15,1668549600,True,-88.40216387386249,52.7774112679773,52.777411267975886,229.5817390157009,148.13013916030488,True,False,False,5620
XRPUSD,2022-11-15,1668553200,True,-46.51162790697736,51.679586563307495,51.67958656330754,144.70284237726082,103.47320302854551,True,False,False,2423
XRPUSD,2022-12-15,1671062400,True,-10.36269430051843,51.81347150259067,51.81347150258928,72.53886010362757,68.20212642324692,True,False,False,400
XRPUSD,2022-12-15,1671066000,True,0.0,54.52421134622875,54.5242113462285,54.5242113462285,59.292233270072536,True,True,False,1103
XRPUSD,2022-12-15,1671069600,True,-1.2956724540049236,54.41824306815238,54.41824306815213,57.00958797616054,57.884627044253826,True,False,False,1252
XRPUSD,2022-12-15,1671073200,True,-1.314751511964094,55.21956350249804,55.219563502497785,57.84906652642744,59.651357341073606,True,False,False,2286
XRPUSD,2022-12-15,1671076800,True,0.0,55.24135209785612,55.24135209785587,55.24135209785587,59.89193956134566,True,True,False,2265
XRPUSD,2022-12-15,1671080400,True,-2.6215755669154275,55.053086905230046,55.053086905229804,60.296238039060654,58.51393277431095,True,False,False,1379
XRPUSD,2022-12-15,1671084000,True,-1.3116474291708944,55.08919202518364,55.089192025183394,57.71248688352518,58.16224379798845,True,False,False,1238
XRPUSD,2022-12-15,1671087600,True,-1.3140604467804071,55.19053876478319,55.190538764782936,57.81865965834375,58.45577664460222,True,False,False,1159
XRPUSD,2022-12-15,1671091200,True,-1.3109596224434843,55.06030414263241,55.06030414263216,57.68222338751913,60.211754432673274,True,False,False,725
XRPUSD,2022-12-15,1671094800,True,-2.6250164063522505,55.12534453340334,55.125344533403094,60.37537734610759,59.34203218632199,True,False,False,819
XRPUSD,2022-12-15,1671098400,True,-1.3192612137201714,55.40897097625331,55.40897097625306,58.0474934036934,60.54762639885331,True,False,False,1220
XRPUSD,2022-12-15,1671102000,True,-1.3113034356148572,55.074744295830065,55.074744295829824,57.69735116706099,58.76313879001486,True,False,False,1270
XRPUSD,2022-12-15,1671105600,True,-2.6340050046106804,55.314105096799686,55.31410509679944,60.58211510601933,60.59506696184787,True,False,False,944
XRPUSD,2022-12-15,1671109200,True,-2.629157355067411,55.21230445642173,55.21230445642148,60.47061916655776,58.80647574292403,True,False,False,797
XRPUSD,2022-12-15,1671112800,True,-1.3116474291708944,55.08919202518364,55.089192025183394,57.71248688352518,59.891988524349934,True,False,False,851
XRPUSD,2022-12-15,1671116400,True,-2.630540576088096,55.24135209785612,55.24135209785587,60.50243325003206,60.19389199161146,True,False,False,2166
XRPUSD,2022-12-15,1671120000,True,-1.3123359580051048,55.11811023622048,55.118110236220225,57.74278215223044,58.7103623437659,True,False,False,1970
XRPUSD,2022-12-15,1671123600,True,-1.30924325739708,54.98821681068343,54.988216810683184,57.60670332547734,59.26113641767743,True,False,False,1771
XRPUSD,2022-12-15,1671127200,True,-1.30924325739708,54.98821681068343,54.988216810683184,57.60670332547734,58.39122838594049,True,False,False,1388
XRPUSD,2022-12-15,1671130800,True,-1.3171759747100762,55.32139093782931,55.32139093782905,57.9557428872492,58.67597487887046,True,False,False,1633
XRPUSD,2022-12-15,1671134400,True,-2.6592208482911577,55.84363781412047,55.84363781412022,61.16207951070253,59.55979440249459,True,False,False,2621
XRPUSD,2022-12-15,1671138000,True,-1.3231013495632307,55.570256681661824,55.57025668166157,58.21645938078803,59.30562373400002,True,False,False,1508
XRPUSD,2022-12-15,1671141600,True,-2.640264026403815,55.44554455445545,55.445544554455196,60.72607260726136,58.87487983487817,True,False,False,1110
XRPUSD,2022-12-15,1671145200,True,-2.640264026403815,55.44554455445545,55.445544554455196,60.72607260726136,59.37807590397667,True,False,False,1226
XRPUSD,2023-01-15,1673744400,True,0.0,50.598325195436026,50.59832519543467,50.59832519543607,50.598325195436054,True,True,False,5851
XRPUSD,2023-01-15,1673748000,True,0.0,51.32811497497755,51.32811497497616,51.328114974977595,51.32811497497755,True,True,False,10120
XRPUSD,2023-01-15,1673751600,True,0.0,51.31494547787044,51.31494547786905,51.31494547787048,51.3149454778704,True,True,False,5407
XRPUSD,2023-01-15,1673755200,True,0.0,51.659563476688625,51.65956347668724,51.65956347668867,51.65956347668859,True,True,False,4806
XRPUSD,2023-01-15,1673758800,True,0.0,51.26890540886952,51.268905408868136,51.26890540886957,51.26890540886949,True,True,False,4851
XRPUSD,2023-01-15,1673762400,True,0.0,51.37030282793517,51.37030282793379,51.37030282793521,51.37030282793511,True,True,False,3262
XRPUSD,2023-01-15,1673766000,True,0.0,51.44959226198132,51.44959226197994,51.449592261981365,51.44959226198129,True,True,False,2779
XRPUSD,2023-01-15,1673769600,True,0.0,51.64488973816041,51.64488973815902,51.64488973816045,51.644889738160394,True,True,False,2440
XRPUSD,2023-01-15,1673773200,True,0.0,51.564997679575114,51.56499767957372,51.56499767957516,51.56499767957509,True,True,False,3821
XRPUSD,2023-01-15,1673776800,True,0.0,52.428762419063105,52.42876241906169,52.42876241906315,52.428762419063126,True,True,False,5427
XRPUSD,2023-01-15,1673780400,True,0.0,52.0494469746259,52.0494469746245,52.049446974625944,52.0494469746259,True,True,False,4710
XRPUSD,2023-01-15,1673784000,True,0.0,52.0494469746259,52.0494469746245,52.049446974625944,52.0494469746259,True,True,False,3824
XRPUSD,2023-01-15,1673787600,True,0.0,52.08333333333333,52.083333333331936,52.083333333333385,52.083333333333314,True,True,False,3503
XRPUSD,2023-01-15,1673791200,True,0.0,52.54032469920664,52.54032469920523,52.540324699206685,52.54032469920666,True,True,False,4049
XRPUSD,2023-01-15,1673794800,True,0.0,52.42189138184105,52.42189138183965,52.42189138184111,52.42189138184104,True,True,False,4183
XRPUSD,2023-01-15,1673798400,True,0.0,51.86318491818582,51.86318491818443,51.86318491818443,51.86318491818584,True,True,False,3573
XRPUSD,2023-01-15,1673802000,True,1.4294103574419425e-12,51.499935625080475,51.49993562507908,51.49993562507908,51.499935625080475,True,True,False,5783
XRPUSD,2023-01-15,1673805600,True,0.0,51.75313753396299,51.753137533961606,51.753137533963034,51.75313753396301,True,True,False,5127
XRPUSD,2023-01-15,1673809200,True,0.0,51.75849486296939,51.75849486296799,51.758494862969435,51.7584948629694,True,True,False,5504
XRPUSD,2023-01-15,1673812800,True,0.0,51.76117394342504,51.76117394342364,51.761173943425085,51.76117394342506,True,True,False,5478
XRPUSD,2023-01-15,1673816400,True,0.0,51.882020285869935,51.882020285868535,51.88202028586998,51.88202028586997,True,True,False,3231
XRPUSD,2023-01-15,1673820000,True,0.0,51.65289256198347,51.652892561982085,51.65289256198351,51.65289256198347,True,True,False,3189
XRPUSD,2023-01-15,1673823600,True,0.0,51.87260089220874,51.87260089220734,51.87260089220878,52.09898343669701,True,True,False,3046
XRPUSD,2023-02-15,1676419200,True,-5.271481286240854,52.71481286241435,52.71481286241293,63.25777543489756,72.31422733114073,True,False,False,1008
XRPUSD,2023-02-15,1676422800,True,-2.617458447846852,54.96662740478996,54.96662740478971,60.20154430048341,61.3827216305856,True,False,False,1114
XRPUSD,2023-02-15,1676426400,True,-2.6340050046106804,55.314105096799686,55.31410509679944,60.58211510601933,60.1990933249241,True,False,False,831
XRPUSD,2023-02-15,1676430000,True,0.0,55.71030640668525,55.71030640668499,55.71030640668499,60.636894789624755,True,True,False,836
XRPUSD,2023-02-15,1676433600,True,-5.286110744019505,55.50416281221093,55.50416281221068,66.07638430025115,62.6231584364846,True,False,False,775
XRPUSD,2023-02-15,1676437200,True,-2.6284662899195426,55.19779208831647,55.19779208831622,60.4547246681553,60.86169413447093,True,False,False,865
XRPUSD,2023-02-15,1676440800,True,-1.3123359580051048,55.11811023622048,55.118110236220225,57.74278215223044,60.87299910823173,True,False,False,639
XRPUSD,2023-02-15,1676444400,True,-6.570302233902036,55.1905387647832,55.19053876478295,68.33114323258847,62.86557008531123,True,False,False,648
XRPUSD,2023-02-15,1676448000,True,-2.617458447846852,54.96662740478996,54.96662740478971,60.20154430048341,61.81441019313423,True,False,False,522
XRPUSD,2023-02-15,1676451600,True,-2.613012803763901,57.48628168278024,57.48628168277971,62.71230729030606,60.25083167564109,True,False,False,589
XRPUSD,2023-02-15,1676455200,True,-1.3109596224434843,55.06030414263241,55.06030414263216,57.68222338751913,61.38642505916762,True,False,False,620
XRPUSD,2023-02-15,1676458800,True,-2.6133542401669674,54.88043904351236,54.880439043512105,60.107147523846045,60.55779747550874,True,False,False,746
XRPUSD,2023-02-15,1676462400,True,-2.595043466977786,54.49591280653952,54.49591280653927,59.68599974049629,60.22239931945856,True,False,False,628
XRPUSD,2023-02-15,1676466000,True,-3.8834951456306404,51.77993527508091,51.77993527508095,59.546925566343674,59.8879393279866,True,False,False,1582
XRPUSD,2023-02-15,1676469600,True,-2.5776517592484725,54.13068694419385,54.1306869441936,59.285990462689114,61.08959345450526,True,False,False,2253
XRPUSD,2023-02-15,1676473200,True,-2.584313218763264,54.2705775940044,54.270577594004145,59.43920403152924,59.432598543067535,True,False,False,1673
XRPUSD,2023-02-15,1676476800,True,-2.5833118057346676,51.666236114699046,51.66623611469766,56.83285972616843,58.63290636307435,True,False,False,2166
XRPUSD,2023-02-15,1676480400,True,-1.2913223140494445,54.23553719008265,54.23553719008241,56.8181818181813,59.581747764691904,True,False,False,1835
XRPUSD,2023-02-15,1676484000,True,-1.2960082944543805,54.432348367029554,54.432348367029306,57.024364955936626,62.709094755826904,True,False,False,1315
XRPUSD,2023-02-15,1676487600,True,-2.588326646822544,54.35485958327943,54.35485958327917,59.531512876925696,61.708598103435676,True,False,False,1100
XRPUSD,2023-02-15,1676491200,True,-2.5710245532856275,53.99151561897416,53.99151561897392,59.13356472554375,59.13010526240224,True,False,False,1319
XRPUSD,2023-02-15,1676494800,True,-2.5367833587008874,50.73566717402334,50.73566717402198,55.80923389142516,57.885682506414824,True,False,False,1760
XRPUSD,2023-02-15,1676498400,True,-2.491901320707426,49.838026414154,49.838026414152665,54.82182905556889,58.489213456291836,True,False,False,2886
XRPUSD,2023-02-15,1676502000,True,-2.5021894157384956,52.5459777305142,52.54597773051397,57.55035656199096,59.121254147596005,True,False,False,2165
XRPUSD,2023-03-15,1678838400,True,-9.384636010189489,53.62649148679448,53.626491486793036,72.3957635071735,180.30825680734984,True,False,False,1515
XRPUSD,2023-03-15,1678842000,True,-6.664001066239437,53.312008529921364,53.312008529921414,66.64001066240176,68.73619985108324,True,False,False,902
XRPUSD,2023-03-15,1678845600,True,-6.688963210703089,53.51170568561873,53.51170568561877,66.88963210702346,67.89480355977248,True,False,False,737
XRPUSD,2023-03-15,1678849200,True,-2.676301351533373,56.202328382175835,56.20232838217558,61.554931085240845,64.07194839951711,True,False,False,1753
XRPUSD,2023-03-15,1678852800,True,-1.3333333333331865,56.00000000000001,55.99999999999976,58.66666666666613,61.56053704845053,True,False,False,1821
XRPUSD,2023-03-15,1678856400,True,-2.6620524424343,55.90310129109544,55.90310129109518,61.2272061759623,60.83462058985585,True,False,False,1492
XRPUSD,2023-03-15,1678860000,True,-1.3308490817154646,55.89566143199362,55.89566143199336,58.55735959542282,60.54524391449392,True,False,False,827
XRPUSD,2023-03-15,1678863600,True,-2.657101102696665,55.79912315663613,55.799123156635865,61.11332536203068,60.40541814340509,True,False,False,812
XRPUSD,2023-03-15,1678867200,True,0.0,55.97760895641744,55.97760895641719,55.97760895641719,61.10574915021572,True,True,False,808
XRPUSD,2023-03-15,1678870800,True,-4.00427122263852,56.05979711692472,56.05979711692447,64.06833956220002,61.59617594327159,True,False,False,1273
XRPUSD,2023-03-15,1678874400,True,-2.661343978710432,55.88822355289421,55.88822355289396,61.210911510313345,61.52163397355484,True,False,False,856
XRPUSD,2023-03-15,1678878000,True,-4.006410256409816,56.089743589743605,56.08974358974335,64.10256410256447,61.97734865151449,True,False,False,1293
XRPUSD,2023-03-15,1678881600,True,-2.690703618997565,56.50477599892372,56.50477599892347,61.8861832369171,62.42279748032568,True,False,False,1355
XRPUSD,2023-03-15,1678885200,True,-4.050769646232339,56.71077504725899,56.71077504725873,64.8123143397249,62.82831228626812,True,False,False,1018
XRPUSD,2023-03-15,1678888800,True,-2.6943284386363735,56.58089721137008,56.58089721136982,61.96955408864407,63.43811472897743,True,False,False,2763
XRPUSD,2023-03-15,1678892400,True,-2.7012425715826307,54.02485143165857,54.02485143165861,59.427336574825375,66.72807843000845,True,False,False,4226
XRPUSD,2023-03-15,1678896000,True,-4.094445202674587,54.59260270233383,54.592602702333885,62.781493107683055,64.35696429338951,True,False,False,3459
XRPUSD,2023-03-15,1678899600,True,-2.733360666939702,57.40057400574006,57.4005740057398,62.867295339619204,65.87062464567649,True,False,False,3351
XRPUSD,2023-03-15,1678903200,True,-2.7559597629871573,57.87515502273667,57.87515502273641,63.38707454871073,65.83713341178392,True,False,False,2459
XRPUSD,2023-03-15,1678906800,True,-5.557871335279519,58.35764902042518,58.35764902042492,69.47339169098242,67.2258393791787,True,False,False,3231
XRPUSD,2023-03-15,1678910400,True,-2.7766208524222957,58.30903790087465,58.30903790087439,63.862279605720516,65.3513732751679,True,False,False,3069
XRPUSD,2023-03-15,1678914000,True,-2.7408524050976837,57.5579005070577,57.55790050705744,63.03960531725281,64.28430958888146,True,False,False,1765
XRPUSD,2023-03-15,1678917600,True,-2.7544415369780744,57.843272276545946,57.843272276545676,63.35215535050335,65.16748632612149,True,False,False,1418
XRPUSD,2023-03-15,1678921200,True,-2.7540622418063614,60.58936931974663,60.58936931974607,66.09749380336032,64.77364454341121,True,False,False,832
XRPUSD,2023-04-15,1681516800,True,-19.98287182415064,38.06261299838234,38.06261299838027,78.02835664668366,78.04490041356075,True,False,False,665
XRPUSD,2023-04-15,1681520400,True,-3.799392097264019,41.79331306990882,41.79331306990843,49.39209726443647,47.71038632155853,True,False,False,1072
XRPUSD,2023-04-15,1681524000,True,-2.868617326448336,43.98546567221267,43.98546567221207,49.722700325110864,47.44644872617646,True,False,False,967
XRPUSD,2023-04-15,1681527600,True,-4.812319538018931,40.423484119345524,40.423484119345346,50.048123195381066,49.308111121747686,True,False,False,1863
XRPUSD,2023-04-15,1681531200,True,-1.9290123456788,42.43827160493828,42.43827160493788,46.29629629629549,47.797182934861745,True,False,False,1383
XRPUSD,2023-04-15,1681534800,True,-2.8882256666984403,42.36064311158179,42.360643111581396,48.137094444978274,46.24196591359095,True,False,False,1190
XRPUSD,2023-04-15,1681538400,True,-2.8848927781514275,42.311760746225595,42.311760746225204,48.08154630252806,46.735107048842686,True,False,False,645
XRPUSD,2023-04-15,1681542000,True,-1.9212295869354274,42.26705091258406,42.26705091258367,46.10951008645665,45.25430623390994,True,False,False,859
XRPUSD,2023-04-15,1681545600,True,-0.960153624581959,42.246759481517046,42.24675948151665,44.16706673067844,45.44340446379575,True,False,False,764
XRPUSD,2023-04-15,1681549200,True,-2.883229216722412,42.2873618452667,42.28736184526631,48.053820278711136,45.510682481449074,True,False,False,724
XRPUSD,2023-04-15,1681552800,True,-0.9573958831975969,42.12541886069891,42.12541886069852,44.04021062709371,46.01433946778282,True,False,False,857
XRPUSD,2023-04-15,1681556400,True,-1.9190174630587025,42.2183841872961,42.21838418729571,46.05641911341312,44.92172186279991,True,False,False,1510
XRPUSD,2023-04-15,1681560000,True,0.0,38.32298612707902,38.32298612707693,38.322986127079055,38.32298612707905,True,True,False,513
XRPUSD,2023-04-15,1681563600,True,0.0,38.21315296725133,38.21315296724924,38.21315296725137,38.2131529672513,True,True,False,499
XRPUSD,2023-04-15,1681567200,True,0.0,38.232876450459756,38.23287645045767,38.232876450459784,38.23287645045976,True,True,False,703
XRPUSD,2023-04-15,1681570800,True,0.0,38.11774571651833,38.11774571651625,38.117745716518364,38.11774571651834,True,True,False,465
XRPUSD,2023-04-15,1681574400,True,0.0,38.361944950608994,38.361944950606905,38.36194495060903,38.36194495060897,True,True,False,800
XRPUSD,2023-04-15,1681578000,True,0.0,38.31637833591969,38.31637833591759,38.31637833591972,38.31637833591968,True,True,False,635
XRPUSD,2023-04-15,1681581600,True,2.131478151218455e-12,38.39729683030315,38.39729683030105,38.39729683030105,38.39729683030313,True,True,False,696
XRPUSD,2023-04-15,1681585200,True,-2.8683430538289216,38.24457405105651,38.244574051054414,43.981260158714385,47.03485768293946,True,False,False,1234
XRPUSD,2023-04-15,1681588800,True,-2.889060092449605,40.44684129429893,40.44684129429874,46.22496147919796,46.296073760115775,True,False,False,1475
XRPUSD,2023-04-15,1681592400,True,-1.9182812200266446,42.202186840590834,42.20218684059044,46.038749280643735,47.03960334346151,True,False,False,862
XRPUSD,2023-04-15,1681596000,True,-3.8435668300178336,40.35745171519171,40.35745171519152,48.04458537522719,45.4398674851039,True,False,False,1260
XRPUSD,2023-04-15,1681599600,True,-1.927339308084976,40.47412546978896,40.474125469788774,44.32880408595872,45.16860172733641,True,False,False,836
XRPUSD,2023-05-15,1684108800,True,-8.216926869351262,46.95386782486207,46.953867824862115,63.38772156356464,61.68006739576387,True,False,False,180
XRPUSD,2023-05-15,1684112400,True,-3.402557784819001,47.16649067229848,47.16649067229876,53.971606241934154,61.228700436526864,True,False,False,443
XRPUSD,2023-05-15,1684116000,True,-2.350452462098695,49.35950170407804,49.35950170407782,54.06040662827521,53.81340152594905,True,False,False,714
XRPUSD,2023-05-15,1684119600,True,-2.3649048125810332,49.66300106420718,49.66300106420695,54.392810689369014,56.030464430178625,True,False,False,2548
XRPUSD,2023-05-15,1684123200,True,-2.3389077300897902,49.11706233189102,49.11706233189079,53.794877792071674,54.90982364492362,True,False,False,1975
XRPUSD,2023-05-15,1684126800,True,-1.1682242990652918,49.06542056074767,49.06542056074745,51.401869158878036,53.70947968283902,True,False,False,1338
XRPUSD,2023-05-15,1684130400,True,-2.3356300362033044,49.04823076024758,49.04823076024736,53.71949083265267,54.10440487839441,True,False,False,959
XRPUSD,2023-05-15,1684134000,True,0.0,46.54410053525715,46.5441005352572,46.5441005352572,53.209238135895376,True,True,False,882
XRPUSD,2023-05-15,1684137600,True,-3.4871556433811226,46.49540857840288,46.49540857840292,53.469719865163874,48.80024181775011,True,False,False,988
XRPUSD,2023-05-15,1684141200,True,-4.67945718296626,46.79457182966776,46.7945718296678,56.153486195600316,49.91102764048676,True,False,False,869
XRPUSD,2023-05-15,1684144800,True,-3.5252643948292244,49.353701527614575,49.35370152761435,56.40423031727411,55.423318851701026,True,False,False,1457
XRPUSD,2023-05-15,1684148400,True,-3.5022180714461593,49.031053000233484,49.031053000233264,56.03548914312429,54.75084941610923,True,False,False,1233
XRPUSD,2023-05-15,1684152000,True,-1.1664528169834245,51.323923947276334,51.32392394727586,53.65682958124401,54.29364289494012,True,False,False,1063
XRPUSD,2023-05-15,1684155600,True,-1.1708230886324786,51.51621589977754,51.516215899777066,53.85786207704072,54.04851118587528,True,False,False,925
XRPUSD,2023-05-15,1684159200,True,-1.1742602160637503,49.31892907468295,49.318929074682735,51.667449506810236,54.55631115684314,True,False,False,1106
XRPUSD,2023-05-15,1684162800,True,-2.3465915757372873,49.27842309046111,49.27842309046088,53.971606241934154,53.831498834727356,True,False,False,1364
XRPUSD,2023-05-15,1684166400,True,-2.3476933912428453,49.301561216105185,49.30156121610496,53.996947998590656,53.82244764738542,True,False,False,2045
XRPUSD,2023-05-15,1684170000,True,-2.3454907939483753,49.255306672921314,49.25530667292109,53.94628826081784,54.07442194652719,True,False,False,3059
XRPUSD,2023-05-15,1684173600,True,-2.346041055719519,49.26686217008798,49.26686217008776,53.95894428152549,54.038835702601716,True,False,False,1503
XRPUSD,2023-05-15,1684177200,True,-2.3476933912428453,49.301561216105185,49.30156121610496,53.996947998590656,54.32550638200682,True,False,False,2118
XRPUSD,2023-05-15,1684180800,True,-1.1715089034675374,49.20337394564199,49.203373945641765,51.54639175257684,53.958662949483426,True,False,False,2179
XRPUSD,2023-05-15,1684184400,True,-2.3471423541848253,49.28998943785941,49.28998943785919,53.984274146227534,53.65354562841172,True,False,False,1587
XRPUSD,2023-05-15,1684188000,True,-2.333450005833368,49.00245012250613,49.00245012250591,53.669350134173946,53.69525951432064,True,False,False,1771
XRPUSD,2023-05-15,1684191600,True,-2.3389077300897902,49.11706233189102,49.11706233189209,53.794877792071674,54.24698274025812,True,False,False,834
XRPUSD,2023-06-15,1686787200,True,-5.194805194804624,41.558441558441565,41.55844155844045,51.948051948052,69.13755491860168,True,False,False,3089
XRPUSD,2023-06-15,1686790800,True,-6.265664160401472,41.77109440267335,41.77109440267339,54.30242272347633,60.67965105513614,True,False,False,1391
XRPUSD,2023-06-15,1686794400,True,-4.164497657469609,43.72722540343572,43.72722540343552,52.0562207183759,54.81102984899605,True,False,False,1825
XRPUSD,2023-06-15,1686798000,True,-2.074904035688121,43.572984749455344,43.57298474945515,47.72279282083139,62.96103862727311,True,False,False,2231
XRPUSD,2023-06-15,1686801600,True,-5.2312199204848815,43.94224733207785,43.94224733207765,54.40468717304857,54.49188703505212,True,False,False,2002
XRPUSD,2023-06-15,1686805200,True,-1.0438413361167953,43.841336116910234,43.841336116910036,45.929018789144784,50.702225882892144,True,False,False,1198
XRPUSD,2023-06-15,1686808800,True,-5.187798298401586,43.57750570657813,43.57750570657794,53.953102303382266,52.07558689990024,True,False,False,1238
XRPUSD,2023-06-15,1686812400,True,-5.178127589064373,43.49627174813588,43.49627174813568,53.85252692626328,52.268317896482465,True,False,False,1125
XRPUSD,2023-06-15,1686816000,True,-6.211180124222919,41.40786749482402,41.40786749482405,53.830227743271045,57.089493766780244,True,False,False,2717
XRPUSD,2023-06-15,1686819600,True,-7.383966244724926,44.30379746835444,44.30379746835424,59.07172995780526,61.511195816122026,True,False,False,3165
XRPUSD,2023-06-15,1686823200,True,-4.265756638583299,44.79044470512958,44.790444705129374,53.32195798229716,58.65129701107436,True,False,False,3947
XRPUSD,2023-06-15,1686826800,True,-5.313496280553197,44.63336875664187,44.63336875664167,55.26036131774689,55.10178764547738,True,False,False,2176
XRPUSD,2023-06-15,1686830400,True,-3.1722533573011202,46.526382573754894,46.52638257375563,52.87088928835787,59.00104273513546,True,False,False,2671
XRPUSD,2023-06-15,1686834000,True,-4.2377370484156796,44.49623900836954,44.496239008369336,52.97171310520188,55.415008949649994,True,False,False,2595
XRPUSD,2023-06-15,1686837600,True,-4.2038885969528845,44.140830267997906,44.1408302679977,52.5486074619023,57.78650605195834,True,False,False,3559
XRPUSD,2023-06-15,1686841200,True,-3.1361070457868174,43.90549864102028,43.90549864102008,50.177712732593726,56.722970322852284,True,False,False,3879
XRPUSD,2023-06-15,1686844800,True,-4.172316678836622,43.8093251277772,43.809325127777,52.15395848544908,60.32509046845774,True,False,False,2347
XRPUSD,2023-06-15,1686848400,True,-5.246039240374105,41.96831392298814,41.96831392298818,52.46039240373523,49.13242361312037,True,False,False,1273
XRPUSD,2023-06-15,1686852000,True,-1.0561892691169095,44.35994930291509,44.35994930291489,46.472327841148704,49.95215897902678,True,False,False,1423
XRPUSD,2023-06-15,1686855600,True,-2.1103724807426185,44.31782209559988,44.31782209559968,48.53856705708492,49.89412921908432,True,False,False,1375
XRPUSD,2023-06-15,1686859200,True,-7.37385441904597,42.13631096597493,42.136310965974964,56.88401980406574,54.98500016655249,True,False,False,2625
XRPUSD,2023-06-15,1686862800,True,-4.15066929542343,43.58202760195083,43.58202760195063,51.88336619279748,50.19312748393603,True,False,False,2320
XRPUSD,2023-06-15,1686866400,True,-4.16059912627488,45.76659038901602,45.76659038901559,54.0877886415642,52.97768652537565,True,False,False,3200
XRPUSD,2023-06-15,1686870000,True,-4.18322526668015,46.01547793348672,46.0154779334863,54.38192846684776,53.42496976337785,True,False,False,3253
XRPUSD,2023-07-15,1689379200,True,0.0,27.752723235967526,27.752723235966013,27.752723235967554,27.923271433968697,True,True,False,12887
XRPUSD,2023-07-15,1689382800,True,0.0,27.83693125669826,27.836931256696737,27.836931256698286,27.83693125669826,True,True,False,10407
XRPUSD,2023-07-15,1689386400,True,0.0,27.862914460852604,27.862914460851083,27.862914460852632,27.862914460852615,True,True,False,10259
XRPUSD,2023-07-15,1689390000,True,0.0,28.38812240958383,28.388122409582277,28.38812240958385,28.39383972966923,True,True,False,13944
XRPUSD,2023-07-15,1689393600,True,0.0,28.000224001792017,28.000224001790485,28.000224001792038,28.00044919556046,True,True,False,13218
XRPUSD,2023-07-15,1689397200,True,0.0,28.240211236780052,28.24021123677851,28.240211236780073,28.241674015893757,True,True,False,11385
XRPUSD,2023-07-15,1689400800,True,0.0,27.751567963589945,27.751567963588425,27.75156796358997,27.759104626723143,True,True,False,14866
XRPUSD,2023-07-15,1689404400,True,0.0,27.682044042132073,27.68204404213056,27.682044042132095,27.682044042132073,True,True,False,11525
XRPUSD,2023-07-15,1689408000,True,0.0,27.833832022823746,27.83383202282222,27.833832022823767,27.833832022823746,True,True,False,10182
XRPUSD,2023-07-15,1689411600,True,0.0,27.622783271642447,27.62278327164094,27.622783271642476,27.62319103065158,True,True,False,11367
XRPUSD,2023-07-15,1689415200,True,0.0,27.585445918733278,27.58544591873177,27.585445918733303,27.585445918733264,True,True,False,10161
XRPUSD,2023-07-15,1689418800,True,0.0,27.730789495576943,27.730789495575426,27.730789495576964,27.731209503522514,True,True,False,11103
XRPUSD,2023-07-15,1689422400,True,0.0,27.79090125892783,27.79090125892631,27.790901258927853,27.790901258927814,True,True,False,7994
XRPUSD,2023-07-15,1689426000,True,0.0,27.715418087081844,27.71541808708033,27.715418087081865,27.715418087081844,True,True,False,9700
XRPUSD,2023-07-15,1689429600,True,0.0,27.851662047932713,27.85166204793119,27.851662047932734,27.851662047932713,True,True,False,8521
XRPUSD,2023-07-15,1689433200,True,1.5341140883875092e-12,27.636142547223262,27.63614254722175,27.63614254722175,27.636142547223262,True,True,False,10910
XRPUSD,2023-07-15,1689436800,True,0.0,27.6121051468964,27.612105146894894,27.612105146896425,27.61216198186286,True,True,False,10303
XRPUSD,2023-07-15,1689440400,True,0.0,27.70274949788767,27.702749497886156,27.70274949788769,27.70274949788767,True,True,False,9344
XRPUSD,2023-07-15,1689444000,True,0.0,27.66136951440466,27.661369514403148,27.661369514404683,27.661369514404658,True,True,False,8767
XRPUSD,2023-07-15,1689447600,True,0.0,28.302954828484093,28.302954828482545,28.30295482848412,28.316634468929596,True,True,False,11105
XRPUSD,2023-07-15,1689451200,True,0.0,28.05993602334587,28.05993602334434,28.059936023345895,28.059936023345855,True,True,False,9577
XRPUSD,2023-07-15,1689454800,True,0.0,27.583924089040906,27.5839240890394,27.58392408904093,27.58464880906371,True,True,False,10828
XRPUSD,2023-07-15,1689458400,True,0.0,27.654484866083155,27.654484866081646,27.65448486608318,27.654484866083155,True,True,False,8534
XRPUSD,2023-07-15,1689462000,True,0.0,27.878838567585277,27.878838567583752,27.8788385675853,27.878838567585284,True,True,False,6645
XRPUSD,2023-08-15,1692057600,True,0.0,31.704262638111697,31.70426263810996,31.70426263811172,31.7042626381117,True,True,False,2105
XRPUSD,2023-08-15,1692061200,True,0.0,31.63055511624229,31.63055511624056,31.630555116242316,31.630555116242284,True,True,False,2774
XRPUSD,2023-08-15,1692064800,True,0.0,31.552211021187308,31.552211021185585,31.552211021187336,31.552211021187322,True,True,False,3687
XRPUSD,2023-08-15,1692068400,True,0.0,31.642565579217166,31.64256557921544,31.642565579217194,31.64256557921716,True,True,False,3629
XRPUSD,2023-08-15,1692072000,True,0.0,31.761660499610922,31.761660499609185,31.76166049961095,31.761660499610915,True,True,False,2739
XRPUSD,2023-08-15,1692075600,True,0.0,31.696223394982486,31.696223394980755,31.696223394982514,31.696223394982486,True,True,False,2370
XRPUSD,2023-08-15,1692079200,True,0.0,31.68517609036612,31.68517609036439,31.685176090366145,31.685176090366134,True,True,False,2404
XRPUSD,2023-08-15,1692082800,True,0.0,31.797513434449428,31.79751343444769,31.797513434449453,31.79751343444945,True,True,False,2193
XRPUSD,2023-08-15,1692086400,True,0.0,31.793469621339778,31.79346962133804,31.793469621339806,31.793469621339767,True,True,False,2197
XRPUSD,2023-08-15,1692090000,True,0.0,31.84257033227722,31.842570332275482,31.842570332277248,31.84257033227724,True,True,False,2104
XRPUSD,2023-08-15,1692093600,True,0.0,31.895383143290008,31.895383143288267,31.895383143290037,31.895383143290026,True,True,False,2996
XRPUSD,2023-08-15,1692097200,True,0.0,31.85930929017459,31.85930929017285,31.859309290174618,31.859309290174608,True,True,False,2687
XRPUSD,2023-08-15,1692100800,True,0.0,31.928480204342275,31.92848020434053,31.928480204342307,31.928480204342254,True,True,False,2247
XRPUSD,2023-08-15,1692104400,True,0.0,31.892331488893493,31.89233148889175,31.89233148889175,31.892331488893433,True,True,False,1859
XRPUSD,2023-08-15,1692108000,True,0.0,31.95909236177693,31.95909236177518,31.959092361776953,31.959092361776918,True,True,False,1978
XRPUSD,2023-08-15,1692111600,True,0.0,31.898944144948803,31.89894414494706,31.898944144948832,31.89894414494881,True,True,False,2571
XRPUSD,2023-08-15,1692115200,True,0.0,31.91930798940279,31.919307989401045,31.919307989402814,31.919307989402768,True,True,False,3417
XRPUSD,2023-08-15,1692118800,True,0.0,31.879622545269065,31.87962254526732,31.87962254526909,31.879622545269044,True,True,False,5399
XRPUSD,2023-08-15,1692122400,True,0.0,32.00716960599175,32.00716960598999,32.00716960599177,32.00716960599175,True,True,False,4428
XRPUSD,2023-08-15,1692126000,True,0.0,32.04255250973293,32.04255250973117,32.04255250973296,32.042552509732936,True,True,False,4100
XRPUSD,2023-08-15,1692129600,True,0.0,31.989763275751763,31.989763275750015,31.989763275751788,31.989763275751763,True,True,False,3604
XRPUSD,2023-08-15,1692133200,True,0.0,32.18176259513734,32.18176259513558,32.181762595137364,32.18176259513734,True,True,False,5558
XRPUSD,2023-08-15,1692136800,True,0.0,33.21707357581797,33.21707357581616,33.217073575818006,34.01786481118355,True,True,False,12972
XRPUSD,2023-08-15,1692140400,True,0.0,33.10107412985551,33.10107412985371,33.10107412985554,33.10107412985548,True,True,False,5314
XRPUSD,2023-09-15,1694736000,True,0.0,40.80050592627348,40.800505926272386,40.800505926273516,40.80050592627351,True,True,False,1808
XRPUSD,2023-09-15,1694739600,True,0.0,40.71827028787817,40.718270287877075,40.718270287878205,40.718270287878184,True,True,False,1800
XRPUSD,2023-09-15,1694743200,True,0.0,40.90983472426772,40.90983472426662,40.90983472426775,40.90983472426774,True,True,False,1893
XRPUSD,2023-09-15,1694746800,True,0.0,40.67355405515334,40.673554055152245,40.673554055153375,40.67355405515335,True,True,False,2342
XRPUSD,2023-09-15,1694750400,True,0.0,40.62068405231944,40.620684052318346,40.620684052319476,40.620684052319454,True,True,False,2354
XRPUSD,2023-09-15,1694754000,True,0.0,40.303891340708944,40.303891340707864,40.30389134070898,40.30389134070897,True,True,False,4631
XRPUSD,2023-09-15,1694757600,True,0.0,40.19050298414485,40.19050298414376,40.19050298414488,40.19050298414486,True,True,False,2460
XRPUSD,2023-09-15,1694761200,True,0.0,39.76617489163717,39.766174891634996,39.766174891637206,39.766174891637164,True,True,False,4373
XRPUSD,2023-09-15,1694764800,True,0.0,39.94886545222116,39.948865452218975,39.9488654522212,39.94886545222118,True,True,False,4012
XRPUSD,2023-09-15,1694768400,True,0.0,40.187272690738844,40.18727269073776,40.18727269073888,40.18727269073884,True,True,False,3941
XRPUSD,2023-09-15,1694772000,True,0.0,40.52274338972749,40.522743389726394,40.52274338972752,40.5227433897275,True,True,False,3797
XRPUSD,2023-09-15,1694775600,True,0.0,40.27467327171309,40.274673271712004,40.27467327171313,40.274673271713084,True,True,False,2935
XRPUSD,2023-09-15,1694779200,True,0.0,40.15580452154359,40.155804521542514,40.15580452154362,40.15580452154359,True,True,False,2856
XRPUSD,2023-09-15,1694782800,True,0.0,40.28521935301938,40.28521935301829,40.285219353019414,40.28521935301935,True,True,False,2347
XRPUSD,2023-09-15,1694786400,True,0.0,40.52192235999676,40.52192235999567,40.52192235999679,40.52192235999675,True,True,False,3041
XRPUSD,2023-09-15,1694790000,True,0.0,40.640494188409335,40.64049418840824,40.64049418840937,40.64049418840933,True,True,False,3333
XRPUSD,2023-09-15,1694793600,True,0.0,40.633888663145065,40.63388866314397,40.6338886631451,40.63388866314506,True,True,False,3272
XRPUSD,2023-09-15,1694797200,True,1.1343390733240255e-12,40.868872223471,40.8688722234699,40.8688722234699,40.86887222347097,True,True,False,4656
XRPUSD,2023-09-15,1694800800,True,0.0,40.55232263427888,40.552322634277786,40.552322634278916,40.552322634278866,True,True,False,3237
XRPUSD,2023-09-15,1694804400,True,0.0,40.43344654698367,40.43344654698257,40.4334465469837,40.433446546983646,True,True,False,2291
XRPUSD,2023-09-15,1694808000,True,0.0,40.493207264481384,40.4932072644803,40.49320726448141,40.49320726448139,True,True,False,1973
XRPUSD,2023-09-15,1694811600,True,0.0,40.31039000302328,40.3103900030222,40.31039000302332,40.31039000302329,True,True,False,1840
XRPUSD,2023-09-15,1694815200,True,0.0,40.184042916557836,40.184042916556756,40.18404291655787,40.18404291655785,True,True,False,2242
XRPUSD,2023-09-15,1694818800,True,0.0,39.96483094876509,39.9648309487629,39.964830948765126,39.9648309487651,True,True,False,2735
XRPUSD,2023-10-15,1697331600,True,0.0,41.144643995967826,41.14464399596672,41.14464399596786,41.144643995967854,True,True,False,817
XRPUSD,2023-10-15,1697335200,True,0.0,41.12772214110922,41.127722141108116,41.12772214110925,41.127722141109224,True,True,False,764
XRPUSD,2023-10-15,1697338800,True,0.0,41.23626316983155,41.23626316983044,41.23626316983159,41.236263169831574,True,True,False,940
XRPUSD,2023-10-15,1697342400,True,0.0,41.0871664235676,41.0871664235665,41.08716642356763,41.08716642356762,True,True,False,1123
XRPUSD,2023-10-15,1697346000,True,0.0,41.14295118388843,41.14295118388731,41.142951183888464,41.14295118388844,True,True,False,1241
XRPUSD,2023-10-15,1697349600,True,0.0,41.20058504830769,41.20058504830658,41.20058504830658,41.200585048307666,True,True,False,1011
XRPUSD,2023-10-15,1697353200,True,0.0,41.16157978143202,41.1615797814309,41.16157978143205,41.16157978143203,True,True,False,952
XRPUSD,2023-10-15,1697356800,True,0.0,41.189554329022165,41.18955432902105,41.1895543290222,41.18955432902219,True,True,False,563
XRPUSD,2023-10-15,1697360400,True,0.0,41.150569935393605,41.1505699353925,41.15056993539364,41.15056993539362,True,True,False,798
XRPUSD,2023-10-15,1697364000,True,0.0,41.138719763040974,41.13871976303987,41.13871976304102,41.13871976304102,True,True,False,510
XRPUSD,2023-10-15,1697367600,True,0.0,41.07197864257111,41.07197864257,41.071978642571146,41.07197864257107,True,True,False,672
XRPUSD,2023-10-15,1697371200,True,0.0,41.02059233735336,41.02059233735225,41.02059233735339,41.02059233735337,True,True,False,909
XRPUSD,2023-10-15,1697374800,True,0.0,41.04163674047321,41.04163674047211,41.041636740473244,41.041636740473166,True,True,False,841
XRPUSD,2023-10-15,1697378400,True,0.0,41.10489970404472,41.10489970404362,41.104899704044755,41.10489970404471,True,True,False,1174
XRPUSD,2023-10-15,1697382000,True,0.0,41.113349504584136,41.113349504583034,41.11334950458417,41.11334950458417,True,True,False,1027
XRPUSD,2023-10-15,1697385600,True,0.0,41.10489970404472,41.10489970404362,41.104899704044755,41.1048997040447,True,True,False,1962
XRPUSD,2023-10-15,1697389200,True,0.0,41.18276912939626,41.182769129395155,41.1827691293963,41.18276912939626,True,True,False,1365
XRPUSD,2023-10-15,1697392800,True,0.0,41.093920154513135,41.093920154512034,41.09392015451317,41.0939201545131,True,True,False,844
XRPUSD,2023-10-15,1697396400,True,0.0,41.051745725486974,41.05174572548587,41.05174572548701,41.05174572548686,True,True,False,1085
XRPUSD,2023-10-15,1697400000,True,0.0,40.92825277288913,40.92825277288803,40.92825277288916,40.92825277288908,True,True,False,1375
XRPUSD,2023-10-15,1697403600,True,0.0,40.85801838610828,40.858018386107176,40.85801838610831,40.85801838610829,True,True,False,1848
XRPUSD,2023-10-15,1697407200,True,0.0,41.011339635409186,41.011339635408085,41.01133963540923,41.01133963540918,True,True,False,1648
XRPUSD,2023-10-15,1697410800,True,0.0,40.85384536819528,40.853845368194186,40.853845368195316,40.85384536819528,True,True,False,1790
XRPUSD,2023-11-15,1700006400,True,0.0,31.781849385815757,31.781849385814024,31.78184938581579,31.781849385815775,True,True,False,3621
XRPUSD,2023-11-15,1700010000,True,0.0,31.77478035683078,31.774780356829048,31.77478035683081,31.77478035683078,True,True,False,4307
XRPUSD,2023-11-15,1700013600,True,0.0,31.874033818349883,31.874033818348142,31.87403381834991,31.874033818349893,True,True,False,5089
XRPUSD,2023-11-15,1700017200,True,0.0,31.94581988946747,31.94581988946572,31.945819889467494,31.94581988946747,True,True,False,5144
XRPUSD,2023-11-15,1700020800,True,0.0,31.75359212510915,31.753592125107417,31.753592125109183,31.75359212510915,True,True,False,4164
XRPUSD,2023-11-15,1700024400,True,0.0,31.921855298229932,31.921855298228184,31.92185529822996,31.92185529822991,True,True,False,3999
XRPUSD,2023-11-15,1700028000,True,0.0,31.69371196754564,31.693711967543905,31.693711967545664,31.693711967545664,True,True,False,3431
XRPUSD,2023-11-15,1700031600,True,0.0,31.595576619273302,31.595576619271576,31.595576619273327,31.595576619273263,True,True,False,4182
XRPUSD,2023-11-15,1700035200,True,0.0,31.782354436816686,31.782354436814945,31.78235443681671,31.782354436816686,True,True,False,4518
XRPUSD,2023-11-15,1700038800,True,0.0,31.76317377632373,31.763173776321995,31.76317377632376,31.76317377632374,True,True,False,4860
XRPUSD,2023-11-15,1700042400,True,0.0,31.53231273747773,31.53231273747601,31.53231273747776,31.53231273747774,True,True,False,5941
XRPUSD,2023-11-15,1700046000,True,0.0,31.62905444941724,31.62905444941551,31.629054449417264,31.62905444941725,True,True,False,5173
XRPUSD,2023-11-15,1700049600,True,0.0,31.511446532953094,31.511446532951375,31.511446532953126,31.511446532953094,True,True,False,3834
XRPUSD,2023-11-15,1700053200,True,0.0,31.225604996096802,31.225604996095093,31.22560499609683,31.22560499609681,True,True,False,6424
XRPUSD,2023-11-15,1700056800,True,0.0,31.3484537375194,31.348453737517683,31.348453737519428,31.3484537375194,True,True,False,6519
XRPUSD,2023-11-15,1700060400,True,0.0,31.40259699477147,31.402596994769752,31.402596994771496,31.40259699477148,True,True,False,6679
XRPUSD,2023-11-15,1700064000,True,0.0,31.357300763550274,31.35730076354856,31.357300763550302,31.35730076355028,True,True,False,6367
XRPUSD,2023-11-15,1700067600,True,0.0,31.236334103829577,31.23633410382787,31.236334103829606,31.236334103829584,True,True,False,5672
XRPUSD,2023-11-15,1700071200,True,0.0,31.363693388533434,31.363693388531722,31.36369338853346,31.363693388533438,True,True,False,5904
XRPUSD,2023-11-15,1700074800,True,0.0,31.530821377896896,31.530821377895172,31.53082137789692,31.530821377896896,True,True,False,6095
XRPUSD,2023-11-15,1700078400,True,0.0,31.06506578027679,31.06506578027509,31.065065780276818,31.06761275082701,True,True,False,12409
XRPUSD,2023-11-15,1700082000,True,0.0,30.942987545447515,30.942987545445824,30.94298754544754,30.942987545447515,True,True,False,10024
XRPUSD,2023-11-15,1700085600,True,0.0,31.08099707838627,31.080997078384577,31.0809970783863,31.080997078386257,True,True,False,7754
XRPUSD,2023-11-15,1700089200,True,0.0,31.038068190635816,31.038068190634117,31.03806819063584,31.038068190635812,True,True,False,5004
DOGEUSD,2022-03-15,1647302400,True,-7.116171499732853,17.79042874933286,17.790428749332133,32.02277174879907,29.90197687499039,True,False,False,817
DOGEUSD,2022-03-15,1647306000,False,3.079630444346095,23.75714914210295,23.757149142102286,28.15662120545542,31.47524814695883,True,False,False,2399
DOGEUSD,2022-03-15,1647309600,False,-5.264312349198563,23.689405571397238,23.689405571396577,32.463259486729136,30.33297507644696,True,False,False,1893
DOGEUSD,2022-03-15,1647313200,True,-3.95222202705106,23.71333216230458,23.713332162303924,31.617776216406043,31.559867519647028,True,False,False,1970
DOGEUSD,2022-03-15,1647316800,True,-4.005340453938884,24.032042723631506,24.032042723630838,32.04272363150861,32.13942787362786,True,False,False,2485
DOGEUSD,2022-03-15,1647320400,False,-4.856941010244911,23.843164959378313,23.843164959377646,28.258565877781777,30.846101856355276,True,False,False,1676
DOGEUSD,2022-03-15,1647324000,False,-12.436153675328901,23.984010659560294,23.984010659559623,31.090384188319174,30.507737223061756,True,False,False,1525
DOGEUSD,2022-03-15,1647327600,True,-2.6618162459520205,23.95634621356639,23.956346213565723,29.279978705469762,30.48096855164543,True,False,False,1351
DOGEUSD,2022-03-15,1647331200,True,-1.7784101013699203,24.89774141917126,24.008536368487135,28.454561621910084,30.17230505044413,False,False,False,1306
DOGEUSD,2022-03-15,1647334800,True,-3.5610950367248826,24.037391497885597,24.037391497884926,31.159581571333458,29.589227104906023,True,False,False,1435
DOGEUSD,2022-03-15,1647338400,True,-5.3794772941233235,24.20764782355315,24.20764782355247,34.96660241179912,31.57176767413872,True,False,False,2664
DOGEUSD,2022-03-15,1647342000,True,-0.449074905694719,24.25004490749057,24.250044907489894,25.148194718879335,30.09551760604386,True,False,False,1744
DOGEUSD,2022-03-15,1647345600,True,-4.474873584821978,24.164317358034634,24.164317358033962,33.11406452767792,30.454571556426476,True,False,False,1704
DOGEUSD,2022-03-15,1647349200,True,-4.018933642940374,24.11360185764044,24.113601857639768,32.151469143520515,30.69693766950514,True,False,False,1301
DOGEUSD,2022-03-15,1647352800,True,-3.581180894399783,24.17297103719952,24.17297103719884,31.33533282599965,31.223441825903887,True,False,False,1360
DOGEUSD,2022-03-15,1647356400,True,-3.5625222657640156,24.937655860349132,24.937655860348112,32.06270039187738,31.08539041564384,True,False,False,1542
DOGEUSD,2022-03-15,1647360000,True,-4.027206013961282,24.163236083765884,24.16323608376521,32.21764811168777,31.41193409901384,True,False,False,2274
DOGEUSD,2022-03-15,1647363600,False,-3.1177623374316092,24.051309460181724,24.051309460181052,32.06841261357555,31.70561816059683,True,False,False,2393
DOGEUSD,2022-03-15,1647367200,False,-4.906771344455303,24.087786600053526,24.087786600052855,35.68560977785686,30.407832991459877,True,False,False,1648
DOGEUSD,2022-03-15,1647370800,False,-1.3310852781981541,23.959535007542815,23.95953500754338,28.39648593486563,30.957774353305563,True,False,False,2085
DOGEUSD,2022-03-15,1647374400,True,-3.979835500132959,23.879013000795965,23.879013000795304,31.838684001061218,30.54175928160504,True,False,False,1488
DOGEUSD,2022-03-15,1647378000,True,-5.27263939540441,23.726877279318067,23.72687727931741,34.27215607012501,30.116684504129168,True,False,False,1478
DOGEUSD,2022-03-15,1647381600,False,-8.82885269059311,23.837902264600714,23.83790226460005,30.90098441707527,30.36086578711588,True,False,False,2144
DOGEUSD,2022-03-15,1647385200,True,-2.2165085557240114,23.93829240180867,23.938292401808003,28.371309513254797,29.989250744691518,True,False,False,1826
DOGEUSD,2022-04-15,1649980800,True,-9.048513955593998,13.920790700911809,13.920790700910276,32.01781861209634,29.43543999731934,True,False,False,2753
DOGEUSD,2022-04-15,1649984400,True,-3.156787092249544,23.149772009821117,23.1497720098209,29.463346194318042,31.193244360047533,True,False,False,3390
DOGEUSD,2022-04-15,1649988000,True,-5.548427367617764,22.887262891424214,22.887262891424,33.98411762665953,31.12131763062038,True,False,False,3493
DOGEUSD,2022-04-15,1649991600,True,-2.4475524475529538,23.07692307692308,23.076923076922863,27.972027972026826,31.188404944729502,True,False,False,4063
DOGEUSD,2022-04-15,1649995200,True,-0.6941793065136405,22.90791711499081,22.907917114990592,24.2962757280198,29.183788797129008,True,False,False,3173
DOGEUSD,2022-04-15,1649998800,True,-3.1459731543616813,23.070469798657722,23.070469798657506,29.36241610738087,29.650898504849778,True,False,False,2873
DOGEUSD,2022-04-15,1650002400,True,-3.8189140397166708,22.91348423830024,22.913484238300022,30.551312317733366,29.648879890306663,True,False,False,3370
DOGEUSD,2022-04-15,1650006000,True,-3.1341412452980566,22.983702465524452,22.983702465524235,29.251984956122282,29.709178764836135,True,False,False,2797
DOGEUSD,2022-04-15,1650009600,True,-5.8219178082211975,21.232876712328764,21.232876712327183,32.87671232876768,31.297981795771044,True,False,False,3481
DOGEUSD,2022-04-15,1650013200,True,-3.4541121204790506,22.797139995164244,22.797139995164034,29.705364236122136,30.767947659577285,True,False,False,4135
DOGEUSD,2022-04-15,1650016800,True,-8.185259711468316,22.50946420654139,22.509464206541182,38.87998362947971,30.941682565561347,True,False,False,3807
DOGEUSD,2022-04-15,1650020400,True,-2.395127626084958,22.582631903099987,22.582631903099774,27.372887155271588,30.846131075807264,True,False,False,3891
DOGEUSD,2022-04-15,1650024000,True,-3.4377256007421706,22.68898896490083,22.688988964900616,29.564440166386863,29.19398219728317,True,False,False,3602
DOGEUSD,2022-04-15,1650027600,True,-5.0204163598628915,19.412276591471986,19.412276591470963,29.453109311198606,31.825131992775795,True,False,False,4539
DOGEUSD,2022-04-15,1650031200,True,-5.070308274742546,23.661438615467826,23.66143861546709,33.80205516495406,30.168774185873026,True,False,False,4359
DOGEUSD,2022-04-15,1650034800,True,-2.3946360153261663,23.94636015325671,23.946360153255966,28.735632183908297,30.839227411064403,True,False,False,3803
DOGEUSD,2022-04-15,1650038400,True,-3.079765937788009,23.26934264107039,23.269342641068967,29.428874516646886,32.1495954969417,True,False,False,4322
DOGEUSD,2022-04-15,1650042000,True,-4.4368600682600325,22.525597269624576,22.525597269624363,31.399317406142533,31.50497068563789,True,False,False,4072
DOGEUSD,2022-04-15,1650045600,True,-3.7437887141768256,23.824109999319315,23.82410999931858,31.31168742767601,31.650705979924076,True,False,False,3454
DOGEUSD,2022-04-15,1650049200,True,-4.460303300625094,22.6446167570164,22.644616757016195,31.56522335826638,31.257180348866534,True,False,False,2758
DOGEUSD,2022-04-15,1650052800,True,-2.3933260393859066,23.93326039387309,23.933260393872352,28.71991247264796,30.731846021449012,True,False,False,2901
DOGEUSD,2022-04-15,1650056400,True,-2.7411341442511215,23.984923762206616,23.984923762205877,29.46719205071002,30.67328936831552,True,False,False,2150
DOGEUSD,2022-04-15,1650060000,True,-2.407649446241126,22.700694778840205,22.7006947788419,27.515993671322242,30.53035403966443,True,False,False,1806
DOGEUSD,2022-04-15,1650063600,True,-4.456022485775656,22.622883389319263,22.62288338931905,31.53492836087036,30.303931760474477,True,False,False,2159
DOGEUSD,2022-05-15,1652576400,True,-7.829977628636967,24.60850111856823,24.608501118569556,40.26845637584039,37.38911473077986,True,False,False,1793
DOGEUSD,2022-05-15,1652580000,True,0.0,22.373867322966777,22.373867322967417,22.373867322967417,38.81369439504788,True,True,False,1963
DOGEUSD,2022-05-15,1652583600,True,-6.749156355456074,22.497187851518557,22.497187851517644,35.99550056242979,38.20978082290449,True,False,False,2369
DOGEUSD,2022-05-15,1652587200,True,-6.781193490054757,22.60397830018083,22.603978300179907,36.166365280289426,37.16384322419734,True,False,False,1890
DOGEUSD,2022-05-15,1652590800,True,-6.250710307989487,26.139334015229007,25.002841231959522,38.640754631208885,37.42634036315808,False,False,False,2025
DOGEUSD,2022-05-15,1652594400,True,-5.151098901099287,24.03846153846154,24.038461538461753,34.34065934066033,36.41111095172658,True,False,False,1734
DOGEUSD,2022-05-15,1652598000,True,-5.747456750388915,24.139318351629402,24.139318351629615,35.63423185240585,35.49591510563391,True,False,False,1711
DOGEUSD,2022-05-15,1652601600,True,-5.125284738041386,23.917995444191344,23.917995444189973,34.16856492027274,35.32397944979346,True,False,False,1780
DOGEUSD,2022-05-15,1652605200,True,-7.354189059229011,22.628274028398486,22.628274028399133,37.33665214685715,34.52830978486727,True,False,False,1719
DOGEUSD,2022-05-15,1652608800,True,-4.5387495744920425,22.69374787246114,22.693747872461785,31.771247021445873,38.66482322226231,True,False,False,2183
DOGEUSD,2022-05-15,1652612400,True,-6.314218471959071,22.960794443487746,22.96079444348681,35.58923138740655,36.562629371345565,True,False,False,1973
DOGEUSD,2022-05-15,1652616000,True,-3.9657809755813687,22.661605574754972,22.66160557475405,30.59316752591836,32.51506496742937,True,False,False,1707
DOGEUSD,2022-05-15,1652619600,True,-6.735518634935394,26.94207453973956,25.81948810058464,40.41311180960925,34.73890431063879,False,False,False,1611
DOGEUSD,2022-05-15,1652623200,True,-2.781486426345934,30.04005340453939,30.040053404538554,35.60302625723196,38.16394413586948,True,False,False,2088
DOGEUSD,2022-05-15,1652626800,True,-5.581914596706056,27.90957298353336,27.90957298353338,39.07340217694704,38.414263604180704,True,False,False,2242
DOGEUSD,2022-05-15,1652630400,True,-2.2499718753506857,29.24963437957026,29.249634379569844,33.74957813027278,36.7367076878485,True,False,False,1860
DOGEUSD,2022-05-15,1652634000,True,-6.197532255338272,22.536480928503014,22.536480928503657,34.9315454391802,37.104030937143534,True,False,False,1987
DOGEUSD,2022-05-15,1652637600,True,-11.251125112511572,22.502250225022504,22.502250225023143,45.00450045004629,36.653616221286256,True,False,False,2072
DOGEUSD,2022-05-15,1652641200,True,-7.250418293364137,23.424428332403792,23.424428332402446,37.92526491912918,37.229947780779746,True,False,False,2287
DOGEUSD,2022-05-15,1652644800,True,-6.707282991450268,23.47549047006875,23.475490470067406,36.890056452966384,34.87699389595393,True,False,False,1775
DOGEUSD,2022-05-15,1652648400,True,-7.7648363838048375,22.18524681087077,22.185246810869867,37.714919578479545,36.11398038968896,True,False,False,1980
DOGEUSD,2022-05-15,1652652000,True,0.0,22.002200220022,22.002200220021102,22.002200220021102,35.45034506771876,True,True,False,1825
DOGEUSD,2022-05-15,1652655600,True,-7.6477657598602224,21.850759313886158,21.85075931388527,37.14629083360723,37.46051375187849,True,False,False,1986
DOGEUSD,2022-06-15,1655251200,True,-2.8071488724607816,37.42865163282493,37.4286516328247,43.04294937774887,37.731904528858045,True,False,False,954
DOGEUSD,2022-06-15,1655254800,True,1.2878422241847119e-12,37.11952487008167,37.11952487008144,37.11952487008144,37.89095764803617,True,True,False,1275
DOGEUSD,2022-06-15,1655258400,True,-10.79913606911403,35.99712023038157,35.997120230381356,57.59539236861067,38.77350723049192,True,False,False,1749
DOGEUSD,2022-06-15,1655262000,True,-7.308605883427438,36.54302941713868,36.54302941713846,51.16024118399461,41.05968044140668,True,False,False,1949
DOGEUSD,2022-06-15,1655265600,True,0.0,35.66333808844507,35.66333808844486,35.66333808844486,36.994312862054294,True,True,False,1587
DOGEUSD,2022-06-15,1655269200,True,0.0,36.199095022624434,36.19909502262421,36.19909502262547,37.453552474184896,True,True,False,1283
DOGEUSD,2022-06-15,1655272800,True,0.0,37.27865796831314,37.27865796831291,37.27865796831291,38.29437230681039,True,True,False,1362
DOGEUSD,2022-06-15,1655276400,True,0.0,38.03727653100038,38.037276531000145,38.037276531000145,41.098993178541264,True,True,False,2038
DOGEUSD,2022-06-15,1655280000,True,0.0,38.350910834132314,38.35091083413208,38.35091083413208,41.665118724551256,True,True,False,2119
DOGEUSD,2022-06-15,1655283600,True,-0.9484966328365857,37.93986531347814,37.93986531347791,39.8368585791524,40.58166401936199,True,False,False,2046
DOGEUSD,2022-06-15,1655287200,True,1.3450075409783348e-12,38.76720294630743,38.767202946307194,38.767202946307194,41.038756936530326,True,True,False,1771
DOGEUSD,2022-06-15,1655290800,True,-1.973943939991339,39.478878799842086,39.47887879984185,43.42676667982727,46.152316355817106,True,False,False,2464
DOGEUSD,2022-06-15,1655294400,True,-1.955798943867812,39.11597887737141,39.11597887737117,43.02757676510815,41.490938647218414,True,False,False,2080
DOGEUSD,2022-06-15,1655298000,True,0.0,38.38771593090211,38.387715930901884,38.38771593090321,43.89996567263961,True,True,False,1969
DOGEUSD,2022-06-15,1655301600,True,1.2965048400424569e-12,37.36920777279522,37.369207772794994,37.369207772794994,42.807153438916906,True,True,False,1844
DOGEUSD,2022-06-15,1655305200,True,-0.9339684318666408,37.35873727468012,37.35873727467989,39.22667413841447,40.31654727498246,True,False,False,1793
DOGEUSD,2022-06-15,1655308800,True,1.2734251980009597e-12,36.70398238208846,36.703982382088235,36.703982382088235,40.84069498288318,True,True,False,2008
DOGEUSD,2022-06-15,1655312400,True,0.0,37.05075954057058,37.050759540570354,37.05075954057165,40.68838548257892,True,True,False,1936
DOGEUSD,2022-06-15,1655316000,True,0.0,36.670333700036664,36.670333700036444,36.670333700036444,38.205189454538875,True,True,False,1515
DOGEUSD,2022-06-15,1655319600,True,-0.9406452826635427,37.6258113065563,37.62581130655607,39.50710187188446,40.1297019914993,True,False,False,1694
DOGEUSD,2022-06-15,1655323200,True,-17.397674205658433,36.626682538229105,36.62668253822888,71.42203094954701,41.07160259431785,True,False,False,2048
DOGEUSD,2022-06-15,1655326800,True,-9.549440055560291,34.72523656567411,34.725236565673896,53.82411667679568,60.071934582125685,True,False,False,3660
DOGEUSD,2022-06-15,1655330400,True,-16.204690831554956,34.11513859275053,34.11513859275033,66.52452025586261,54.082657152418975,True,False,False,2721
DOGEUSD,2022-06-15,1655334000,True,1.1904089730497906e-12,34.3112026076514,34.31120260765119,34.31120260765119,39.3884432344862,True,True,False,1958
DOGEUSD,2022-07-15,1657843200,True,0.0,32.37817710862878,32.378177108628584,32.378177108628584,33.96886097755565,True,True,False,393
DOGEUSD,2022-07-15,1657846800,True,0.0,32.35198964736332,32.35198964736311,32.35198964736424,33.35236699964453,True,True,False,941
DOGEUSD,2022-07-15,1657850400,True,-1.6015374759752057,32.03074951953876,32.03074951953746,35.233824471491204,33.9127607264498,True,False,False,1126
DOGEUSD,2022-07-15,1657854000,True,-2.4211120974891753,32.281494633201525,32.281494633200204,37.123718828181914,36.1100075911586,True,False,False,1570
DOGEUSD,2022-07-15,1657857600,True,-2.381141360423406,31.748551472339077,31.748551472337784,36.510834193189005,34.112997100463,True,False,False,1343
DOGEUSD,2022-07-15,1657861200,True,-1.605394124256883,32.10788248515011,32.1078824851488,35.31867073366479,36.29601898659896,True,False,False,1618
DOGEUSD,2022-07-15,1657864800,True,-0.8000640051200995,32.00256020481639,32.002560204815076,33.602688215057505,34.165177954157976,True,False,False,1020
DOGEUSD,2022-07-15,1657868400,True,0.0,32.14917215881691,32.149172158815595,32.14917215881671,34.0277766396527,True,True,False,1173
DOGEUSD,2022-07-15,1657872000,True,0.0,31.938677738741614,31.938677738740306,31.938677738740306,34.130014797564186,True,True,False,1203
DOGEUSD,2022-07-15,1657875600,True,1.1145027150509522e-12,32.123353678124,32.12335367812269,32.123353678123806,34.427247920990546,True,True,False,1276
DOGEUSD,2022-07-15,1657879200,True,-1.5822784810142403,31.645569620253163,31.645569620251873,34.810126582280354,35.25892829653851,True,False,False,1655
DOGEUSD,2022-07-15,1657882800,True,-5.500982318270077,31.434184675834974,31.43418467583369,42.436149312376024,35.63175915155494,True,False,False,1690
DOGEUSD,2022-07-15,1657886400,True,0.0,31.392246115209545,31.392246115208263,31.392246115210444,34.245603526722746,True,True,False,1689
DOGEUSD,2022-07-15,1657890000,True,0.0,31.510950055144168,31.510950055142878,31.510950055145063,33.05823532801483,True,True,False,1287
DOGEUSD,2022-07-15,1657893600,True,-0.7915776141836655,31.663104567402836,31.663104567401543,33.24625979577327,34.15113521402403,True,False,False,1564
DOGEUSD,2022-07-15,1657897200,True,-0.783392087738523,31.335683509596556,31.33568350959528,32.90246768507667,34.38403601194216,True,False,False,1468
DOGEUSD,2022-07-15,1657900800,True,-2.377744313228362,31.703257509709125,31.70325750970783,36.45874613616676,34.81437826693775,True,False,False,1872
DOGEUSD,2022-07-15,1657904400,True,0.0,31.640563202024996,31.640563202023703,31.640563202025902,34.062781147026314,True,True,False,1783
DOGEUSD,2022-07-15,1657908000,True,0.0,31.710797526557794,31.710797526556497,31.7107975265587,33.0397990657047,True,True,False,1427
DOGEUSD,2022-07-15,1657911600,True,-0.7986582541316385,31.946330165322262,31.946330165320962,33.543646673588675,34.87000550235021,True,False,False,1814
DOGEUSD,2022-07-15,1657915200,True,-1.597954618088227,31.95909236177693,31.959092361775625,35.155001597954296,33.698020425518386,True,False,False,1618
DOGEUSD,2022-07-15,1657918800,True,-0.7875876191212291,31.5035047649051,31.503504764903813,33.078680003148456,33.33367659211608,True,False,False,1393
DOGEUSD,2022-07-15,1657922400,True,-5.4889045714723395,31.36516897984788,31.3651689798466,42.342978122793454,33.1408573343304,True,False,False,1443
DOGEUSD,2022-07-15,1657926000,True,-1.5847860538821115,31.695721077654518,31.695721077653225,34.865293185419645,35.20410251916926,True,False,False,1538
DOGEUSD,2022-08-15,1660521600,True,-6.865131373648582,24.964114086001377,24.964114086000357,38.69437683330099,32.74895704590386,True,False,False,1929
DOGEUSD,2022-08-15,1660525200,True,-3.6986808038469055,24.65787202564419,24.657872025643183,32.0552336333387,34.66853287098342,True,False,False,2425
DOGEUSD,2022-08-15,1660528800,True,-4.286851613692617,24.496294935391024,24.496294935391727,33.06999816277866,34.580549651893,True,False,False,2500
DOGEUSD,2022-08-15,1660532400,True,-8.015290708427846,24.662432949010423,24.662432949009418,40.693014365866816,37.30019148529766,True,False,False,2634
DOGEUSD,2022-08-15,1660536000,True,-7.436326454733639,26.02714259155977,26.027142591559993,40.89979550102383,36.40635227554848,True,False,False,2344
DOGEUSD,2022-08-15,1660539600,True,-6.722894511673329,25.669233590025673,25.669233590025897,39.11502261337255,35.872139976174594,True,False,False,2221
DOGEUSD,2022-08-15,1660543200,True,-2.488335925348957,28.615863141524105,28.61586314152337,33.59253499222301,36.10485253825495,True,False,False,2506
DOGEUSD,2022-08-15,1660546800,True,-5.015673981191018,25.078369905956116,25.078369905955093,35.10971786833887,33.83486944311435,True,False,False,2065
DOGEUSD,2022-08-15,1660550400,True,-3.7864445285861885,25.242963523917712,25.24296352391668,32.815852581092564,33.95470477347946,True,False,False,1976
DOGEUSD,2022-08-15,1660554000,True,-5.836954406899214,25.94201958622479,25.942019586223733,37.61592840002576,37.25691512011437,True,False,False,2496
DOGEUSD,2022-08-15,1660557600,True,-3.946849098801259,26.31232732535193,26.312327325350857,34.20602552295703,36.181580830740565,True,False,False,2319
DOGEUSD,2022-08-15,1660561200,True,-2.64690312334466,26.46903123345686,26.46903123345578,31.76283748014877,35.14929389062986,True,False,False,2238
DOGEUSD,2022-08-15,1660564800,True,-1.3131976362437459,26.263952724885097,26.263952724884025,28.89034799737334,33.119087498270915,True,False,False,1940
DOGEUSD,2022-08-15,1660568400,True,-0.6532958777018518,26.13183510812047,26.131835108119407,27.438426863526736,30.866323463461477,True,False,False,1671
DOGEUSD,2022-08-15,1660572000,True,-1.320829480913502,26.41658961828028,26.416589618279204,29.05824858010804,32.05441902619811,True,False,False,1860
DOGEUSD,2022-08-15,1660575600,True,-2.6631158455382486,26.63115845539281,26.631158455391724,31.957390146470072,32.493990161459706,True,False,False,1945
DOGEUSD,2022-08-15,1660579200,True,-3.9087947882739082,26.058631921824105,26.058631921823043,33.87622149837267,32.26854658253537,True,False,False,2196
DOGEUSD,2022-08-15,1660582800,True,-1.9642506383816045,26.19000851175277,26.190008511751696,30.118509788516725,31.907637202622986,True,False,False,2201
DOGEUSD,2022-08-15,1660586400,True,-1.292156609380556,25.843132187621137,25.843132187620085,28.427445406382994,30.544793917140183,True,False,False,1879
DOGEUSD,2022-08-15,1660590000,True,-3.826042596607862,25.5069506440505,25.50695064404946,33.159035837265186,32.00850922656602,True,False,False,1863
DOGEUSD,2022-08-15,1660593600,True,-2.571024553283487,25.71024553284484,25.710245532843793,30.85229463941255,33.653917196986704,True,False,False,2075
DOGEUSD,2022-08-15,1660597200,True,-0.6429627724543333,25.718510898218994,25.718510898217946,27.004436443128395,31.55889250912822,True,False,False,1915
DOGEUSD,2022-08-15,1660600800,True,-2.5947067981326053,25.94706798131811,25.94706798131705,31.136481577582263,33.69693782212985,True,False,False,1943
DOGEUSD,2022-08-15,1660604400,True,-2.5963910164860766,25.96391016487083,25.96391016486977,31.15669219784373,31.90697769930147,True,False,False,1578
DOGEUSD,2022-09-15,1663200000,True,0.0,32.599837000815,32.5998370008148,32.5998370008148,32.86770143415446,True,True,False,588
DOGEUSD,2022-09-15,1663203600,True,0.0,32.615786040443574,32.615786040443375,32.61578604044451,33.133202342890236,True,True,False,768
DOGEUSD,2022-09-15,1663207200,True,1.1341768394748658e-12,32.69042170644002,32.69042170643982,32.69042170643982,32.88497225942991,True,True,False,651
DOGEUSD,2022-09-15,1663210800,True,1.1401403062614571e-12,32.86230693394676,32.86230693394656,32.86230693394656,33.10007791076909,True,True,False,931
DOGEUSD,2022-09-15,1663214400,True,0.0,32.83533081595797,32.83533081595777,32.83533081595777,33.209256978073455,True,True,False,840
DOGEUSD,2022-09-15,1663218000,True,1.146924612216071e-12,33.057851239669425,33.05785123966922,33.05785123966922,33.689984446122146,True,True,False,1064
DOGEUSD,2022-09-15,1663221600,True,0.0,33.18400530944085,33.18400530944065,33.18400530944065,34.27113236233771,True,True,False,1409
DOGEUSD,2022-09-15,1663225200,True,-0.8295313148068123,33.18125259228536,33.181252592285155,34.840315221899935,33.64634520072674,True,False,False,1085
DOGEUSD,2022-09-15,1663228800,True,1.1454100204534877e-12,33.01419610432487,33.01419610432466,33.01419610432466,33.71638657351769,True,True,False,995
DOGEUSD,2022-09-15,1663232400,True,0.0,32.94350189425136,32.943501894251156,32.94350189425231,36.50585581314717,True,True,False,2092
DOGEUSD,2022-09-15,1663236000,True,0.0,32.86770747740346,32.86770747740325,32.86770747740325,33.47343072263614,True,True,False,1439
DOGEUSD,2022-09-15,1663239600,True,1.1455991256244394e-12,33.01964668978042,33.01964668978022,33.01964668978022,33.206966148878,True,True,False,919
DOGEUSD,2022-09-15,1663243200,True,0.0,33.04692663582287,33.046926635822665,33.046926635822665,33.21074083521767,True,True,False,666
DOGEUSD,2022-09-15,1663246800,True,0.0,33.140016570008285,33.140016570008086,33.140016570008086,33.32521281824333,True,True,False,611
DOGEUSD,2022-09-15,1663250400,True,1.1461668159741046e-12,33.03600925008259,33.036009250082394,33.036009250082394,33.096705279607086,True,True,False,601
DOGEUSD,2022-09-15,1663254000,True,0.0,32.97065611605671,32.97065611605651,32.97065611605651,33.89261704929092,True,True,False,961
DOGEUSD,2022-09-15,1663257600,True,1.1448430793445353e-12,32.99785513941594,32.99785513941574,32.99785513941574,33.638434495339936,True,True,False,1076
DOGEUSD,2022-09-15,1663261200,True,0.0,33.579583613163194,33.579583613162995,33.579583613162995,34.935249900049655,True,True,False,1474
DOGEUSD,2022-09-15,1663264800,True,0.0,33.996260411354754,33.99626041135455,33.99626041135573,35.14987942062793,True,True,False,1281
DOGEUSD,2022-09-15,1663268400,True,1.1695422052767957e-12,33.70975897522333,33.709758975223124,33.709758975223124,33.726269799229634,True,True,False,503
DOGEUSD,2022-09-15,1663272000,True,1.1675742729105215e-12,33.65303718660609,33.65303718660589,33.65303718660589,33.720511795278334,True,True,False,567
DOGEUSD,2022-09-15,1663275600,True,1.1703312369551746e-12,33.7325012649688,33.73250126496859,33.73250126496859,33.81068258925081,True,True,False,600
DOGEUSD,2022-09-15,1663279200,False,25.27805864509561,33.70407819346141,33.7040781934612,33.7040781934612,33.715187004553364,True,True,False,74
DOGEUSD,2022-10-15,1665792000,True,1.1918402445735537e-12,34.35245620061835,34.35245620061814,34.35245620061814,34.35245620061822,True,True,False,473
DOGEUSD,2022-10-15,1665795600,True,0.0,34.135518006485746,34.13551800648554,34.13551800648554,34.140406367327124,True,True,False,645
DOGEUSD,2022-10-15,1665799200,True,0.0,34.088972217487644,34.08897221748744,34.08897221748862,34.1053320428251,True,True,False,419
DOGEUSD,2022-10-15,1665802800,True,0.0,34.07155025553663,34.07155025553642,34.07155025553642,34.07370886745184,True,True,False,465
DOGEUSD,2022-10-15,1665806400,True,1.1810883240693154e-12,34.04255319148937,34.042553191489155,34.042553191489155,34.04527733720849,True,True,False,446
DOGEUSD,2022-10-15,1665810000,True,0.0,33.9328130302002,33.932813030199995,33.932813030199995,33.93600210764286,True,True,False,303
DOGEUSD,2022-10-15,1665813600,True,0.0,33.904051534158334,33.90405153415813,33.90405153415813,33.90454332472331,True,True,False,245
DOGEUSD,2022-10-15,1665817200,True,0.0,33.973161202649905,33.9731612026497,33.9731612026497,33.97316120264977,True,True,False,257
DOGEUSD,2022-10-15,1665820800,True,1.1810883240693154e-12,34.04255319148937,34.042553191489155,34.042553191489155,34.05996512368191,True,True,False,319
DOGEUSD,2022-10-15,1665824400,True,0.0,34.112229234180454,34.11222923418025,34.11222923418025,34.12352696762125,True,True,False,263
DOGEUSD,2022-10-15,1665828000,True,0.0,34.036759700476516,34.03675970047631,34.03675970047749,34.03992667703388,True,True,False,239
DOGEUSD,2022-10-15,1665831600,True,0.0,34.40564252537416,34.40564252537395,34.40564252537395,34.542881566669074,True,True,False,671
DOGEUSD,2022-10-15,1665835200,True,0.0,34.42933379239112,34.429333792390906,34.429333792390906,34.42933379239115,True,True,False,467
DOGEUSD,2022-10-15,1665860400,True,0.0,33.904051534158334,33.90405153415813,33.90405153415813,33.92473934433949,True,True,False,548
DOGEUSD,2022-10-15,1665864000,True,0.0,34.118048447628794,34.11804844762859,34.11804844762859,34.1273509375674,True,True,False,397
DOGEUSD,2022-10-15,1665867600,True,0.0,34.054146092286736,34.05414609228652,34.05414609228652,34.06098952115766,True,True,False,321
DOGEUSD,2022-10-15,1665871200,True,0.0,33.92705682782019,33.927056827819975,33.927056827819975,33.934823411479485,True,True,False,275
DOGEUSD,2022-10-15,1665874800,True,1.176083712526649e-12,33.898305084745765,33.89830508474556,33.89830508474556,33.90505951296551,True,True,False,211
DOGEUSD,2022-11-15,1668470400,True,-4.692632566869823,23.463162834350076,23.463162834349117,32.84842796809039,35.16084443466211,True,False,False,1745
DOGEUSD,2022-11-15,1668474000,True,-8.140481451331622,23.25851843237586,23.258518432376523,39.53948133503977,39.98066585303252,True,False,False,2837
DOGEUSD,2022-11-15,1668477600,True,-5.849321478709449,28.07674309780066,28.076743097801135,39.77538605521841,41.67937336791101,True,False,False,2813
DOGEUSD,2022-11-15,1668481200,True,-6.921612735767953,24.22564457518602,24.22564457518623,38.068870046720534,40.512515788222416,True,False,False,2716
DOGEUSD,2022-11-15,1668484800,True,-1.7256255392581104,23.00834052343975,23.008340523440403,26.459591601956625,38.1688832020038,True,False,False,2312
DOGEUSD,2022-11-15,1668488400,True,-5.18104887455984,23.026883886938005,23.026883886937064,33.38898163605994,35.858632475999336,True,False,False,2216
DOGEUSD,2022-11-15,1668492000,True,-4.6019328117807605,23.009664058904743,23.0096640589038,32.21352968246692,34.77719307755367,True,False,False,2402
DOGEUSD,2022-11-15,1668495600,True,-5.797437532609948,26.668212650008694,26.66821265000801,38.26308771522952,37.79524439124707,True,False,False,2720
DOGEUSD,2022-11-15,1668499200,True,-8.64503486830635,23.05342631548614,23.0534263154868,40.3434960520995,36.43489870129638,True,False,False,2368
DOGEUSD,2022-11-15,1668502800,True,-7.376723599842194,27.23713329172105,27.237133291721513,41.99058049140432,40.81133001972982,True,False,False,2914
DOGEUSD,2022-11-15,1668506400,True,-6.266378033496582,28.483536515893814,28.483536515893835,41.016292582887004,37.766582379693816,True,False,False,2550
DOGEUSD,2022-11-15,1668510000,True,-6.295427230584273,22.892462656670293,22.89246265666936,35.48331711783949,37.93132682292006,True,False,False,2397
DOGEUSD,2022-11-15,1668513600,True,-9.126169290439966,22.815423226100847,22.815423226099913,41.06776180698142,35.35061500551058,True,False,False,2178
DOGEUSD,2022-11-15,1668517200,True,-4.022295006608889,27.581451473883813,27.581451473884282,35.62604148709887,38.61026852193534,True,False,False,2513
DOGEUSD,2022-11-15,1668520800,True,-10.875164558410836,22.895083280865435,22.8950832808645,44.64541239768776,37.23150658888709,True,False,False,2465
DOGEUSD,2022-11-15,1668524400,True,-5.670220004537125,22.680880018144702,22.680880018143778,34.021320027218025,40.59863776162547,True,False,False,2662
DOGEUSD,2022-11-15,1668528000,True,-5.145209238509418,24.010976446375487,24.0109764463757,34.30139492339295,39.06722722351102,True,False,False,2416
DOGEUSD,2022-11-15,1668531600,True,-5.65802874278539,22.632114971144055,22.63211497114313,33.94817245671548,37.92641802017428,True,False,False,2618
DOGEUSD,2022-11-15,1668535200,True,-4.535918807054743,23.81357373703011,23.813573737028744,32.88541135113823,35.980776398515474,True,False,False,2223
DOGEUSD,2022-11-15,1668538800,True,-7.955449482895854,25.00284123195818,25.002841231957948,40.913740197749654,36.240305567205525,True,False,False,2283
DOGEUSD,2022-11-15,1668542400,True,-5.814629608093324,23.25851843237586,23.25851843237491,34.88777764856317,37.5259274882772,True,False,False,2534
DOGEUSD,2022-11-15,1668546000,True,-8.664009703691518,23.10402587650898,23.104025876509645,40.43204528389108,36.58500938488308,True,False,False,2045
DOGEUSD,2022-11-15,1668549600,True,-6.378290618115896,24.353473269163864,24.35347326916408,37.110054505392654,36.86888924248177,True,False,False,1839
DOGEUSD,2022-11-15,1668553200,True,-3.4740316136879446,28.95026344739737,28.950263447397397,35.89832667477329,36.82744968254073,True,False,False,1552
DOGEUSD,2022-12-15,1671062400,True,-2.2537750732468163,22.5377507324769,22.53775073247598,27.045300878971176,26.85639585536273,True,False,False,601
DOGEUSD,2022-12-15,1671066000,True,-2.2647491790275445,22.647491790284228,22.647491790284874,27.176990148339964,27.321711546945014,True,False,False,805
DOGEUSD,2022-12-15,1671069600,True,-3.3917467495762854,22.611644997173546,22.611644997172622,29.395138496326762,27.367720546642047,True,False,False,1090
DOGEUSD,2022-12-15,1671073200,True,-3.4530386740334076,23.02025782688766,23.020257826886724,29.926335174955135,29.214971808395294,True,False,False,1438
DOGEUSD,2022-12-15,1671076800,True,-2.28675966156027,22.867596615595698,22.867596615596355,27.441115938715306,28.098367862418783,True,False,False,1565
DOGEUSD,2022-12-15,1671080400,True,-1.1423349326033814,22.84669865204478,22.84669865204543,25.13136851725061,27.624387771500615,True,False,False,809
DOGEUSD,2022-12-15,1671084000,True,-2.278423331054027,22.784233310549105,22.78423331054817,27.341079972659386,27.12394843090843,True,False,False,632
DOGEUSD,2022-12-15,1671087600,True,-2.276867030964509,22.768670309653917,22.76867030965299,27.322404371583584,27.02264252782252,True,False,False,739
DOGEUSD,2022-12-15,1671091200,True,-1.1415525114150826,22.831050228310506,22.83105022830957,25.114155251141323,26.99354205230296,True,False,False,741
DOGEUSD,2022-12-15,1671094800,True,-1.7110591456096784,22.81412194148178,22.81412194148085,26.236240232703373,26.94501518674867,True,False,False,665
DOGEUSD,2022-12-15,1671098400,True,-1.7192962347397842,22.923949796549948,22.923949796549017,26.362542266031767,26.99133695611715,True,False,False,1016
DOGEUSD,2022-12-15,1671102000,True,-1.7067759003228362,22.757012004323837,22.757012004322906,26.170563804971735,26.790470932054404,True,False,False,888
DOGEUSD,2022-12-15,1671105600,True,-2.2771262666506034,22.77126266651486,22.771262666513934,27.325515199818298,27.24697463093488,True,False,False,655
DOGEUSD,2022-12-15,1671109200,True,0.0,22.71952743382938,22.71952743382845,22.71952743383003,26.240548837662384,True,True,False,876
DOGEUSD,2022-12-15,1671112800,True,-1.1411617026128178,22.82323405226521,22.823234052264276,25.105557457491496,26.488552306077516,True,False,False,692
DOGEUSD,2022-12-15,1671116400,True,0.0,22.941041523285158,22.94104152328422,22.94104152328422,27.792449713393363,True,True,False,1675
DOGEUSD,2022-12-15,1671120000,True,-4.5971727387654715,22.985863693828296,22.98586369382736,32.1802091713599,30.294491064406174,True,False,False,1435
DOGEUSD,2022-12-15,1671123600,True,-1.7189021944652636,22.918695926201796,22.918695926200865,26.35650031513139,27.516227807594817,True,False,False,1255
DOGEUSD,2022-12-15,1671127200,True,-2.3009664058895822,23.009664058904743,23.0096640589038,27.61159687068616,26.84092256836834,True,False,False,1123
DOGEUSD,2022-12-15,1671130800,True,-1.1617100371742708,23.234200743494426,23.234200743493474,25.55762081784363,27.313622409433425,True,False,False,945
DOGEUSD,2022-12-15,1671134400,True,-1.165229550222559,23.304591004427873,23.304591004426918,25.635050104872036,27.358440363301874,True,False,False,1410
DOGEUSD,2022-12-15,1671138000,True,-2.321532211260142,23.21532211259431,23.215322112593366,27.85838653511365,27.088340889418376,True,False,False,973
DOGEUSD,2022-12-15,1671141600,True,-2.3274758524387438,23.27475852438031,23.27475852437936,27.929710229256848,26.732966141552687,True,False,False,777
DOGEUSD,2022-12-15,1671145200,True,-1.7693895606000882,23.591860808021238,23.591860808020275,27.130639929223722,27.17212105629275,True,False,False,1007
DOGEUSD,2023-01-15,1673744400,True,1.5891203260980715e-12,22.9016374670789,22.90163746707797,22.90163746707797,22.901637467078917,True,True,False,4037
DOGEUSD,2023-01-15,1673748000,True,0.0,23.405500292568753,23.4055002925678,23.405500292569425,23.407409560739694,True,True,False,8292
DOGEUSD,2023-01-15,1673751600,True,0.0,23.449407902450464,23.449407902449504,23.449407902449504,23.44943982410766,True,True,False,4454
DOGEUSD,2023-01-15,1673755200,True,0.0,23.665838362323985,23.66583836232302,23.665838362324664,23.665838362323978,True,True,False,2881
DOGEUSD,2023-01-15,1673758800,True,0.0,23.515579071134628,23.51557907113367,23.5155790711353,23.515579071134614,True,True,False,3272
DOGEUSD,2023-01-15,1673762400,True,0.0,23.537719195010002,23.537719195009043,23.537719195010673,23.53771919501004,True,True,False,1856
DOGEUSD,2023-01-15,1673766000,True,0.0,23.496240601503757,23.496240601502798,23.49624060150443,23.496240601503768,True,True,False,2130
DOGEUSD,2023-01-15,1673769600,True,0.0,23.677045104770926,23.677045104769956,23.6770451047716,23.67704510477097,True,True,False,1535
DOGEUSD,2023-01-15,1673773200,True,0.0,23.677045104770926,23.677045104769956,23.6770451047716,23.677045104770915,True,True,False,2957
DOGEUSD,2023-01-15,1673776800,True,0.0,24.029796948215786,24.029796948214805,24.029796948216475,24.030124066232357,True,True,False,3879
DOGEUSD,2023-01-15,1673780400,True,0.0,23.705108450871162,23.705108450870195,23.70510845087184,23.705108450871197,True,True,False,3335
DOGEUSD,2023-01-15,1673784000,True,0.0,23.764258555133082,23.764258555132113,23.76425855513376,23.764258555133015,True,True,False,2135
DOGEUSD,2023-01-15,1673787600,True,0.0,23.677045104770926,23.677045104769956,23.6770451047716,23.67704510477087,True,True,False,2036
DOGEUSD,2023-01-15,1673791200,True,0.0,23.679848448969928,23.67984844896896,23.67984844896896,23.67984844896999,True,True,False,2454
DOGEUSD,2023-01-15,1673794800,True,1.6390442668967116e-12,23.62111727884729,23.621117278846327,23.621117278846327,23.621117278847297,True,True,False,3352
DOGEUSD,2023-01-15,1673798400,True,0.0,23.45490793948634,23.454907939485384,23.45490793948701,23.454907939486343,True,True,False,2644
DOGEUSD,2023-01-15,1673802000,True,0.0,23.280176929344663,23.280176929343714,23.28017692934533,23.28017692934466,True,True,False,3863
DOGEUSD,2023-01-15,1673805600,True,0.0,23.457658925639223,23.457658925638263,23.457658925639894,23.457658925639226,True,True,False,4126
DOGEUSD,2023-01-15,1673809200,True,0.0,23.408239700374533,23.408239700373578,23.4082397003752,23.408239700374594,True,True,False,4301
DOGEUSD,2023-01-15,1673812800,True,0.0,23.4192037470726,23.419203747071645,23.41920374707327,23.4229855191663,True,True,False,3981
DOGEUSD,2023-01-15,1673816400,True,0.0,23.443910444262105,23.44391044426115,23.443910444262777,23.44391044426219,True,True,False,2286
DOGEUSD,2023-01-15,1673820000,True,0.0,23.34267040149393,23.342670401492978,23.342670401492978,23.342670401493923,True,True,False,1979
DOGEUSD,2023-01-15,1673823600,True,0.0,23.334500058336246,23.334500058335298,23.334500058335298,23.435617534926067,True,True,False,1477
DOGEUSD,2023-02-15,1676419200,True,-0.6013590715005259,24.054362860063748,24.054362860062763,25.257081003067153,26.876319004085087,True,False,False,416
DOGEUSD,2023-02-15,1676422800,True,-1.1964584828901799,23.929169657812874,23.9291696578119,26.32208662359392,26.627365579658722,True,False,False,884
DOGEUSD,2023-02-15,1676426400,True,-1.8060321473706877,24.080428631629648,24.080428631628664,27.69249292637338,27.085524703685106,True,False,False,1086
DOGEUSD,2023-02-15,1676430000,True,0.0,24.131274131274132,24.131274131273145,24.131274131273145,25.486047776308915,True,True,False,725
DOGEUSD,2023-02-15,1676433600,True,1.6780880057816757e-12,24.18379685610641,24.183796856105424,24.183796856105424,24.183796856106415,True,True,False,1492
DOGEUSD,2023-02-15,1676437200,True,-1.7631501616222303,23.508668821627978,23.50866882162702,27.03496914487311,26.73840654028653,True,False,False,5007
DOGEUSD,2023-02-15,1676440800,True,-2.342194636373375,23.42194636374283,23.421946363741874,28.106335636491874,27.132477709525872,True,False,False,1554
DOGEUSD,2023-02-15,1676444400,True,-2.3105360443613963,23.10536044362292,23.105360443621983,27.726432532346376,27.22396355262191,True,False,False,1637
DOGEUSD,2023-02-15,1676448000,True,-2.324500232450735,23.245002324500234,23.245002324499286,27.894002789400755,27.408485968372553,True,False,False,1583
DOGEUSD,2023-02-15,1676451600,True,-1.7444903180788653,23.25987090771646,23.259870907717126,26.748851543873243,27.12758915802733,True,False,False,1205
DOGEUSD,2023-02-15,1676455200,True,-2.3209933851679527,23.209933851688525,23.20993385168758,27.851920622026704,26.923411791889606,True,False,False,1180
DOGEUSD,2023-02-15,1676458800,True,-1.737619461338097,23.16825948450623,23.168259484505285,26.64349840718309,27.176988990868352,True,False,False,1033
DOGEUSD,2023-02-15,1676462400,True,-1.7390296214713494,23.18706161961626,23.187061619616916,26.66512086255962,27.061886027656854,True,False,False,1004
DOGEUSD,2023-02-15,1676466000,True,-2.3118714599475347,23.11871459946827,23.118714599467328,27.742457519362397,27.622476063285063,True,False,False,1420
DOGEUSD,2023-02-15,1676469600,True,-2.304944105104558,23.049441051054515,23.049441051055172,27.659329261264286,28.490205863145437,True,False,False,1500
DOGEUSD,2023-02-15,1676473200,True,-1.7414523712761651,23.21936495036861,23.219364950367666,26.702269692923217,27.957321320016504,True,False,False,1251
DOGEUSD,2023-02-15,1676476800,True,-2.330459100443501,23.304591004427873,23.304591004426918,27.96550920531392,26.987155317226506,True,False,False,1630
DOGEUSD,2023-02-15,1676480400,True,-1.7438818810673862,23.25175841423007,23.251758414229126,26.739522176363902,27.408149109386105,True,False,False,1279
DOGEUSD,2023-02-15,1676484000,True,-1.1633994532034204,24.4313885172474,24.431388517246,26.758187423651226,27.49221572485044,True,False,False,1077
DOGEUSD,2023-02-15,1676487600,True,-1.7374181965584348,23.16557595413216,23.165575954131214,26.640412347251303,26.633410003374102,True,False,False,933
DOGEUSD,2023-02-15,1676491200,True,-1.1536686663601754,23.073373327180434,23.073373327179493,25.38071065989984,26.389254408027583,True,False,False,928
DOGEUSD,2023-02-15,1676494800,True,-2.8494899413001935,22.795919530404063,22.79591953040313,28.4948994130051,27.653212509896893,True,False,False,1387
DOGEUSD,2023-02-15,1676498400,True,-4.499943750702933,22.49971875351558,22.499718753516227,31.499606254922092,29.599639500519835,True,False,False,1665
DOGEUSD,2023-02-15,1676502000,True,-2.2686025408339665,22.686025408348463,22.686025408347536,27.223230490018615,28.743486019781535,True,False,False,1549
DOGEUSD,2023-03-15,1678838400,True,1.8715829814989154e-12,26.97235333782873,26.972353337827627,26.972353337827627,27.264866694006933,True,True,False,3553
DOGEUSD,2023-03-15,1678842000,True,0.0,26.780931976432782,26.78093197643169,26.780931976433546,26.780931976432857,True,True,False,3069
DOGEUSD,2023-03-15,1678845600,True,1.8597946673565345e-12,26.802465826856075,26.80246582685498,26.80246582685498,26.80246582685611,True,True,False,3025
DOGEUSD,2023-03-15,1678849200,True,0.0,26.770178021683844,26.770178021682753,26.770178021684615,26.77017802168387,True,True,False,4558
DOGEUSD,2023-03-15,1678852800,True,0.0,26.560424966799467,26.560424966798383,26.560424966798383,26.56042496679943,True,True,False,3398
DOGEUSD,2023-03-15,1678856400,True,0.0,26.52168147460549,26.52168147460441,26.52168147460441,26.52168147460542,True,True,False,2165
DOGEUSD,2023-03-15,1678860000,True,1.8420212115495696e-12,26.546323334218215,26.54632333421713,26.54632333421713,26.54632333421819,True,True,False,1976
DOGEUSD,2023-03-15,1678863600,True,0.0,26.490066225165563,26.490066225164483,26.490066225166323,26.490066225165492,True,True,False,1940
DOGEUSD,2023-03-15,1678867200,True,0.0,26.578073089700997,26.578073089699913,26.578073089701757,26.578073089701032,True,True,False,2316
DOGEUSD,2023-03-15,1678870800,True,1.8466783510065813e-12,26.613439787092485,26.613439787091398,26.613439787091398,26.613439787092496,True,True,False,2297
DOGEUSD,2023-03-15,1678874400,True,0.0,26.532236667551075,26.532236667549995,26.53223666755183,26.532236667551093,True,True,False,2615
DOGEUSD,2023-03-15,1678878000,True,0.0,26.69870511280203,26.69870511280094,26.69870511280094,26.698705112801964,True,True,False,2478
DOGEUSD,2023-03-15,1678881600,True,0.0,26.979630379063806,26.97963037906271,26.979630379064577,26.979630379063842,True,True,False,3174
DOGEUSD,2023-03-15,1678885200,True,0.0,27.188689505165854,27.188689505164742,27.18868950516663,27.188689505165836,True,True,False,3565
DOGEUSD,2023-03-15,1678888800,True,0.0,27.255382938130282,27.25538293812917,27.255382938131063,27.25562297357172,True,True,False,5850
DOGEUSD,2023-03-15,1678892400,True,0.0,27.326137450471375,27.32613745047026,27.32613745047026,27.331503674776748,True,True,False,6615
DOGEUSD,2023-03-15,1678896000,True,0.0,27.590012415505587,27.590012415504464,27.590012415506376,27.59001241550558,True,True,False,6614
DOGEUSD,2023-03-15,1678899600,True,1.93230128206829e-12,27.847396268448904,27.847396268447767,27.847396268447767,27.847396268448882,True,True,False,7655
DOGEUSD,2023-03-15,1678903200,True,0.0,28.731504094239334,28.73150409423816,28.73150409423816,28.73462271435856,True,True,False,6212
DOGEUSD,2023-03-15,1678906800,True,0.0,29.533372711163615,29.533372711162407,29.53337271116446,29.53506274234979,True,True,False,7918
DOGEUSD,2023-03-15,1678910400,True,0.0,29.197080291970803,29.197080291969613,29.197080291969613,29.197080291970828,True,True,False,6199
DOGEUSD,2023-03-15,1678914000,True,0.0,28.88503755054882,28.88503755054764,28.885037550549644,28.885037550548812,True,True,False,4590
DOGEUSD,2023-03-15,1678917600,True,0.0,29.01073397156948,29.010733971568296,29.010733971570314,29.010733971569515,True,True,False,4742
DOGEUSD,2023-03-15,1678921200,True,2.0060404463449636e-12,28.910089621277834,28.910089621276654,28.910089621276654,28.910089621277713,True,True,False,2923
DOGEUSD,2023-04-15,1681516800,True,0.0,22.563176895306864,22.56317689530594,22.563176895307507,22.91759395824243,True,True,False,893
DOGEUSD,2023-04-15,1681520400,True,0.0,22.456770716370986,22.456770716370073,22.45677071637163,22.45683561018241,True,True,False,1119
DOGEUSD,2023-04-15,1681524000,True,1.5647522615643768e-12,22.5504566467471,22.55045664674618,22.55045664674618,22.550456646747076,True,True,False,1524
DOGEUSD,2023-04-15,1681527600,True,1.5725538592424315e-12,22.6628895184136,22.662889518412676,22.662889518412676,22.662978106031666,True,True,False,2713
DOGEUSD,2023-04-15,1681531200,True,0.0,22.724690376093626,22.7246903760927,22.7246903760927,22.728740944416526,True,True,False,2189
DOGEUSD,2023-04-15,1681534800,True,0.0,22.688598979013044,22.68859897901212,22.68859897901212,22.688598979012987,True,True,False,1103
DOGEUSD,2023-04-15,1681538400,True,0.0,22.647491790284228,22.647491790283304,22.647491790284874,22.647491790284093,True,True,False,935
DOGEUSD,2023-04-15,1681542000,True,1.5711296057754396e-12,22.64236386278728,22.642363862786357,22.642363862786357,22.642502255256993,True,True,False,1007
DOGEUSD,2023-04-15,1681545600,True,0.0,22.408963585434176,22.408963585433263,22.40896358543482,22.408963585434115,True,True,False,1410
DOGEUSD,2023-04-15,1681549200,True,1.559302000878029e-12,22.471910112359552,22.47191011235864,22.47191011235864,22.471910112359588,True,True,False,1153
DOGEUSD,2023-04-15,1681552800,True,0.0,22.408963585434176,22.408963585433263,22.40896358543482,22.408963585434257,True,True,False,1356
DOGEUSD,2023-04-15,1681556400,True,0.0,22.482014388489212,22.48201438848829,22.482014388489855,22.482014388489233,True,True,False,1176
DOGEUSD,2023-04-15,1681560000,True,0.0,22.251891410769915,22.25189141076901,22.251891410770554,22.25189141076989,True,True,False,1520
DOGEUSD,2023-04-15,1681563600,True,0.0,22.269235051775972,22.269235051775063,22.26923505177661,22.269235051775915,True,True,False,1238
DOGEUSD,2023-04-15,1681567200,True,0.0,22.276676319893074,22.276676319892164,22.27667631989371,22.276676319893088,True,True,False,1881
DOGEUSD,2023-04-15,1681570800,True,0.0,22.234574763757642,22.234574763756736,22.23457476375828,22.234574763757642,True,True,False,1184
DOGEUSD,2023-04-15,1681574400,True,0.0,22.44668911335578,22.446689113354868,22.446689113356424,22.446689113355838,True,True,False,1942
DOGEUSD,2023-04-15,1681578000,True,0.0,22.41901132160072,22.419011321599807,22.41901132160136,22.419011321600742,True,True,False,1085
DOGEUSD,2023-04-15,1681581600,True,0.0,22.517451024544023,22.517451024543107,22.517451024544666,22.517985952653788,True,True,False,1387
DOGEUSD,2023-04-15,1681585200,True,0.0,22.466861379465293,22.466861379464373,22.466861379465932,22.466861379465293,True,True,False,1764
DOGEUSD,2023-04-15,1681588800,True,1.5579016398534415e-12,22.4517287831163,22.451728783115385,22.451728783115385,22.451728783116298,True,True,False,1940
DOGEUSD,2023-04-15,1681592400,True,0.0,22.482014388489212,22.48201438848829,22.482014388489855,22.482014388489105,True,True,False,1526
DOGEUSD,2023-04-15,1681596000,True,0.0,22.53267237494367,22.53267237494275,22.53267237494275,22.532672374943704,True,True,False,1366
DOGEUSD,2023-04-15,1681599600,True,1.5691754644747239e-12,22.614201718679336,22.614201718678412,22.614201718678412,22.614201718679272,True,True,False,1046
DOGEUSD,2023-05-15,1684108800,True,0.0,27.874564459930312,27.87456445992917,27.87456445992917,27.874564459930443,True,True,False,353
DOGEUSD,2023-05-15,1684112400,True,1.9293462821930292e-12,27.80481023217017,27.804810232169036,27.804810232169036,27.80481023217009,True,True,False,494
DOGEUSD,2023-05-15,1684116000,True,0.0,27.808676307007786,27.808676307006657,27.808676307008586,27.808676307007847,True,True,False,540
DOGEUSD,2023-05-15,1684119600,True,0.0,28.093833403567917,28.093833403566773,28.09383340356872,28.093833403567995,True,True,False,2783
DOGEUSD,2023-05-15,1684123200,True,0.0,27.555800496004405,27.555800496003283,27.555800496003283,27.555800496004437,True,True,False,2291
DOGEUSD,2023-05-15,1684126800,True,0.0,27.491408934707902,27.49140893470678,27.49140893470678,27.491408934707884,True,True,False,2094
DOGEUSD,2023-05-15,1684130400,True,1.909436957596926e-12,27.5178866263071,27.51788662630598,27.51788662630598,27.517886626306943,True,True,False,904
DOGEUSD,2023-05-15,1684134000,True,1.905765971960239e-12,27.464982147761607,27.464982147760484,27.464982147760484,27.46498214776164,True,True,False,679
DOGEUSD,2023-05-15,1684137600,True,0.0,27.427317608337905,27.427317608336786,27.42731760833869,27.42731760833781,True,True,False,1313
DOGEUSD,2023-05-15,1684141200,True,0.0,27.344818156959256,27.344818156958144,27.34481815696004,27.34481815695935,True,True,False,1146
DOGEUSD,2023-05-15,1684144800,True,0.0,27.36352442194555,27.36352442194443,27.36352442194633,27.36352442194561,True,True,False,737
DOGEUSD,2023-05-15,1684148400,True,0.0,27.389756231169542,27.389756231168427,27.389756231170328,27.389756231169514,True,True,False,725
DOGEUSD,2023-05-15,1684152000,True,0.0,27.461211039406834,27.46121103940572,27.46121103940572,27.46121103940697,True,True,False,573
DOGEUSD,2023-05-15,1684155600,True,0.0,27.502750275027502,27.502750275026383,27.502750275026383,27.5027502750276,True,True,False,540
DOGEUSD,2023-05-15,1684159200,True,0.0,27.605244996549345,27.60524499654822,27.605244996550134,27.60524499654946,True,True,False,724
DOGEUSD,2023-05-15,1684162800,True,0.0,27.533039647577095,27.533039647575972,27.533039647577883,27.533039647576746,True,True,False,534
DOGEUSD,2023-05-15,1684166400,True,0.0,27.56339581036384,27.563395810362714,27.563395810364625,27.56339581036396,True,True,False,784
DOGEUSD,2023-05-15,1684170000,True,0.0,27.57479663587481,27.57479663587369,27.5747966358756,27.57479663587489,True,True,False,1648
DOGEUSD,2023-05-15,1684173600,True,1.91233123988073e-12,27.559597629874606,27.559597629873483,27.559597629873483,27.559597629874705,True,True,False,841
DOGEUSD,2023-05-15,1684177200,True,1.913913640575708e-12,27.58240242725142,27.582402427250294,27.582402427250294,27.58240242725146,True,True,False,1417
DOGEUSD,2023-05-15,1684180800,True,0.0,27.548209366391184,27.54820936639006,27.548209366391976,27.548209366391198,True,True,False,1112
DOGEUSD,2023-05-15,1684184400,True,0.0,27.63194252555955,27.631942525558422,27.631942525560337,27.631942525559637,True,True,False,726
DOGEUSD,2023-05-15,1684188000,True,0.0,27.674000276740003,27.674000276738877,27.67400027674079,27.674000276740017,True,True,False,875
DOGEUSD,2023-05-15,1684191600,True,0.0,27.674000276740003,27.674000276738877,27.67400027674079,27.674000276739996,True,True,False,433
DOGEUSD,2023-06-15,1686787200,True,0.0,33.44481605351171,33.4448160535115,33.4448160535115,33.46983485315493,True,True,False,2064
DOGEUSD,2023-06-15,1686790800,True,1.1570608477417424e-12,33.35000833750209,33.35000833750188,33.35000833750188,33.35000833750211,True,True,False,1234
DOGEUSD,2023-06-15,1686794400,True,1.1501564568054415e-12,33.15100281783525,33.15100281783504,33.15100281783504,33.15100281783527,True,True,False,929
DOGEUSD,2023-06-15,1686798000,True,0.0,33.20604349991699,33.20604349991678,33.20604349991678,33.206043499917094,True,True,False,771
DOGEUSD,2023-06-15,1686801600,True,1.158606429104563e-12,33.39455668725998,33.39455668725978,33.39455668725978,33.39455668725992,True,True,False,747
DOGEUSD,2023-06-15,1686805200,True,0.0,33.3555703802535,33.355570380253305,33.355570380254456,33.35557038025353,True,True,False,616
DOGEUSD,2023-06-15,1686808800,True,1.1535983215140863e-12,33.25020781379884,33.25020781379864,33.25020781379864,33.25020781379883,True,True,False,410
DOGEUSD,2023-06-15,1686812400,True,1.1535983215140863e-12,33.25020781379884,33.25020781379864,33.25020781379864,33.250207813798816,True,True,False,793
DOGEUSD,2023-06-15,1686816000,True,0.0,33.28340822100183,33.28340822100163,33.28340822100163,33.28340822100181,True,True,False,1110
DOGEUSD,2023-06-15,1686819600,True,0.0,33.40571237681644,33.40571237681623,33.40571237681739,33.40571237681644,True,True,False,1513
DOGEUSD,2023-06-15,1686823200,True,0.0,33.22811098189068,33.22811098189048,33.22811098189163,33.22811098189073,True,True,False,1407
DOGEUSD,2023-06-15,1686826800,True,0.0,33.28340822100183,33.28340822100163,33.28340822100163,33.28340822100186,True,True,False,583
DOGEUSD,2023-06-15,1686830400,True,0.0,32.8515111695138,32.8515111695136,32.8515111695136,32.85151116951376,True,True,False,2536
DOGEUSD,2023-06-15,1686834000,True,1.138643568084547e-12,32.81916639317362,32.81916639317342,32.81916639317342,32.81916639317358,True,True,False,1574
DOGEUSD,2023-06-15,1686837600,True,0.0,32.760032760032765,32.760032760032566,32.760032760033695,32.760032760032786,True,True,False,2047
DOGEUSD,2023-06-15,1686841200,True,0.0,32.754667540124466,32.75466754012427,32.75466754012427,32.75466754012444,True,True,False,1601
DOGEUSD,2023-06-15,1686844800,True,1.1301130136656724e-12,32.57328990228013,32.57328990227994,32.57328990227994,32.573289902280194,True,True,False,1584
DOGEUSD,2023-06-15,1686848400,True,1.1352902329691148e-12,32.72251308900524,32.72251308900504,32.72251308900504,32.72251308900521,True,True,False,1264
DOGEUSD,2023-06-15,1686852000,True,0.0,32.79226102639777,32.79226102639757,32.79226102639757,32.79226102639773,True,True,False,818
DOGEUSD,2023-06-15,1686855600,True,1.140890151908456e-12,32.88391976323578,32.88391976323558,32.88391976323558,32.883919763235866,True,True,False,808
DOGEUSD,2023-06-15,1686859200,True,0.0,32.754667540124466,32.75466754012427,32.75466754012427,32.75466754012446,True,True,False,1622
DOGEUSD,2023-06-15,1686862800,True,1.1262609809945186e-12,32.462262619704596,32.4622626197044,32.4622626197044,32.46226261970453,True,True,False,1709
DOGEUSD,2023-06-15,1686866400,True,0.0,32.49390739236394,32.49390739236374,32.49390739236486,32.49390739236398,True,True,False,2116
DOGEUSD,2023-06-15,1686870000,True,0.0,32.5626831650928,32.56268316509261,32.56268316509261,32.562683165092835,True,True,False,1306
DOGEUSD,2023-07-15,1689379200,True,2.023001138165373e-12,29.15451895043732,29.154518950436135,29.154518950436135,29.213956587366237,True,True,False,1248
DOGEUSD,2023-07-15,1689382800,True,0.0,29.325513196480944,29.325513196479747,29.32551319648178,29.325513196480948,True,True,False,1082
DOGEUSD,2023-07-15,1689386400,True,0.0,29.218407596785976,29.218407596784786,29.21840759678681,29.21840759678603,True,True,False,1079
DOGEUSD,2023-07-15,1689390000,True,0.0,29.32981375568265,29.329813755681453,29.329813755683492,29.32981375568258,True,True,False,2054
DOGEUSD,2023-07-15,1689393600,True,0.0,29.23121894182987,29.23121894182868,29.23121894182868,29.231218941829844,True,True,False,1152
DOGEUSD,2023-07-15,1689397200,True,0.0,29.222676797194623,29.222676797193433,29.222676797195458,29.222676797194534,True,True,False,808
DOGEUSD,2023-07-15,1689400800,True,0.0,29.437739181630853,29.437739181629652,29.437739181631695,29.43773918163085,True,True,False,1265
DOGEUSD,2023-07-15,1689404400,True,2.0304005571052608e-12,29.261155815654725,29.261155815653527,29.261155815653527,29.261155815654774,True,True,False,994
DOGEUSD,2023-07-15,1689408000,True,0.0,28.939372015627264,28.939372015626077,28.939372015626077,28.939372015627274,True,True,False,2071
DOGEUSD,2023-07-15,1689411600,True,0.0,28.608210556429697,28.60821055642853,28.608210556430514,28.608210556429775,True,True,False,1909
DOGEUSD,2023-07-15,1689415200,True,0.0,27.33734281027884,27.337342810277725,27.337342810279626,27.33802708640706,True,True,False,9974
DOGEUSD,2023-07-15,1689418800,True,0.0,27.111291853056798,27.11129185305569,27.111291853057573,27.11150988429233,True,True,False,5772
DOGEUSD,2023-07-15,1689422400,True,0.0,27.129679869777537,27.12967986977643,27.12967986977643,27.129679869777537,True,True,False,4062
DOGEUSD,2023-07-15,1689426000,True,0.0,27.162841233192996,27.162841233191884,27.16284123319377,27.16284123319299,True,True,False,5995
DOGEUSD,2023-07-15,1689429600,True,0.0,27.041644131963224,27.041644131962123,27.041644131964002,27.041644131963196,True,True,False,3830
DOGEUSD,2023-07-15,1689433200,True,1.9065514229721746e-12,27.47630168979256,27.476301689791438,27.476301689791438,27.47630168979256,True,True,False,3136
DOGEUSD,2023-07-15,1689436800,True,0.0,27.628125431689465,27.628125431688336,27.628125431690254,27.63083820083936,True,True,False,3921
DOGEUSD,2023-07-15,1689440400,True,0.0,27.73540424351685,27.735404243515717,27.735404243515717,27.73540424351679,True,True,False,2470
DOGEUSD,2023-07-15,1689444000,True,1.903674596408019e-12,27.434842249657066,27.434842249655947,27.434842249655947,27.434842249657066,True,True,False,3208
DOGEUSD,2023-07-15,1689447600,True,1.89716853148523e-12,27.34107997265892,27.34107997265781,27.34107997265781,27.341232861475266,True,True,False,4215
DOGEUSD,2023-07-15,1689451200,True,0.0,27.662517289073307,27.662517289072174,27.662517289074096,27.66251728907331,True,True,False,2137
DOGEUSD,2023-07-15,1689454800,True,1.902891513480661e-12,27.423556835321545,27.423556835320426,27.423556835320426,27.42355683532152,True,True,False,2021
DOGEUSD,2023-07-15,1689458400,True,0.0,27.628125431689465,27.628125431688336,27.628125431690254,27.62812543168936,True,True,False,1350
DOGEUSD,2023-07-15,1689462000,True,0.0,27.51031636863824,27.510316368637117,27.510316368639028,27.51031636863834,True,True,False,1237
DOGEUSD,2023-08-15,1692057600,True,0.0,26.74869600106995,26.748696001068854,26.748696001070712,26.820192060842263,True,True,False,530
DOGEUSD,2023-08-15,1692061200,True,0.0,26.74869600106995,26.748696001068854,26.748696001070712,26.74869600107014,True,True,False,805
DOGEUSD,2023-08-15,1692064800,True,0.0,26.78810608090008,26.788106080898984,26.788106080898984,26.788106080899976,True,True,False,408
DOGEUSD,2023-08-15,1692068400,True,0.0,26.770178021683844,26.770178021682753,26.770178021684615,26.770178021683776,True,True,False,661
DOGEUSD,2023-08-15,1692072000,True,1.8563119058071775e-12,26.752273943285182,26.75227394328409,26.75227394328409,26.7522739432851,True,True,False,489
DOGEUSD,2023-08-15,1692075600,True,1.8597946673565345e-12,26.802465826856075,26.80246582685498,26.80246582685498,26.8024658268561,True,True,False,493
DOGEUSD,2023-08-15,1692079200,True,0.0,26.83483161143164,26.834831611430545,26.834831611432406,26.834831611431518,True,True,False,440
DOGEUSD,2023-08-15,1692082800,True,0.0,26.874496103198066,26.874496103196968,26.874496103198833,26.87449610319804,True,True,False,533
DOGEUSD,2023-08-15,1692086400,True,0.0,26.936026936026938,26.93602693602584,26.93602693602771,26.936026936026906,True,True,False,615
DOGEUSD,2023-08-15,1692090000,True,0.0,26.91065662002153,26.910656620020433,26.9106566200223,26.910656620021268,True,True,False,600
DOGEUSD,2023-08-15,1692093600,True,0.0,26.86366689053056,26.863666890529462,26.863666890531327,26.8636668905304,True,True,False,541
DOGEUSD,2023-08-15,1692097200,True,0.0,26.8564522626561,26.856452262655008,26.856452262655008,26.85645226265609,True,True,False,589
DOGEUSD,2023-08-15,1692100800,True,1.866046498294266e-12,26.892564205997044,26.89256420599595,26.89256420599595,26.892564205996898,True,True,False,327
DOGEUSD,2023-08-15,1692104400,True,1.8695659177979874e-12,26.943284386366702,26.943284386365605,26.943284386365605,26.943284386366553,True,True,False,246
DOGEUSD,2023-08-15,1692108000,True,1.875883726387464e-12,27.034333603676675,27.034333603675574,27.034333603675574,27.034333603676743,True,True,False,659
DOGEUSD,2023-08-15,1692111600,True,0.0,27.045300878972277,27.045300878971176,27.045300878973055,27.04530087897228,True,True,False,759
DOGEUSD,2023-08-15,1692115200,True,0.0,27.0929287455974,27.092928745596293,27.092928745598176,27.09292874559727,True,True,False,764
DOGEUSD,2023-08-15,1692118800,True,0.0,26.990553306342782,26.99055330634168,26.990553306343553,26.9905533063427,True,True,False,1818
DOGEUSD,2023-08-15,1692122400,True,0.0,27.151778441487917,27.15177844148681,27.151778441488695,27.15177844148781,True,True,False,1220
DOGEUSD,2023-08-15,1692126000,True,0.0,27.14072465734835,27.140724657347242,27.140724657347242,27.140724657348372,True,True,False,1153
DOGEUSD,2023-08-15,1692129600,True,1.8842889080535585e-12,27.155465037338768,27.155465037337663,27.155465037337663,27.155465037338697,True,True,False,765
DOGEUSD,2023-08-15,1692133200,True,0.0,27.3224043715847,27.322404371583584,27.32240437158548,27.322458701434638,True,True,False,2075
DOGEUSD,2023-08-15,1692136800,True,0.0,28.133352088901393,28.13335208890025,28.1333520889022,28.546391948458865,True,True,False,6654
DOGEUSD,2023-08-15,1692140400,True,1.9573748671106427e-12,28.20874471086037,28.20874471085922,28.20874471085922,28.208744710860202,True,True,False,1939
DOGEUSD,2023-09-15,1694736000,True,0.0,32.22687721559781,32.22687721559761,32.22687721559761,32.22687721559779,True,True,False,416
DOGEUSD,2023-09-15,1694739600,True,1.1152192066710427e-12,32.14400514304082,32.14400514304063,32.14400514304063,32.14400514304084,True,True,False,549
DOGEUSD,2023-09-15,1694743200,True,1.118454852338367e-12,32.23726627981947,32.23726627981928,32.23726627981928,32.23726627981942,True,True,False,634
DOGEUSD,2023-09-15,1694746800,True,0.0,32.32062055591467,32.32062055591447,32.32062055591447,32.32062055591472,True,True,False,852
DOGEUSD,2023-09-15,1694750400,True,0.0,32.22168519413566,32.22168519413545,32.221685194136576,32.22168519413569,True,True,False,772
DOGEUSD,2023-09-15,1694754000,True,0.0,32.1853878339234,32.1853878339232,32.1853878339232,32.1853878339234,True,True,False,1006
DOGEUSD,2023-09-15,1694757600,True,0.0,32.21130616846513,32.21130616846493,32.21130616846493,32.21130616846505,True,True,False,477
DOGEUSD,2023-09-15,1694761200,True,1.1170144726186781e-12,32.195750160978754,32.195750160978555,32.195750160978555,32.19575016097869,True,True,False,451
DOGEUSD,2023-09-15,1694764800,True,1.118454852338367e-12,32.23726627981947,32.23726627981928,32.23726627981928,32.23726627981942,True,True,False,585
DOGEUSD,2023-09-15,1694768400,True,1.1197182352601627e-12,32.273680813296764,32.27368081329656,32.27368081329656,32.27368081329679,True,True,False,422
DOGEUSD,2023-09-15,1694772000,True,0.0,32.35198964736332,32.35198964736311,32.35198964736424,32.35198964736339,True,True,False,448
DOGEUSD,2023-09-15,1694775600,True,0.0,32.24766204450177,32.24766204450158,32.24766204450158,32.24766204450182,True,True,False,386
DOGEUSD,2023-09-15,1694779200,True,0.0,32.278889606197545,32.27888960619735,32.27888960619735,32.27888960619757,True,True,False,444
DOGEUSD,2023-09-15,1694782800,True,1.1197182352601627e-12,32.273680813296764,32.27368081329656,32.27368081329656,32.27368081329673,True,True,False,380
DOGEUSD,2023-09-15,1694786400,True,0.0,32.43593902043464,32.435939020434446,32.43593902043557,32.435939020434574,True,True,False,923
DOGEUSD,2023-09-15,1694790000,True,0.0,32.46753246753247,32.46753246753227,32.46753246753227,32.467532467532436,True,True,False,806
DOGEUSD,2023-09-15,1694793600,True,1.1242537109376585e-12,32.40440699935191,32.404406999351714,32.404406999351714,32.404406999351906,True,True,False,768
DOGEUSD,2023-09-15,1694797200,True,0.0,32.54149040026033,32.54149040026013,32.54149040026013,32.5414904002603,True,True,False,1050
DOGEUSD,2023-09-15,1694800800,True,0.0,32.33629749393694,32.33629749393675,32.33629749393675,32.33629749393689,True,True,False,689
DOGEUSD,2023-09-15,1694804400,True,0.0,32.22687721559781,32.22687721559761,32.22687721559761,32.2268772155978,True,True,False,745
DOGEUSD,2023-09-15,1694808000,True,1.1222535830352951e-12,32.346757237586935,32.346757237586736,32.346757237586736,32.346757237587056,True,True,False,523
DOGEUSD,2023-09-15,1694811600,True,0.0,32.35722375020223,32.35722375020204,32.35722375020204,32.35722375020216,True,True,False,385
DOGEUSD,2023-09-15,1694815200,True,0.0,32.304958811177514,32.30495881117732,32.30495881117844,32.30495881117765,True,True,False,396
DOGEUSD,2023-09-15,1694818800,True,0.0,32.25806451612903,32.25806451612884,32.258064516129956,32.25806451612907,True,True,False,588
DOGEUSD,2023-10-15,1697331600,True,0.0,33.41687552213868,33.416875522138476,33.416875522139634,33.41687552213857,True,True,False,283
DOGEUSD,2023-10-15,1697335200,True,1.1597683275793463e-12,33.42804613070366,33.428046130703464,33.428046130703464,33.428046130703684,True,True,False,336
DOGEUSD,2023-10-15,1697338800,True,1.1667889530699899e-12,33.63040188330251,33.630401883302305,33.630401883302305,33.630401883302504,True,True,False,517
DOGEUSD,2023-10-15,1697342400,True,0.0,33.557046979865774,33.55704697986557,33.55704697986673,33.55704697986572,True,True,False,470
DOGEUSD,2023-10-15,1697346000,True,1.1654171823828062e-12,33.59086328518643,33.59086328518623,33.59086328518623,33.59086328518634,True,True,False,263
DOGEUSD,2023-10-15,1697349600,True,0.0,33.64737550471063,33.64737550471043,33.6473755047116,33.647375504710716,True,True,False,131
DOGEUSD,2023-10-15,1697353200,True,1.1675742729105215e-12,33.65303718660609,33.65303718660589,33.65303718660589,33.65303718660609,True,True,False,225
DOGEUSD,2023-10-15,1697356800,True,0.0,33.69839932603202,33.698399326031804,33.69839932603298,33.69839932603207,True,True,False,196
DOGEUSD,2023-10-15,1697360400,True,0.0,33.687047330301496,33.68704733030129,33.68704733030129,33.687047330301645,True,True,False,148
DOGEUSD,2023-10-15,1697364000,True,0.0,33.72112628561794,33.721126285617736,33.721126285617736,33.72112628561806,True,True,False,190
DOGEUSD,2023-10-15,1697367600,True,0.0,33.68137420006736,33.68137420006716,33.68137420006716,33.681374200067275,True,True,False,168
DOGEUSD,2023-10-15,1697371200,True,0.0,33.72112628561794,33.721126285617736,33.721126285617736,33.7211262856178,True,True,False,130
DOGEUSD,2023-10-15,1697374800,True,1.1689511293644253e-12,33.692722371967655,33.692722371967456,33.692722371967456,33.6927223719675,True,True,False,149
DOGEUSD,2023-10-15,1697378400,True,0.0,33.800912624640866,33.80091262464066,33.80091262464183,33.800912624640986,True,True,False,468
DOGEUSD,2023-10-15,1697382000,True,0.0,33.82949932341001,33.829499323409806,33.829499323409806,33.82949932341019,True,True,False,188
DOGEUSD,2023-10-15,1697385600,True,0.0,33.84667456422407,33.846674564223854,33.846674564223854,33.8466745642241,True,True,False,634
DOGEUSD,2023-10-15,1697389200,True,1.1719124985487635e-12,33.778078027360245,33.77807802736004,33.77807802736004,33.7780780273602,True,True,False,381
DOGEUSD,2023-10-15,1697392800,True,1.169739363436822e-12,33.71544167228591,33.715441672285706,33.715441672285706,33.71544167228584,True,True,False,267
DOGEUSD,2023-10-15,1697396400,True,1.168163956886739e-12,33.670033670033675,33.67003367003347,33.67003367003347,33.67003367003358,True,True,False,143
DOGEUSD,2023-10-15,1697400000,True,1.1669851839736342e-12,33.63605785401951,33.636057854019306,33.636057854019306,33.63605785401953,True,True,False,302
DOGEUSD,2023-10-15,1697403600,True,1.1634630958932308e-12,33.5345405767941,33.534540576793894,33.534540576793894,33.53454057679404,True,True,False,259
DOGEUSD,2023-10-15,1697407200,True,0.0,33.64737550471063,33.64737550471043,33.6473755047116,33.64737550471062,True,True,False,173
DOGEUSD,2023-10-15,1697410800,True,1.164634760642368e-12,33.56831151393085,33.56831151393065,33.56831151393065,33.56831151393089,True,True,False,433
DOGEUSD,2023-11-15,1700006400,True,1.9131221130155026e-12,27.5709953129308,27.57099531292968,27.57099531292968,27.589234775899453,True,True,False,1354
DOGEUSD,2023-11-15,1700010000,True,0.0,27.593818984547465,27.593818984546335,27.593818984548253,27.593818984547546,True,True,False,1494
DOGEUSD,2023-11-15,1700013600,True,0.0,27.597626604112047,27.597626604110918,27.597626604110918,27.597626604112122,True,True,False,2405
DOGEUSD,2023-11-15,1700017200,True,0.0,27.56339581036384,27.563395810362714,27.563395810364625,27.563395810363815,True,True,False,2528
DOGEUSD,2023-11-15,1700020800,True,0.0,27.442371020856204,27.442371020855084,27.44237102085699,27.44237102085619,True,True,False,2281
DOGEUSD,2023-11-15,1700024400,True,0.0,27.548209366391184,27.54820936639006,27.548209366391976,27.54820936639118,True,True,False,1744
DOGEUSD,2023-11-15,1700028000,True,1.89716853148523e-12,27.34107997265892,27.34107997265781,27.34107997265781,27.341079972658893,True,True,False,1556
DOGEUSD,2023-11-15,1700031600,True,1.893544522829098e-12,27.28885250375222,27.28885250375111,27.28885250375111,27.2888525037523,True,True,False,1583
DOGEUSD,2023-11-15,1700035200,True,0.0,27.281407720638388,27.281407720637272,27.281407720639166,27.2814077206384,True,True,False,1895
DOGEUSD,2023-11-15,1700038800,True,0.0,27.15915263443781,27.159152634436698,27.159152634438584,27.15915263443773,True,True,False,2223
DOGEUSD,2023-11-15,1700042400,True,1.877914453019548e-12,27.063599458728014,27.063599458726912,27.063599458726912,27.063599458727904,True,True,False,1861
DOGEUSD,2023-11-15,1700046000,True,1.887107398397397e-12,27.196083763937995,27.19608376393689,27.19608376393689,27.196083763937985,True,True,False,2069
DOGEUSD,2023-11-15,1700049600,True,1.877914453019548e-12,27.063599458728014,27.063599458726912,27.063599458726912,27.063599458727996,True,True,False,1379
DOGEUSD,2023-11-15,1700053200,True,0.0,26.77376171352075,26.773761713519654,26.773761713521516,26.77376171352069,True,True,False,3121
DOGEUSD,2023-11-15,1700056800,True,0.0,26.82763246143528,26.827632461434185,26.827632461434185,26.82763246143529,True,True,False,3049
DOGEUSD,2023-11-15,1700060400,True,0.0,26.82763246143528,26.827632461434185,26.827632461434185,26.827632461435318,True,True,False,3511
DOGEUSD,2023-11-15,1700064000,True,0.0,26.95781102574471,26.95781102574361,26.95781102574361,26.957811025744714,True,True,False,3098
DOGEUSD,2023-11-15,1700067600,True,1.8632905219944224e-12,26.852846401718587,26.85284640171749,26.85284640171749,26.85284640171863,True,True,False,2639
DOGEUSD,2023-11-15,1700071200,True,1.8695659177979874e-12,26.943284386366702,26.943284386365605,26.943284386365605,26.943284386366734,True,True,False,2594
DOGEUSD,2023-11-15,1700074800,True,0.0,27.008777852802158,27.008777852801057,27.008777852801057,27.008777852802137,True,True,False,2791
DOGEUSD,2023-11-15,1700078400,True,0.0,26.616981634282677,26.616981634281586,26.616981634283434,26.616981634282666,True,True,False,5938
DOGEUSD,2023-11-15,1700082000,True,0.0,26.542800265428003,26.542800265426923,26.542800265428763,26.542800265428,True,True,False,4428
DOGEUSD,2023-11-15,1700085600,True,0.0,26.560424966799467,26.560424966798383,26.560424966798383,26.560424966799413,True,True,False,3407
DOGEUSD,2023-11-15,1700089200,True,0.0,26.60635891978183,26.606358919780746,26.606358919782586,26.606358919781904,True,True,False,2172
ADAUSD,2022-03-15,1647302400,True,-6.9282610064880075,12.596838193613404,12.596838193613415,26.45336020658943,26.51673445365888,True,False,False,1026
ADAUSD,2022-03-15,1647306000,True,-4.363817717099451,22.44249111651394,22.442491116514233,31.170126550714517,29.12194626419337,True,False,False,2590
ADAUSD,2022-03-15,1647309600,True,-4.978220286247119,22.401991288114502,22.401991288113415,32.35843186060903,29.228872143349275,True,False,False,2221
ADAUSD,2022-03-15,1647313200,True,-3.1104199066870604,22.3950233281493,22.395023328148216,28.615863141523718,30.21206362375775,True,False,False,2342
ADAUSD,2022-03-15,1647316800,True,-3.782625141848026,22.695750851090658,22.695750851089556,30.26100113478701,29.66567749717263,True,False,False,2372
ADAUSD,2022-03-15,1647320400,True,0.0,22.621591051903987,22.62159105190289,22.621591051904286,28.50514250211877,True,True,False,1728
ADAUSD,2022-03-15,1647324000,True,-3.790511087244513,24.006570219217892,22.74306652346988,31.58759239370708,29.772895447576488,False,False,False,1908
ADAUSD,2022-03-15,1647327600,True,-2.519685039369801,23.937007874015748,23.937007874015908,28.97637795275691,29.245759632809627,True,False,False,1267
ADAUSD,2022-03-15,1647331200,True,-1.8870298150708704,23.902377657566994,23.902377657567154,27.67643728771029,28.499703079056395,True,False,False,1987
ADAUSD,2022-03-15,1647334800,True,-2.5184159163883137,23.92495120569162,23.92495120569178,28.96178303846841,28.992537252040897,True,False,False,1669
ADAUSD,2022-03-15,1647338400,True,-3.1643566862853296,22.783368141256883,22.783368141255778,29.112081513827842,30.587801334148274,True,False,False,2712
ADAUSD,2022-03-15,1647342000,True,-2.5366224871580694,24.097913628004314,24.097913628004473,29.171158602320613,29.78883732068556,True,False,False,1788
ADAUSD,2022-03-15,1647345600,True,-3.167363486633377,24.071962498416315,22.805017103763127,30.406689471683237,29.26524304867371,False,False,False,1477
ADAUSD,2022-03-15,1647349200,True,-2.526368976188694,24.00050527379524,24.000505273793998,29.05324322617279,29.087843007186372,True,False,False,1302
ADAUSD,2022-03-15,1647352800,True,-2.52589037635879,22.733013387218996,22.733013387219295,27.78479413993547,29.112262032845464,True,False,False,1354
ADAUSD,2022-03-15,1647356400,True,-5.02638853983497,20.105554159336513,20.105554159337093,30.158331239005637,28.852390790194374,True,False,False,1756
ADAUSD,2022-03-15,1647360000,True,-2.5268477574223374,22.74162981680354,22.741629816803837,27.795325331648513,29.693906651543628,True,False,False,2665
ADAUSD,2022-03-15,1647363600,True,-3.7530493525985733,23.769312566460247,23.76931256645902,31.275411271657557,30.207592434762706,True,False,False,2944
ADAUSD,2022-03-15,1647367200,True,-1.2503125781443987,22.505626406601653,22.505626406601948,25.00625156289075,28.489082832109307,True,False,False,2467
ADAUSD,2022-03-15,1647370800,True,-0.6201165819173321,23.56443011286122,23.564430112860002,24.80466327669604,26.710197861436786,True,False,False,2500
ADAUSD,2022-03-15,1647374400,True,-1.8623129927367743,22.347755912843752,22.347755912844047,26.072381898317598,26.383657565678796,True,False,False,1996
ADAUSD,2022-03-15,1647378000,True,-5.575171901134379,22.300687604534478,22.300687604534765,33.45103140680215,26.76313823888419,True,False,False,2105
ADAUSD,2022-03-15,1647381600,True,-3.0704986489816197,23.335789732252515,23.33578973225131,29.47678703021455,27.872659641374817,True,False,False,2971
ADAUSD,2022-03-15,1647385200,True,0.0,23.595156783607575,23.595156783606352,23.595156783607734,27.904303191690758,True,True,False,2430
ADAUSD,2022-04-15,1649980800,True,-8.526057764041596,10.65757220505169,10.657572205051698,27.70968773313371,25.478193313650685,True,False,False,1352
ADAUSD,2022-04-15,1649984400,True,-1.6139444803096996,22.595222724338285,22.595222724338186,25.82311168495758,27.1357723714658,True,False,False,1762
ADAUSD,2022-04-15,1649988000,True,-1.071983705847553,22.511657822801098,22.511657822800995,24.65562523449729,26.07813304356146,True,False,False,1598
ADAUSD,2022-04-15,1649991600,True,-1.6084066051896149,22.51769247265709,22.51769247265699,25.734505683036218,27.486626829839274,True,False,False,2191
ADAUSD,2022-04-15,1649995200,True,-2.1323098246184657,22.389253158483932,22.38925315848383,26.653872807719576,26.3768370796593,True,False,False,1496
ADAUSD,2022-04-15,1649998800,True,-2.659291564726864,22.33804914370812,22.33804914370802,27.656632273162927,26.209707260677284,True,False,False,1617
ADAUSD,2022-04-15,1650002400,True,-2.102275713459589,22.073894991328117,22.073894991328018,26.27844641824836,26.510502858487104,True,False,False,2119
ADAUSD,2022-04-15,1650006000,True,-2.1030494216623445,23.133543638275498,23.133543638275285,27.33964248159881,26.718058846685267,True,False,False,1799
ADAUSD,2022-04-15,1650009600,True,-2.102165230188028,23.12381753205802,23.123817532057807,27.328147992432697,26.349981299078063,True,False,False,1738
ADAUSD,2022-04-15,1650013200,True,-2.1165141012749666,22.223398063389602,22.2233980633895,26.45642626594061,26.483251294182924,True,False,False,1989
ADAUSD,2022-04-15,1650016800,True,-2.625636716904726,23.105603108753872,23.10560310875366,28.356876542561942,26.88710282702029,True,False,False,2379
ADAUSD,2022-04-15,1650020400,True,-1.5811943287828332,23.19085015548411,23.190850155483897,26.35323881304956,26.988699353942298,True,False,False,2028
ADAUSD,2022-04-15,1650024000,True,-2.6400549131419027,23.232483235651305,23.232483235651088,28.512593061936066,26.335701384891948,True,False,False,1804
ADAUSD,2022-04-15,1650027600,True,-1.5755475027582007,23.10803004043905,23.108030040438837,26.25912504595407,26.45158447235,True,False,False,1878
ADAUSD,2022-04-15,1650031200,True,-1.5786981003009473,23.154238804399306,23.15423880439909,26.311635004999818,26.307576338758377,True,False,False,1824
ADAUSD,2022-04-15,1650034800,True,-2.1052631578945054,23.157894736842106,23.157894736841897,27.368421052632073,25.93628952674763,True,False,False,2016
ADAUSD,2022-04-15,1650038400,True,-2.1187562900586787,22.246941045606228,22.24694104560613,26.48445362572231,27.45814502202539,True,False,False,2422
ADAUSD,2022-04-15,1650042000,True,-2.623983206507189,23.091052217265812,23.091052217265595,28.339018630279977,27.37974899744318,True,False,False,2303
ADAUSD,2022-04-15,1650045600,True,-1.0492078480757527,23.082572657643478,23.082572657643265,25.180988353793605,27.563980247696467,True,False,False,2213
ADAUSD,2022-04-15,1650049200,True,-0.5241914347118991,23.064423127326105,23.064423127325888,24.112805996749685,26.836434161701433,True,False,False,1857
ADAUSD,2022-04-15,1650052800,True,-1.0453690152622725,22.998118335772528,22.99811833577232,25.088856366296863,26.274638088605403,True,False,False,1748
ADAUSD,2022-04-15,1650056400,True,-2.0986358866745958,23.08499475341028,23.08499475341007,27.282266526758097,26.15704437818082,True,False,False,1475
ADAUSD,2022-04-15,1650060000,True,-1.0524100189432646,23.15302041675437,23.153020416754156,25.257840454641855,26.49239874913855,True,False,False,1385
ADAUSD,2022-04-15,1650063600,True,-2.0942408376972668,23.036649214659686,23.036649214659473,27.225130890052842,26.640078170629128,True,False,False,1541
ADAUSD,2022-05-15,1652576400,True,-10.239225542212406,22.340128455738622,22.340128455738228,42.81857954016511,37.362204046561324,True,False,False,1963
ADAUSD,2022-05-15,1652580000,True,0.0,18.6219739292365,18.621973929236518,18.621973929236518,36.7807405822773,True,True,False,2155
ADAUSD,2022-05-15,1652583600,True,-8.505812305076295,18.901805122389188,18.901805122389202,35.9134297325397,36.61635124837883,True,False,False,2038
ADAUSD,2022-05-15,1652587200,True,-6.639476429860048,18.96993265673907,18.969932656739086,32.24888551645708,35.20979054775941,True,False,False,1658
ADAUSD,2022-05-15,1652590800,True,-6.718495057106467,23.034840195796143,23.034840195795734,36.4718303100108,35.386815949243825,True,False,False,1758
ADAUSD,2022-05-15,1652594400,True,-3.8443056222965493,24.987986544930326,24.9879865449297,32.67659778952493,34.638933200201286,True,False,False,1422
ADAUSD,2022-05-15,1652598000,True,-4.806305873305248,23.070268191867733,23.070268191867324,32.68287993847996,33.76890854769406,True,False,False,1378
ADAUSD,2022-05-15,1652601600,True,-6.59879336349852,24.509803921568633,24.50980392156802,37.707390648567156,34.59647382857693,True,False,False,1708
ADAUSD,2022-05-15,1652605200,True,-8.329477093937074,25.913928736695972,25.913928736695176,42.57288292457138,35.18668835979528,True,False,False,1634
ADAUSD,2022-05-15,1652608800,True,-4.67246051770811,26.165778899168302,26.165778899167492,35.51069993458579,36.599470092235286,True,False,False,1662
ADAUSD,2022-05-15,1652612400,True,-5.639097744360281,22.55639097744361,22.55639097744321,33.83458646616586,36.31289689256327,True,False,False,1586
ADAUSD,2022-05-15,1652616000,True,-5.505597357310625,22.022389429253078,22.022389429252687,33.03358414387802,31.525933900967665,True,False,False,1496
ADAUSD,2022-05-15,1652619600,True,-0.9164222873899283,23.826979472140764,23.82697947214017,25.659824046920026,33.56600578776666,True,False,False,1381
ADAUSD,2022-05-15,1652623200,True,-7.1434949549059015,23.216358603446743,23.216358603446167,37.50334851326193,35.40746730295257,True,False,False,1907
ADAUSD,2022-05-15,1652626800,True,-8.087706685836636,23.364485981308412,23.364485981307833,39.5398993529831,38.46074074144339,True,False,False,2075
ADAUSD,2022-05-15,1652630400,True,-3.624830086089316,23.561395559583147,23.561395559584575,30.811055731763208,37.72606076324702,True,False,False,1721
ADAUSD,2022-05-15,1652634000,True,-4.536381781890264,23.589185265831976,23.58918526583139,32.66194882961393,37.66582898820217,True,False,False,2075
ADAUSD,2022-05-15,1652637600,True,-10.053925600951475,25.591810620601407,25.59181062060062,45.699661822503565,38.421035663082,True,False,False,1988
ADAUSD,2022-05-15,1652641200,True,-6.270154066642089,23.28914367610176,23.28914367610317,35.82945180938734,37.81839909305272,True,False,False,1907
ADAUSD,2022-05-15,1652644800,True,-4.505316273199882,23.427644620652373,23.427644620651794,32.43827716705556,36.22716271225389,True,False,False,1864
ADAUSD,2022-05-15,1652648400,True,-8.71383757406666,20.91321017776229,20.91321017776192,38.340885325897176,36.79632195948567,True,False,False,2162
ADAUSD,2022-05-15,1652652000,True,0.0,17.256255392579813,17.256255392579828,17.256255392579828,36.011391529699075,True,True,False,2011
ADAUSD,2022-05-15,1652655600,True,-13.600816048965212,17.00102006120367,17.001020061203686,44.20265215913034,38.841311945792704,True,False,False,2118
ADAUSD,2022-06-15,1655251200,True,-5.371146202600236,21.48458481039854,21.48458481039856,32.22687721559783,35.25168279637373,True,False,False,1408
ADAUSD,2022-06-15,1655254800,True,-4.253056884635364,23.39181286549708,23.391812865496863,31.89792663476877,36.81105848575437,True,False,False,1618
ADAUSD,2022-06-15,1655258400,True,-13.453378867846093,20.69750595053296,20.697505950532978,47.60426368622632,40.3722446114775,True,False,False,2001
ADAUSD,2022-06-15,1655262000,True,-8.340283569641606,25.0208507089241,25.02085070892366,41.70141784820687,40.09210986255928,True,False,False,1915
ADAUSD,2022-06-15,1655265600,True,-8.204286739821793,22.561788534509283,22.561788534509073,38.97036201415266,37.90365835085413,True,False,False,1700
ADAUSD,2022-06-15,1655269200,True,-9.432973482862392,20.962163295252072,20.96216329525209,39.828110260978036,37.37551998411597,True,False,False,1415
ADAUSD,2022-06-15,1655272800,True,-8.582770089046486,23.602617744877158,23.60261774487694,40.76815792296991,39.24721642281608,True,False,False,1415
ADAUSD,2022-06-15,1655276400,True,-7.56511401707591,21.614611477358697,21.61461147735871,36.744839511510534,43.165386370337394,True,False,False,1969
ADAUSD,2022-06-15,1655280000,True,-6.517488594395448,21.72496198131653,21.72496198131655,34.759939170106236,42.953765819536436,True,False,False,1964
ADAUSD,2022-06-15,1655283600,True,-7.489835223625443,23.53948213139311,23.539482131392894,38.51915257864378,40.57621036997813,True,False,False,1905
ADAUSD,2022-06-15,1655287200,True,-7.658643326038544,24.070021881838077,24.070021881837857,39.387308533916155,39.13883054391307,True,False,False,1799
ADAUSD,2022-06-15,1655290800,True,-12.007422770439796,21.831677764436197,21.831677764436215,45.84652330531581,43.60628584598206,True,False,False,2257
ADAUSD,2022-06-15,1655294400,True,-9.75821316274544,21.684918139434025,21.684918139434043,41.20134446492492,38.13637962622983,True,False,False,2056
ADAUSD,2022-06-15,1655298000,True,-7.473043663926912,21.35155332550443,21.351553325504447,36.297640653357085,40.59448991299767,True,False,False,2068
ADAUSD,2022-06-15,1655301600,True,-8.335069806209866,20.837674515524068,20.837674515524085,37.50781412794382,39.50800163535417,True,False,False,2049
ADAUSD,2022-06-15,1655305200,True,-3.1615554852995884,21.077036568658446,21.077036568658464,27.40014753925647,38.202978284792906,True,False,False,2089
ADAUSD,2022-06-15,1655308800,True,-10.386373078520991,24.927295388450354,24.927295388449917,45.70004154549189,37.57819083684998,True,False,False,2114
ADAUSD,2022-06-15,1655312400,True,-9.554140127388662,23.354564755838645,23.354564755838428,42.46284501061575,37.05538638222088,True,False,False,1993
ADAUSD,2022-06-15,1655316000,True,-4.212743549237146,23.17008952080042,23.170089520800207,31.595576619273327,35.054999476093585,True,False,False,1791
ADAUSD,2022-06-15,1655319600,True,-11.558264158873488,21.015025743406536,21.01502574340539,44.13155406115354,38.61253496752953,True,False,False,1880
ADAUSD,2022-06-15,1655323200,True,-3.0571690614498928,20.381127076327317,20.38112707632621,26.495465199225993,39.14770190592893,True,False,False,2442
ADAUSD,2022-06-15,1655326800,True,-12.916045702931735,19.87083954297069,19.870839542969605,45.70293094883197,51.73912889912596,True,False,False,4029
ADAUSD,2022-06-15,1655330400,True,-14.684287812043845,19.57905041605482,19.579050416054837,48.947626040138175,48.73076564928549,True,False,False,2593
ADAUSD,2022-06-15,1655334000,True,-8.771074943961612,23.389533183900205,23.389533183899793,40.93168307182518,37.16630518979597,True,False,False,1864
ADAUSD,2022-07-15,1657843200,True,-4.571428571428068,22.857142857142858,22.857142857142875,31.999999999999012,28.602282564509604,True,False,False,300
ADAUSD,2022-07-15,1657846800,True,-2.282583884957521,22.825838849577725,22.825838849577742,27.391006619492785,28.957511746439888,True,False,False,481
ADAUSD,2022-07-15,1657850400,True,-3.3978933061498124,22.652622041001244,22.652622041001266,29.44840865330089,28.819580612412288,True,False,False,612
ADAUSD,2022-07-15,1657854000,True,-3.4262220191864663,25.125628140703522,25.125628140703288,31.978072179077486,30.389569894407998,True,False,False,957
ADAUSD,2022-07-15,1657857600,True,-6.70540902995133,22.35136343316942,22.351363433169443,35.762181493070855,29.006167266919302,True,False,False,729
ADAUSD,2022-07-15,1657861200,True,-2.272985566541402,25.00284123195818,25.002841231957945,29.54881236504075,30.649151188029837,True,False,False,1025
ADAUSD,2022-07-15,1657864800,True,-4.520795660036923,22.60397830018083,22.60397830018085,31.645569620253443,28.84368360279078,True,False,False,543
ADAUSD,2022-07-15,1657868400,True,-2.26654578422585,22.665457842248415,22.66545784224843,27.198549410698874,29.46324651142132,True,False,False,794
ADAUSD,2022-07-15,1657872000,True,-3.382568497011692,22.550456646747097,22.55045664674712,29.3155936407705,28.70992227227498,True,False,False,619
ADAUSD,2022-07-15,1657875600,True,-2.2755717373987707,25.03128911138924,25.031289111389007,29.58243258618655,29.416195425243625,True,False,False,525
ADAUSD,2022-07-15,1657879200,True,-1.12930547713144,22.586109542631284,22.586109542631302,24.844720496895434,29.3954731677289,True,False,False,1015
ADAUSD,2022-07-15,1657882800,True,-3.4005894355030373,24.93765586034913,24.937655860348897,31.73883473135371,29.481015353098478,True,False,False,760
ADAUSD,2022-07-15,1657886400,True,-4.53514739228975,22.675736961451246,22.675736961451264,31.746031746030766,29.815219297995665,True,False,False,808
ADAUSD,2022-07-15,1657890000,True,-2.2727272727270225,22.727272727272727,22.727272727272748,27.272727272726794,28.84247369662896,True,False,False,500
ADAUSD,2022-07-15,1657893600,True,-5.745145352178052,22.980581408709636,22.980581408709657,34.47087211306449,30.071135388079348,True,False,False,851
ADAUSD,2022-07-15,1657897200,True,-4.524886877827556,22.624434389140273,22.62443438914029,31.674208144795404,30.790473517222573,True,False,False,1315
ADAUSD,2022-07-15,1657900800,True,-4.5413260672123865,22.70663033605813,22.706630336058147,31.78928247048166,30.94073347563331,True,False,False,1219
ADAUSD,2022-07-15,1657904400,True,-3.414523104940564,25.039836102890963,22.76348736626453,31.868882312770598,30.746852092428064,False,False,False,1226
ADAUSD,2022-07-15,1657908000,True,-4.573519323119906,22.867596615595698,22.86759661559572,32.014635261834265,30.280987097200573,True,False,False,767
ADAUSD,2022-07-15,1657911600,True,-2.300966405890221,23.009664058904743,23.00966405890476,27.6115968706852,30.755619301387075,True,False,False,1152
ADAUSD,2022-07-15,1657915200,True,-2.2930520522813342,22.93052052281587,22.93052052281589,27.516624627378555,30.454437529927354,True,False,False,807
ADAUSD,2022-07-15,1657918800,True,-4.50146297546778,22.507314877335133,22.50731487733515,31.510240828269463,30.05705959410386,True,False,False,787
ADAUSD,2022-07-15,1657922400,True,-6.6986714301656125,24.56179524394329,24.56179524394306,37.959138104275524,30.253099494927607,True,False,False,1051
ADAUSD,2022-07-15,1657926000,True,-3.374578177728661,24.746906636670417,24.74690663667019,31.496062992126262,31.638499611631914,True,False,False,1092
ADAUSD,2022-08-15,1660521600,True,-4.382505039882259,17.530020159523183,17.530020159523197,26.295030239285772,27.689932868900634,True,False,False,421
ADAUSD,2022-08-15,1660525200,True,-4.38673451482668,22.81101947710125,22.811019477100682,31.584488506755992,29.863615066720325,True,False,False,1017
ADAUSD,2022-08-15,1660528800,True,-2.633658151171688,24.58080941093846,24.580809410937704,29.84812571328303,30.114664601366847,True,False,False,752
ADAUSD,2022-08-15,1660532400,True,-2.609149417287745,22.61262828317969,22.612628283179124,27.830927117758478,30.02413802828787,True,False,False,1069
ADAUSD,2022-08-15,1660536000,True,-3.474937016766188,22.587090608982713,22.587090608982155,29.53696464251646,29.58849843289632,True,False,False,991
ADAUSD,2022-08-15,1660539600,True,-2.5915687629575586,22.460262612301317,22.460262612300756,27.643400138217793,29.06058945882908,True,False,False,903
ADAUSD,2022-08-15,1660543200,True,-2.6073353033177904,22.59690596210673,22.596905962106174,27.81157656874561,29.63883818532315,True,False,False,1240
ADAUSD,2022-08-15,1660546800,True,-2.6155187445507146,22.667829119442025,22.667829119441464,27.89886660854483,29.080033636247126,True,False,False,794
ADAUSD,2022-08-15,1660550400,True,-3.5152473855343698,22.849108005975918,22.849108005975353,29.879602777044088,29.459589025988024,True,False,False,852
ADAUSD,2022-08-15,1660554000,True,-3.613695907488987,23.489023398681002,23.48902339868042,30.7164152136604,31.239248975213165,True,False,False,1603
ADAUSD,2022-08-15,1660557600,True,-1.8107741059300857,23.54006337709371,23.540063377093123,27.161611588955306,29.030925270094055,True,False,False,1173
ADAUSD,2022-08-15,1660561200,True,-2.7119869824601786,23.503887181341533,23.503887181340954,28.92786114626532,27.90778622121346,True,False,False,1170
ADAUSD,2022-08-15,1660564800,True,-1.8039144944527643,23.450888427888522,23.450888427887936,27.05871741679547,27.852241320648076,True,False,False,912
ADAUSD,2022-08-15,1660568400,True,-6.278590008073773,17.93882859449278,17.938828594492797,30.49600861063835,28.982956817301016,True,False,False,723
ADAUSD,2022-08-15,1660572000,True,-0.9004141905275436,23.410768953718712,23.410768953718133,25.211597334775217,28.610871570303562,True,False,False,985
ADAUSD,2022-08-15,1660575600,True,-3.6195819382857293,23.527282598859834,23.527282598859248,30.76644647543272,27.96450998018945,True,False,False,965
ADAUSD,2022-08-15,1660579200,True,-3.5622050048976397,23.15433253183721,23.154332531836634,30.27874254163389,28.19258283713761,True,False,False,1077
ADAUSD,2022-08-15,1660582800,True,-4.468275245754646,23.235031277926726,23.235031277926144,32.171581769437424,28.551312885208247,True,False,False,1019
ADAUSD,2022-08-15,1660586400,True,-1.770381517216765,23.014959723820482,23.01495972381991,26.55572275825344,27.895414347297535,True,False,False,823
ADAUSD,2022-08-15,1660590000,True,-1.7681902572714878,22.986473344531873,22.9864733445313,26.522853859076243,28.053595109873118,True,False,False,926
ADAUSD,2022-08-15,1660593600,True,-1.7842804888926573,23.195646355607106,23.195646355606527,26.764207333393824,27.62275921145218,True,False,False,802
ADAUSD,2022-08-15,1660597200,True,-2.683363148477146,23.255813953488378,23.2558139534878,28.622540250446065,28.01974118777935,True,False,False,664
ADAUSD,2022-08-15,1660600800,True,-4.510599909789508,18.042399639152006,18.042399639152023,27.063599458729037,28.594285782526743,True,False,False,1010
ADAUSD,2022-08-15,1660604400,True,-2.6997840172783203,23.398128149748022,23.39812814974744,28.797696184306083,28.40970313422138,True,False,False,533
ADAUSD,2022-09-15,1663200000,True,-5.200208008320915,20.800832033281328,20.80083203328135,31.201248049922025,28.971162850493506,True,False,False,549
ADAUSD,2022-09-15,1663203600,True,-4.157571977964411,22.866645878806782,22.86664587880657,31.18178983473654,31.21652417986163,True,False,False,759
ADAUSD,2022-09-15,1663207200,True,-1.039501039500925,27.02702702702703,24.94802494802451,29.106029106029364,31.1811012754572,False,False,False,669
ADAUSD,2022-09-15,1663210800,True,-3.1328320802001564,22.974101921470346,22.97410192147013,29.239766081870442,31.652981571361117,True,False,False,847
ADAUSD,2022-09-15,1663214400,True,-3.139717425432527,25.11773940345369,25.117739403453246,31.39717425431714,31.87131243295619,True,False,False,678
ADAUSD,2022-09-15,1663218000,True,-2.1193175797390906,23.31249337713256,23.312493377132352,27.55112853661053,31.568396800143944,True,False,False,995
ADAUSD,2022-09-15,1663221600,True,-4.251248804336985,23.381868423849504,23.38186842384929,31.88436603252208,32.321634302129326,True,False,False,1133
ADAUSD,2022-09-15,1663225200,True,-4.262120404900969,23.441662226957913,23.441662226957696,31.965903036759634,32.10272832022154,True,False,False,853
ADAUSD,2022-09-15,1663228800,True,-4.235044997352631,23.29274748544204,23.29274748544182,31.762837480148256,31.291654965111956,True,False,False,866
ADAUSD,2022-09-15,1663232400,True,-6.323777403035886,21.079258010118043,21.07925801011806,33.72681281618866,35.73113096931954,True,False,False,2003
ADAUSD,2022-09-15,1663236000,True,-3.1393888656338107,23.022185014650482,23.02218501465027,29.30096274591789,31.648757549225124,True,False,False,1396
ADAUSD,2022-09-15,1663239600,True,-3.1565656565653093,23.148148148148152,23.14814814814794,29.461279461279723,30.98851714136121,True,False,False,845
ADAUSD,2022-09-15,1663243200,True,-1.0528532322593072,27.374184038745003,27.374184038744325,29.479890503264105,31.153666470778457,True,False,False,496
ADAUSD,2022-09-15,1663246800,True,-4.22475707646881,25.348542458808616,25.34854245880817,33.79805661174461,31.20757705792163,True,False,False,570
ADAUSD,2022-09-15,1663250400,True,-3.159890457131641,23.172530018959343,23.172530018959126,29.49231093322124,30.19659185390102,True,False,False,569
ADAUSD,2022-09-15,1663254000,True,-3.152585119797888,23.118957545187055,23.11895754518684,29.424127784782616,31.303982704440273,True,False,False,957
ADAUSD,2022-09-15,1663257600,True,-4.197712246826183,23.08741735754014,23.087417357539923,31.482841851191125,31.106973023322997,True,False,False,1064
ADAUSD,2022-09-15,1663261200,True,-5.350454788657634,21.401819154628143,21.40181915462816,32.10272873194224,32.914939409216906,True,False,False,1291
ADAUSD,2022-09-15,1663264800,True,-5.347593582888299,23.52941176470588,23.529411764705664,34.22459893048107,33.52930517935276,True,False,False,1484
ADAUSD,2022-09-15,1663268400,True,-2.127433251781491,23.40176576959898,23.401765769598764,27.656632273162927,32.24074957728432,True,False,False,716
ADAUSD,2022-09-15,1663272000,True,-4.264846998613455,23.456658492376587,23.45665849237637,31.986352489604464,31.508652632024923,True,False,False,651
ADAUSD,2022-09-15,1663275600,True,-2.142015636713912,23.56217200385563,23.562172003855412,27.846203277284427,31.839392103136785,True,False,False,411
ADAUSD,2022-09-15,1663279200,True,-3.211647575205727,25.69318060164865,25.69318060164938,32.116475752060836,32.086147319986345,True,False,False,33
ADAUSD,2022-10-15,1665792000,True,0.0,27.700831024930746,27.700831024930775,27.700831024930775,29.468907050365274,True,True,False,341
ADAUSD,2022-10-15,1665795600,True,0.0,27.3224043715847,27.322404371584724,27.322404371584724,29.266441990881557,True,True,False,357
ADAUSD,2022-10-15,1665799200,True,-1.3633265167005995,27.266530334015,27.26653033401502,29.99318336741622,30.02227159126579,True,False,False,405
ADAUSD,2022-10-15,1665802800,True,-1.3629548861931169,27.259097723865338,27.259097723865366,29.985007496251594,29.255924124915996,True,False,False,263
ADAUSD,2022-10-15,1665806400,True,-1.3618412093148438,27.23682418629988,27.236824186299902,29.960506604931105,29.363674253416498,True,False,False,287
ADAUSD,2022-10-15,1665810000,True,-1.3596193065940039,27.192386131883072,27.192386131881587,29.9116247450711,29.75452163272781,True,False,False,445
ADAUSD,2022-10-15,1665813600,True,-1.3544629554380196,27.08925910876338,27.089259108761897,29.79818501963944,29.212871601683265,True,False,False,245
ADAUSD,2022-10-15,1665817200,True,-1.3555645926526905,27.111291853056798,27.111291853055317,29.822421038362204,28.820044533565767,True,False,False,172
ADAUSD,2022-10-15,1665820800,True,-1.3540961408258494,27.08192281651997,27.081922816518492,29.790115098171697,28.70758696875541,True,False,False,267
ADAUSD,2022-10-15,1665824400,True,-1.3640703860317689,27.281407720638388,27.281407720636896,30.009548492701946,29.808537030127233,True,False,False,348
ADAUSD,2022-10-15,1665828000,True,-1.3607293509319498,27.21458701864199,27.214587018642018,29.936045720505916,29.39914267259948,True,False,False,284
ADAUSD,2022-10-15,1665831600,True,0.0,27.548209366391184,27.548209366391212,27.548209366391212,30.68247899175329,True,True,False,691
ADAUSD,2022-10-15,1665835200,True,0.0,27.502750275027505,27.50275027502753,27.50275027502753,30.202490048502536,True,True,False,504
ADAUSD,2022-10-15,1665860400,True,-2.7382256297915935,27.382256297918953,27.382256297918975,32.858707557503685,30.3327141052179,True,False,False,429
ADAUSD,2022-10-15,1665864000,True,-1.3696753869331462,27.39350773866594,27.39350773866596,30.132858512532255,30.299699568042755,True,False,False,336
ADAUSD,2022-10-15,1665867600,True,-1.3655605626108016,27.31121125221904,27.311211252219064,30.042332377442182,29.889134575823064,True,False,False,308
ADAUSD,2022-10-15,1665871200,True,-1.3625834582366667,27.25166916473634,27.251669164736363,29.9768360812097,30.241040716125116,True,False,False,336
ADAUSD,2022-10-15,1665874800,True,0.0,27.3000273000273,27.300027300027324,27.300027300027324,29.8579449530476,True,True,False,208
ADAUSD,2022-11-15,1668470400,True,0.0,30.53435114503817,30.534351145038194,30.534351145038194,31.32107538226722,True,True,False,356
ADAUSD,2022-11-15,1668474000,True,0.0,30.102347983142685,30.10234798314104,30.10234798314271,33.38592658439991,True,True,False,888
ADAUSD,2022-11-15,1668477600,True,-3.0220610456327894,30.220610456331222,30.22061045632957,36.264732547598506,34.869619381930896,True,False,False,1171
ADAUSD,2022-11-15,1668481200,True,0.0,30.066145520144318,30.066145520142676,30.066145520144346,33.105301252102215,True,True,False,851
ADAUSD,2022-11-15,1668484800,True,0.0,29.931158335827593,29.93115833582762,29.93115833582762,31.722803670825975,True,True,False,600
ADAUSD,2022-11-15,1668488400,True,0.0,29.967036260113876,29.9670362601139,29.9670362601139,31.144882522498126,True,True,False,548
ADAUSD,2022-11-15,1668492000,True,0.0,29.922202274087375,29.9222022740874,29.9222022740874,32.014203608170305,True,True,False,405
ADAUSD,2022-11-15,1668495600,True,0.0,30.03003003003003,30.030030030030055,30.030030030030055,31.641658240271635,True,True,False,560
ADAUSD,2022-11-15,1668499200,True,-1.4994751836872096,29.9895036737142,29.989503673714225,32.988454041086975,31.27456488830844,True,False,False,403
ADAUSD,2022-11-15,1668502800,True,-1.4751438265229238,29.502876530461723,29.502876530461748,32.45316418350923,32.713679439044185,True,False,False,767
ADAUSD,2022-11-15,1668506400,True,-1.4690759512265168,29.38151902453357,29.381519024533596,32.31967092698663,32.18639737551287,True,False,False,655
ADAUSD,2022-11-15,1668510000,True,-1.473839351510523,29.476787030213707,29.476787030213732,32.42446573323478,32.99769544206607,True,False,False,762
ADAUSD,2022-11-15,1668513600,True,-1.4677821811241596,29.355643622486426,29.35564362248645,32.29120798473477,31.658555625033962,True,False,False,583
ADAUSD,2022-11-15,1668517200,True,-1.476014760147439,29.520295202952028,29.520295202952056,32.472324723246935,31.851696263423488,True,False,False,694
ADAUSD,2022-11-15,1668520800,True,-2.9394473838915047,29.394473838918284,29.394473838918312,35.27336860670132,31.089176170395696,True,False,False,448
ADAUSD,2022-11-15,1668524400,True,-1.4562399883499197,29.124799767001605,29.124799767000013,32.03727974370147,33.32106656552203,True,False,False,980
ADAUSD,2022-11-15,1668528000,True,-1.465201465201304,29.304029304029303,29.304029304027704,32.23443223443194,32.115461008861885,True,False,False,800
ADAUSD,2022-11-15,1668531600,True,-1.4587892049597224,29.175784099197667,29.175784099196072,32.093362509117135,31.36117856946377,True,False,False,770
ADAUSD,2022-11-15,1668535200,True,-1.4600671630909623,29.20134326179004,29.201343261788445,32.12147758797037,32.35775591896106,True,False,False,890
ADAUSD,2022-11-15,1668538800,True,-1.4583637159105876,29.167274318214965,29.167274318214993,32.084001750036165,31.532332456461592,True,False,False,655
ADAUSD,2022-11-15,1668542400,True,0.0,29.87750224081267,29.877502240812696,29.877502240812696,33.41585673728294,True,True,False,1107
ADAUSD,2022-11-15,1668546000,True,-4.462293618919634,29.748624126134164,29.748624126134192,38.67321136397346,33.07050282819461,True,False,False,904
ADAUSD,2022-11-15,1668549600,True,0.0,29.859659599880562,29.859659599880587,29.859659599880587,33.38377985899162,True,True,False,477
ADAUSD,2022-11-15,1668553200,True,-1.4869888475834794,29.739776951672862,29.739776951672887,32.713754646839845,33.2495020630333,True,False,False,485
ADAUSD,2022-12-15,1671062400,True,0.0,32.43593902043464,32.43593902043467,32.43593902043467,32.462018035578495,True,True,False,65
ADAUSD,2022-12-15,1671066000,True,0.0,32.44646333549643,32.44646333549646,32.44646333549646,32.455371124518535,True,True,False,103
ADAUSD,2022-12-15,1671069600,True,0.0,32.53090435914118,32.53090435914121,32.53090435914121,32.55023313695663,True,True,False,131
ADAUSD,2022-12-15,1671073200,True,0.0,32.98153034300791,32.98153034300611,32.98153034300794,33.56312344689849,True,True,False,481
ADAUSD,2022-12-15,1671076800,True,0.0,32.87310979618672,32.873109796186746,32.873109796186746,33.002432724145734,True,True,False,323
ADAUSD,2022-12-15,1671080400,True,0.0,32.81916639317361,32.81916639317364,32.81916639317364,32.831140641166535,True,True,False,95
ADAUSD,2022-12-15,1671084000,True,0.0,32.87310979618672,32.873109796186746,32.873109796186746,32.87687599980356,True,True,False,94
ADAUSD,2022-12-15,1671087600,True,0.0,32.87310979618672,32.873109796186746,32.873109796186746,32.879861791776456,True,True,False,92
ADAUSD,2022-12-15,1671091200,True,0.0,32.93807641633729,32.93807641633732,32.93807641633732,32.939172884998904,True,True,False,84
ADAUSD,2022-12-15,1671094800,True,0.0,33.145508783559826,33.145508783559855,33.145508783559855,33.17979359164584,True,True,False,171
ADAUSD,2022-12-15,1671098400,True,0.0,33.23363243602526,33.23363243602528,33.23363243602528,33.289110768113765,True,True,False,226
ADAUSD,2022-12-15,1671102000,True,0.0,33.101621979476995,33.101621979477024,33.101621979477024,33.10260082779423,True,True,False,127
ADAUSD,2022-12-15,1671105600,True,0.0,33.13452617627568,33.134526176275706,33.134526176275706,33.134526176275706,True,True,False,59
ADAUSD,2022-12-15,1671109200,True,0.0,33.101621979476995,33.101621979477024,33.101621979477024,33.11517762847033,True,True,False,97
ADAUSD,2022-12-15,1671112800,True,0.0,33.00330033003301,33.003300330033035,33.003300330033035,33.003300330033035,True,True,False,88
ADAUSD,2022-12-15,1671116400,True,0.0,33.145508783559826,33.145508783559855,33.145508783559855,33.49711231639322,True,True,False,387
ADAUSD,2022-12-15,1671120000,True,0.0,33.06878306878307,33.0687830687831,33.0687830687831,33.08225557025898,True,True,False,140
ADAUSD,2022-12-15,1671123600,True,0.0,33.123550844650545,33.12355084465057,33.12355084465057,33.123550844650566,True,True,False,152
ADAUSD,2022-12-15,1671127200,True,0.0,33.090668431502316,33.090668431502344,33.090668431502344,33.11686231156494,True,True,False,151
ADAUSD,2022-12-15,1671130800,True,0.0,33.21155762205248,33.2115576220525,33.2115576220525,33.24466053877051,True,True,False,96
ADAUSD,2022-12-15,1671134400,True,0.0,33.333333333333336,33.333333333333364,33.333333333333364,33.6368027653824,True,True,False,309
ADAUSD,2022-12-15,1671138000,True,0.0,33.13452617627568,33.134526176275706,33.134526176275706,33.153961501181534,True,True,False,184
ADAUSD,2022-12-15,1671141600,True,0.0,33.145508783559826,33.145508783559855,33.145508783559855,33.156710353972706,True,True,False,88
ADAUSD,2022-12-15,1671145200,True,0.0,33.32222592469177,33.3222259246918,33.3222259246918,33.36935857033224,True,True,False,184
ADAUSD,2023-01-15,1673744400,True,0.0,28.360748723766307,28.36074872376633,28.36074872376633,28.36074872376633,True,True,False,1300
ADAUSD,2023-01-15,1673748000,True,0.0,28.710881424059718,28.71088142405815,28.710881424059746,28.713927531836774,True,True,False,3297
ADAUSD,2023-01-15,1673751600,True,0.0,28.75215641173088,28.75215641172931,28.75215641173091,28.75215641173091,True,True,False,1548
ADAUSD,2023-01-15,1673755200,True,0.0,29.120559114735006,29.120559114733414,29.12055911473503,29.12055911473502,True,True,False,873
ADAUSD,2023-01-15,1673758800,True,0.0,28.793550244745177,28.793550244743606,28.7935502447452,28.79355024474506,True,True,False,959
ADAUSD,2023-01-15,1673762400,True,0.0,28.835063437139564,28.83506343713959,28.83506343713959,28.83506343713959,True,True,False,412
ADAUSD,2023-01-15,1673766000,True,0.0,28.70264064293915,28.70264064293918,28.70264064293918,28.70264064293918,True,True,False,450
ADAUSD,2023-01-15,1673769600,True,0.0,28.993911278631487,28.993911278631515,28.993911278631515,28.993911278631522,True,True,False,383
ADAUSD,2023-01-15,1673773200,True,0.0,28.860028860028866,28.860028860027285,28.860028860028887,28.860028860028798,True,True,False,741
ADAUSD,2023-01-15,1673776800,True,0.0,29.36857562408223,29.368575624080627,29.368575624082258,29.368910679979738,True,True,False,1333
ADAUSD,2023-01-15,1673780400,True,0.0,29.002320185614852,29.002320185613264,29.002320185614874,29.00232018561486,True,True,False,1277
ADAUSD,2023-01-15,1673784000,True,0.0,28.993911278631487,28.993911278629906,28.993911278631515,28.993911278631263,True,True,False,658
ADAUSD,2023-01-15,1673787600,True,0.0,28.95193977996526,28.951939779963677,28.951939779965283,28.95193977996516,True,True,False,530
ADAUSD,2023-01-15,1673791200,True,0.0,29.02757619738752,29.027576197385937,29.027576197387543,29.027576197387457,True,True,False,983
ADAUSD,2023-01-15,1673794800,True,0.0,29.002320185614852,29.002320185613264,29.002320185614874,29.002320185614856,True,True,False,883
ADAUSD,2023-01-15,1673798400,True,0.0,28.669724770642205,28.66972477064223,28.66972477064223,28.66972477064223,True,True,False,930
ADAUSD,2023-01-15,1673802000,True,0.0,28.506271379703534,28.506271379703563,28.506271379703563,28.506271379703563,True,True,False,1257
ADAUSD,2023-01-15,1673805600,True,0.0,28.563267637817766,28.563267637817788,28.563267637817788,28.563267637817788,True,True,False,1504
ADAUSD,2023-01-15,1673809200,True,0.0,28.579594169762792,28.579594169762814,28.579594169762814,28.579594169762814,True,True,False,1772
ADAUSD,2023-01-15,1673812800,True,0.0,28.555111364934323,28.555111364934348,28.555111364934348,28.555111364934348,True,True,False,2185
ADAUSD,2023-01-15,1673816400,True,0.0,28.64508736751647,28.645087367516492,28.645087367516492,28.645087367516492,True,True,False,878
ADAUSD,2023-01-15,1673820000,True,0.0,28.53881278538813,28.538812785388153,28.538812785388153,28.538812785388153,True,True,False,814
ADAUSD,2023-01-15,1673823600,True,0.0,28.52253280091272,28.522532800912742,28.522532800912742,28.540157807899423,True,True,False,514
ADAUSD,2023-02-15,1676419200,True,0.0,25.940337224383917,25.94033722438394,25.94033722438394,28.542823917347008,True,True,False,296
ADAUSD,2023-02-15,1676422800,True,-1.2928248222364447,25.856496444731743,25.856496444731764,28.442146089204652,29.2019018685268,True,False,False,560
ADAUSD,2023-02-15,1676426400,True,-1.2985326580962082,25.97065316192702,25.970653161927043,28.567718478119463,30.08589029058097,True,False,False,612
ADAUSD,2023-02-15,1676430000,True,0.0,26.102845210127906,26.102845210127928,26.102845210127928,28.592220984385122,True,True,False,456
ADAUSD,2023-02-15,1676433600,True,0.0,26.08242044861763,26.082420448617654,26.082420448617654,26.082420448617654,True,True,False,823
ADAUSD,2023-02-15,1676437200,True,-1.2948336138804737,25.89667227761233,25.89667227761235,28.4863395053733,26.60793594557435,True,False,False,1052
ADAUSD,2023-02-15,1676440800,True,-1.2981955082433985,25.96391016487083,25.96391016487085,28.560301181357648,28.465273192533367,True,False,False,365
ADAUSD,2023-02-15,1676444400,True,-2.5980774227083527,25.98077422707197,25.98077422707199,31.17692907248725,28.6711221777848,True,False,False,338
ADAUSD,2023-02-15,1676448000,True,-2.5994281258120355,25.994281258123216,25.994281258123237,31.193137509747306,29.26127710371218,True,False,False,358
ADAUSD,2023-02-15,1676451600,True,-1.3029315960910617,26.058631921824105,26.058631921824126,28.66449511400625,28.94615025715734,True,False,False,324
ADAUSD,2023-02-15,1676455200,True,-1.30395097144333,26.079019428869476,26.079019428869497,28.68692137175616,29.411553490858385,True,False,False,392
ADAUSD,2023-02-15,1676458800,True,-1.2981955082433985,25.96391016487083,25.96391016487085,28.560301181357648,28.49592423044693,True,False,False,316
ADAUSD,2023-02-15,1676462400,True,0.0,25.906735751295336,25.906735751295358,25.906735751295358,28.111240874778474,True,True,False,336
ADAUSD,2023-02-15,1676466000,True,-2.5647601949229157,25.647601949217744,25.64760194921777,30.777122339062174,29.222019314114537,True,False,False,566
ADAUSD,2023-02-15,1676469600,True,-1.2733987011331847,25.467974022666496,25.467974022666517,28.01477142493289,30.461096880699067,True,False,False,718
ADAUSD,2023-02-15,1676473200,True,-2.553626149131486,25.53626149131767,25.536261491317692,30.643513789580666,30.556946082591583,True,False,False,710
ADAUSD,2023-02-15,1676476800,True,-1.2802458071948404,25.60491614389963,25.60491614389965,28.16540775828933,29.179398871352277,True,False,False,726
ADAUSD,2023-02-15,1676480400,True,-1.2786088735454415,25.572177470911647,25.572177470911672,28.129395218002553,29.99262567791001,True,False,False,547
ADAUSD,2023-02-15,1676484000,True,-1.2865045670910715,25.730091341824263,25.730091341824288,28.30310047600643,29.67504947821681,True,False,False,589
ADAUSD,2023-02-15,1676487600,True,-2.5726781579621556,25.726781579624387,25.726781579624415,30.872137895548725,28.37645302251224,True,False,False,462
ADAUSD,2023-02-15,1676491200,True,-2.5542784163471004,25.54278416347382,25.542784163473844,30.65134099616804,28.017130759698407,True,False,False,456
ADAUSD,2023-02-15,1676494800,True,-2.5125628140714698,25.12562814070352,25.125628140702144,30.15075376884508,29.938973686659548,True,False,False,773
ADAUSD,2023-02-15,1676498400,True,-4.956629491944932,24.783147459727385,24.783147459727406,34.69640644361865,31.07664891162731,True,False,False,1244
ADAUSD,2023-02-15,1676502000,True,-1.2442453651858776,24.884907303720297,24.88490730372032,27.373398034092073,30.917210663670655,True,False,False,948
ADAUSD,2023-03-15,1678838400,True,0.0,29.25687536571094,29.256875365710968,29.256875365710968,29.41955902419914,True,True,False,1588
ADAUSD,2023-03-15,1678842000,True,1.6136962567226115e-12,29.06976744186047,29.06976744185888,29.06976744185888,29.069767441860403,True,True,False,1493
ADAUSD,2023-03-15,1678845600,True,0.0,29.14602156805596,29.14602156805437,29.146021568055986,29.146021568055748,True,True,False,1422
ADAUSD,2023-03-15,1678849200,True,0.0,29.13752913752914,29.137529137527544,29.13752913752916,29.13752913752913,True,True,False,1831
ADAUSD,2023-03-15,1678852800,True,0.0,29.036004645760745,29.03600464575916,29.03600464576077,29.036004645760713,True,True,False,1208
ADAUSD,2023-03-15,1678856400,True,0.0,29.01073397156948,29.0107339715679,29.010733971569508,29.01073397156937,True,True,False,859
ADAUSD,2023-03-15,1678860000,True,0.0,29.112081513828237,29.112081513826645,29.112081513826645,29.112081513828166,True,True,False,950
ADAUSD,2023-03-15,1678863600,True,0.0,28.95193977996526,28.951939779963677,28.951939779965283,28.951939779965134,True,True,False,837
ADAUSD,2023-03-15,1678867200,True,0.0,29.112081513828237,29.112081513826645,29.112081513826645,29.1120815138282,True,True,False,730
ADAUSD,2023-03-15,1678870800,True,0.0,29.18855808523059,29.188558085228994,29.188558085230614,29.18855808523051,True,True,False,941
ADAUSD,2023-03-15,1678874400,True,1.6136962567226115e-12,29.06976744186047,29.06976744185888,29.06976744185888,29.069767441860417,True,True,False,1003
ADAUSD,2023-03-15,1678878000,True,0.0,29.171528588098017,29.171528588096425,29.17152858809804,29.171528588097996,True,True,False,1051
ADAUSD,2023-03-15,1678881600,True,0.0,29.48982601002654,29.489826010026565,29.489826010026565,29.489826010026565,True,True,False,1450
ADAUSD,2023-03-15,1678885200,True,0.0,29.691211401425182,29.691211401425207,29.691211401425207,29.691211401425207,True,True,False,1430
ADAUSD,2023-03-15,1678888800,True,0.0,29.664787896766537,29.664787896766562,29.664787896766562,29.664787896766562,True,True,False,2497
ADAUSD,2023-03-15,1678892400,True,0.0,29.886431560071728,29.886431560070093,29.886431560071756,29.88656855417649,True,True,False,3087
ADAUSD,2023-03-15,1678896000,True,0.0,29.976019184652277,29.976019184652305,29.976019184652305,29.976019184652305,True,True,False,2841
ADAUSD,2023-03-15,1678899600,True,0.0,30.156815440289506,30.156815440287858,30.15681544028953,30.156815440289478,True,True,False,3359
ADAUSD,2023-03-15,1678903200,True,0.0,30.581039755351682,30.58103975535001,30.581039755351707,30.581039755351647,True,True,False,2752
ADAUSD,2023-03-15,1678906800,True,0.0,31.565656565656564,31.565656565654837,31.565656565656592,31.565656565656553,True,True,False,2889
ADAUSD,2023-03-15,1678910400,True,0.0,30.97893432465923,30.97893432465754,30.978934324659264,30.978934324659246,True,True,False,2345
ADAUSD,2023-03-15,1678914000,True,0.0,30.599755201958384,30.599755201958413,30.599755201958413,30.599755201958413,True,True,False,2280
ADAUSD,2023-03-15,1678917600,True,0.0,30.571690614490983,30.571690614491008,30.571690614491008,30.57169061449102,True,True,False,2075
ADAUSD,2023-03-15,1678921200,True,0.0,30.637254901960784,30.63725490196081,30.63725490196081,30.6372549019608,True,True,False,1250
ADAUSD,2023-04-15,1681516800,True,0.0,22.878059940517048,22.878059940517062,22.878059940517062,23.1783485470658,True,True,False,369
ADAUSD,2023-04-15,1681520400,True,0.0,22.76348736626451,22.76348736626453,22.76348736626453,22.763487366264535,True,True,False,451
ADAUSD,2023-04-15,1681524000,True,0.0,22.836263987211694,22.836263987211712,22.836263987211712,22.836263987211712,True,True,False,465
ADAUSD,2023-04-15,1681527600,True,0.0,22.941041523285158,22.94104152328518,22.94104152328518,22.94104152328518,True,True,False,892
ADAUSD,2023-04-15,1681531200,True,0.0,23.110700254217704,23.11070025421644,23.110700254217726,23.110700254217722,True,True,False,965
ADAUSD,2023-04-15,1681534800,True,0.0,23.105360443622917,23.10536044362294,23.10536044362294,23.10536044362294,True,True,False,548
ADAUSD,2023-04-15,1681538400,True,0.0,22.904260192395785,22.904260192395807,22.904260192395807,22.904260192395807,True,True,False,368
ADAUSD,2023-04-15,1681542000,True,0.0,22.93577981651376,22.93577981651378,22.93577981651378,22.93577981651378,True,True,False,402
ADAUSD,2023-04-15,1681545600,True,0.0,22.74795268425842,22.747952684258436,22.747952684258436,22.747952684258436,True,True,False,435
ADAUSD,2023-04-15,1681549200,True,0.0,22.71178741766977,22.71178741766979,22.71178741766979,22.71178741766979,True,True,False,886
ADAUSD,2023-04-15,1681552800,True,0.0,22.381378692927488,22.381378692926265,22.381378692927505,22.381454550444317,True,True,False,1172
ADAUSD,2023-04-15,1681556400,True,0.0,22.316447221602324,22.316447221602342,22.316447221602342,22.316447221602335,True,True,False,1468
ADAUSD,2023-04-15,1681560000,True,0.0,22.29157378510923,22.291573785109247,22.291573785109247,22.291573785109247,True,True,False,789
ADAUSD,2023-04-15,1681563600,True,0.0,22.21235006663705,22.21235006663707,22.21235006663707,22.21235006663707,True,True,False,1387
ADAUSD,2023-04-15,1681567200,True,0.0,21.944261575597984,21.94426157559678,21.944261575598,21.94426157559799,True,True,False,1601
ADAUSD,2023-04-15,1681570800,True,0.0,21.987686895338612,21.98768689533741,21.98768689533863,21.98768689533853,True,True,False,1453
ADAUSD,2023-04-15,1681574400,True,0.0,21.910604732690622,21.910604732689425,21.910604732689425,21.910604732690537,True,True,False,1478
ADAUSD,2023-04-15,1681578000,True,0.0,21.83406113537118,21.834061135369986,21.8340611353712,21.834061135371186,True,True,False,1140
ADAUSD,2023-04-15,1681581600,True,0.0,21.91540653079115,21.91540653078995,21.915406530791163,21.915406530791138,True,True,False,707
ADAUSD,2023-04-15,1681585200,True,0.0,22.055580061755624,22.05558006175442,22.05558006175564,22.055580061755556,True,True,False,1001
ADAUSD,2023-04-15,1681588800,True,0.0,22.133687472332895,22.133687472332912,22.133687472332912,22.133687472332912,True,True,False,925
ADAUSD,2023-04-15,1681592400,True,0.0,22.05071664829107,22.050716648291086,22.050716648291086,22.050716648291086,True,True,False,627
ADAUSD,2023-04-15,1681596000,True,0.0,22.21235006663705,22.21235006663707,22.21235006663707,22.212481064107312,True,True,False,865
ADAUSD,2023-04-15,1681599600,True,0.0,22.163120567375888,22.163120567375906,22.163120567375906,22.163120567375906,True,True,False,786
ADAUSD,2023-05-15,1684108800,True,0.0,27.03433360367667,27.03433360367519,27.034333603676693,27.034333603676618,True,True,False,132
ADAUSD,2023-05-15,1684112400,True,0.0,27.048958615093323,27.048958615091845,27.048958615093344,27.048958615093344,True,True,False,254
ADAUSD,2023-05-15,1684116000,True,0.0,26.975991367682767,26.975991367681292,26.975991367682788,26.975991367682653,True,True,False,250
ADAUSD,2023-05-15,1684119600,True,0.0,27.270248159258248,27.270248159256756,27.27024815925827,27.27024815925824,True,True,False,1193
ADAUSD,2023-05-15,1684123200,True,0.0,26.673779674579887,26.67377967457843,26.67377967457991,26.673779674579876,True,True,False,1053
ADAUSD,2023-05-15,1684126800,True,0.0,26.881720430107528,26.88172043010755,26.88172043010755,26.88172043010755,True,True,False,525
ADAUSD,2023-05-15,1684130400,True,0.0,26.925148088314483,26.92514808831451,26.92514808831451,26.92514808831451,True,True,False,463
ADAUSD,2023-05-15,1684134000,True,0.0,26.946914578280786,26.946914578280815,26.946914578280815,26.946914578280815,True,True,False,391
ADAUSD,2023-05-15,1684137600,True,0.0,26.888948642108094,26.888948642108115,26.888948642108115,26.888948642108115,True,True,False,440
ADAUSD,2023-05-15,1684141200,True,0.0,26.688017080330933,26.688017080330958,26.688017080330958,26.688017080330958,True,True,False,522
ADAUSD,2023-05-15,1684144800,True,0.0,26.75227394328518,26.7522739432852,26.7522739432852,26.7522739432852,True,True,False,344
ADAUSD,2023-05-15,1684148400,True,0.0,26.795284030010723,26.795284030010745,26.795284030010745,26.795284030010745,True,True,False,409
ADAUSD,2023-05-15,1684152000,True,0.0,26.888948642108094,26.888948642108115,26.888948642108115,26.888948642108115,True,True,False,360
ADAUSD,2023-05-15,1684155600,True,0.0,26.954177897574127,26.954177897574148,26.954177897574148,26.954177897574144,True,True,False,211
ADAUSD,2023-05-15,1684159200,True,0.0,27.070925825663238,27.070925825661757,27.070925825663263,27.07092582566325,True,True,False,321
ADAUSD,2023-05-15,1684162800,True,0.0,27.048958615093323,27.048958615091845,27.048958615093344,27.048958615093206,True,True,False,264
ADAUSD,2023-05-15,1684166400,True,0.0,27.100271002710027,27.10027100270855,27.100271002710052,27.100271002709835,True,True,False,386
ADAUSD,2023-05-15,1684170000,True,0.0,27.005130974885226,27.005130974883752,27.00513097488525,27.005130974885127,True,True,False,582
ADAUSD,2023-05-15,1684173600,True,0.0,26.98327037236913,26.98327037236916,26.98327037236916,26.98327037236916,True,True,False,305
ADAUSD,2023-05-15,1684177200,True,0.0,26.975991367682767,26.975991367681292,26.975991367682788,26.975991367682788,True,True,False,560
ADAUSD,2023-05-15,1684180800,True,0.0,26.961445133459154,26.961445133459176,26.961445133459176,26.961445133459176,True,True,False,487
ADAUSD,2023-05-15,1684184400,True,0.0,27.03433360367667,27.034333603676693,27.034333603676693,27.034333603676693,True,True,False,292
ADAUSD,2023-05-15,1684188000,True,0.0,27.03433360367667,27.03433360367519,27.034333603676693,27.03433360367664,True,True,False,367
ADAUSD,2023-05-15,1684191600,True,0.0,27.151778441487917,27.151778441486435,27.151778441487938,27.15177844148785,True,True,False,290
ADAUSD,2023-06-15,1686787200,True,0.0,38.13882532418002,38.138825324180054,38.138825324180054,38.141579037102126,True,True,False,985
ADAUSD,2023-06-15,1686790800,True,0.0,38.211692777990066,38.2116927779901,38.2116927779901,38.2116927779901,True,True,False,901
ADAUSD,2023-06-15,1686794400,True,0.0,37.993920972644375,37.99392097264441,37.99392097264441,37.99392097264441,True,True,False,657
ADAUSD,2023-06-15,1686798000,True,0.0,37.821482602118,37.82148260211803,37.82148260211803,37.82148260211803,True,True,False,678
ADAUSD,2023-06-15,1686801600,True,0.0,38.53564547206166,38.53564547206169,38.53564547206169,38.53564547206169,True,True,False,693
ADAUSD,2023-06-15,1686805200,True,0.0,38.4172109104879,38.41721091048794,38.41721091048794,38.41721091048794,True,True,False,612
ADAUSD,2023-06-15,1686808800,True,0.0,38.15337657382678,38.15337657382682,38.15337657382682,38.15337657382682,True,True,False,354
ADAUSD,2023-06-15,1686812400,True,0.0,38.255547054322875,38.25554705432291,38.25554705432291,38.25554705432291,True,True,False,496
ADAUSD,2023-06-15,1686816000,True,0.0,38.446751249519416,38.44675124951945,38.44675124951945,38.44675124951945,True,True,False,820
ADAUSD,2023-06-15,1686819600,True,0.0,39.16960438699569,39.16960438699354,39.16960438699572,39.1696043869957,True,True,False,794
ADAUSD,2023-06-15,1686823200,True,0.0,39.04724716907458,39.04724716907245,39.047247169074616,39.04724716907432,True,True,False,868
ADAUSD,2023-06-15,1686826800,True,0.0,39.308176100628934,39.30817610062678,39.30817610062896,39.30817610062878,True,True,False,599
ADAUSD,2023-06-15,1686830400,True,0.0,39.138943248532286,39.138943248530154,39.13894324853232,39.138943248532264,True,True,False,853
ADAUSD,2023-06-15,1686834000,True,0.0,39.123630672926446,39.123630672924314,39.12363067292648,39.123630672926126,True,True,False,583
ADAUSD,2023-06-15,1686837600,True,0.0,38.61003861003861,38.6100386100365,38.61003861003864,38.610038610038565,True,True,False,1290
ADAUSD,2023-06-15,1686841200,True,0.0,38.669760247486465,38.6697602474865,38.6697602474865,38.6697602474865,True,True,False,1145
ADAUSD,2023-06-15,1686844800,True,0.0,38.431975403535745,38.43197540353578,38.43197540353578,38.43197540353578,True,True,False,1139
ADAUSD,2023-06-15,1686848400,True,0.0,38.446751249519416,38.44675124951945,38.44675124951945,38.44675124951945,True,True,False,645
ADAUSD,2023-06-15,1686852000,True,0.0,38.789759503491084,38.78975950349112,38.78975950349112,38.78975950349112,True,True,False,679
ADAUSD,2023-06-15,1686855600,True,2.165866220493868e-12,39.01677721420211,39.01677721419998,39.01677721419998,39.01677721420211,True,True,False,834
ADAUSD,2023-06-15,1686859200,True,0.0,38.75968992248062,38.7596899224785,38.75968992248065,38.75968992248055,True,True,False,1481
ADAUSD,2023-06-15,1686862800,True,0.0,38.38771593090211,38.387715930900015,38.38771593090215,38.38771593090208,True,True,False,1199
ADAUSD,2023-06-15,1686866400,True,0.0,38.2262996941896,38.226299694189635,38.226299694189635,38.226299694189635,True,True,False,1362
ADAUSD,2023-06-15,1686870000,True,0.0,38.34355828220859,38.343558282208626,38.343558282208626,38.343558282208626,True,True,False,918
ADAUSD,2023-07-15,1689379200,True,0.0,30.759766225776684,30.759766225776712,30.759766225776712,30.8178997778317,True,True,False,506
ADAUSD,2023-07-15,1689382800,True,0.0,30.75030750307503,30.75030750307506,30.75030750307506,30.75030750307506,True,True,False,742
ADAUSD,2023-07-15,1689386400,True,0.0,30.49710277523635,30.497102775236378,30.497102775236378,30.497102775236378,True,True,False,745
ADAUSD,2023-07-15,1689390000,True,0.0,30.665440049064706,30.66544004906473,30.66544004906473,30.665440049064724,True,True,False,1018
ADAUSD,2023-07-15,1689393600,True,0.0,30.618493570116353,30.618493570116378,30.618493570116378,30.618493570116378,True,True,False,849
ADAUSD,2023-07-15,1689397200,True,0.0,30.56234718826406,30.562347188264088,30.562347188264088,30.562347188264088,True,True,False,631
ADAUSD,2023-07-15,1689400800,True,0.0,30.646644192460926,30.646644192460958,30.646644192460958,30.646644192460958,True,True,False,1014
ADAUSD,2023-07-15,1689404400,True,0.0,30.404378230465184,30.404378230465213,30.404378230465213,30.404378230465213,True,True,False,657
ADAUSD,2023-07-15,1689408000,True,0.0,30.284675953967295,30.28467595396732,30.28467595396732,30.28467595396732,True,True,False,592
ADAUSD,2023-07-15,1689411600,True,0.0,29.967036260113876,29.967036260112238,29.9670362601139,29.967036260113876,True,True,False,1030
ADAUSD,2023-07-15,1689415200,True,0.0,29.886431560071728,29.886431560071756,29.886431560071756,29.886431560071756,True,True,False,1014
ADAUSD,2023-07-15,1689418800,True,0.0,29.824038174768866,29.82403817476889,29.82403817476889,29.82403817476889,True,True,False,926
ADAUSD,2023-07-15,1689422400,True,0.0,29.91325157044571,29.913251570445734,29.913251570445734,29.913251570445734,True,True,False,666
ADAUSD,2023-07-15,1689426000,True,0.0,29.94908655286014,29.949086552860166,29.949086552860166,29.949086552860166,True,True,False,663
ADAUSD,2023-07-15,1689429600,True,0.0,30.102347983142685,30.10234798314271,30.10234798314271,30.10234798314271,True,True,False,679
ADAUSD,2023-07-15,1689433200,True,0.0,29.94908655286014,29.949086552860166,29.949086552860166,29.949086552860166,True,True,False,568
ADAUSD,2023-07-15,1689436800,True,0.0,30.0390507659958,30.039050765994155,30.039050765995825,30.039050765995825,True,True,False,835
ADAUSD,2023-07-15,1689440400,True,0.0,30.32140691328078,30.32140691327912,30.321406913280804,30.321406913280725,True,True,False,809
ADAUSD,2023-07-15,1689444000,True,0.0,30.229746070133015,30.229746070131363,30.22974607013304,30.229746070132812,True,True,False,726
ADAUSD,2023-07-15,1689447600,True,0.0,30.404378230465184,30.404378230463525,30.404378230465213,30.404378230465174,True,True,False,816
ADAUSD,2023-07-15,1689451200,True,0.0,30.441400304414003,30.441400304414028,30.441400304414028,30.441400304414028,True,True,False,587
ADAUSD,2023-07-15,1689454800,True,0.0,30.248033877797944,30.248033877796292,30.24803387779797,30.24803387779788,True,True,False,619
ADAUSD,2023-07-15,1689458400,True,0.0,30.38590094196293,30.385900941961268,30.385900941962955,30.385900941962703,True,True,False,476
ADAUSD,2023-07-15,1689462000,True,0.0,30.53435114503817,30.534351145038194,30.534351145038194,30.534351145038194,True,True,False,464
ADAUSD,2023-08-15,1692057600,True,0.0,34.376074252320386,34.376074252320414,34.376074252320414,34.376074252320414,True,True,False,60
ADAUSD,2023-08-15,1692061200,True,0.0,34.3878954607978,34.38789546079783,34.38789546079783,34.38789546079783,True,True,False,122
ADAUSD,2023-08-15,1692064800,True,0.0,34.42340791738382,34.423407917383855,34.423407917383855,34.423407917383855,True,True,False,72
ADAUSD,2023-08-15,1692068400,True,0.0,34.43526170798898,34.435261707989014,34.435261707989014,34.435261707989014,True,True,False,141
ADAUSD,2023-08-15,1692072000,True,0.0,34.44712366517396,34.44712366517399,34.44712366517399,34.44712366517399,True,True,False,164
ADAUSD,2023-08-15,1692075600,True,0.0,34.494653328734046,34.494653328734074,34.494653328734074,34.494653328734074,True,True,False,135
ADAUSD,2023-08-15,1692079200,True,0.0,34.54231433506045,34.54231433506048,34.54231433506048,34.54231433506048,True,True,False,71
ADAUSD,2023-08-15,1692082800,True,0.0,34.57814661134163,34.57814661134166,34.57814661134166,34.57814661134167,True,True,False,69
ADAUSD,2023-08-15,1692086400,True,0.0,34.60207612456748,34.6020761245675,34.6020761245675,34.6020761245675,True,True,False,116
ADAUSD,2023-08-15,1692090000,True,0.0,34.50655624568668,34.50655624568671,34.50655624568671,34.50655624568671,True,True,False,88
ADAUSD,2023-08-15,1692093600,True,0.0,34.48275862068966,34.48275862068969,34.48275862068969,34.48275862068969,True,True,False,136
ADAUSD,2023-08-15,1692097200,True,0.0,34.50655624568668,34.50655624568671,34.50655624568671,34.50655624568671,True,True,False,139
ADAUSD,2023-08-15,1692100800,True,0.0,34.50655624568668,34.50655624568671,34.50655624568671,34.50655624568671,True,True,False,75
ADAUSD,2023-08-15,1692104400,True,0.0,34.59010722933241,34.59010722933244,34.59010722933244,34.59010722933244,True,True,False,89
ADAUSD,2023-08-15,1692108000,True,0.0,34.6860908775581,34.68609087755813,34.68609087755813,34.68609087755812,True,True,False,153
ADAUSD,2023-08-15,1692111600,True,0.0,34.60207612456748,34.6020761245675,34.6020761245675,34.6020761245675,True,True,False,171
ADAUSD,2023-08-15,1692115200,True,0.0,34.638032559750606,34.638032559750634,34.638032559750634,34.638032559750634,True,True,False,143
ADAUSD,2023-08-15,1692118800,True,0.0,34.554250172771255,34.55425017277128,34.55425017277128,34.55425017277128,True,True,False,315
ADAUSD,2023-08-15,1692122400,True,0.0,34.746351633078525,34.74635163307856,34.74635163307856,34.74635163307856,True,True,False,283
ADAUSD,2023-08-15,1692126000,True,0.0,34.6860908775581,34.68609087755813,34.68609087755813,34.68609087755813,True,True,False,299
ADAUSD,2023-08-15,1692129600,True,0.0,34.65003465003465,34.65003465003468,34.65003465003468,34.65003465003467,True,True,False,93
ADAUSD,2023-08-15,1692133200,True,0.0,34.84320557491289,34.84320557491293,34.84320557491293,34.84320557491293,True,True,False,318
ADAUSD,2023-08-15,1692136800,True,0.0,35.574528637495554,35.57452863749361,35.57452863749558,35.636420437980284,True,True,False,2648
ADAUSD,2023-08-15,1692140400,True,0.0,35.31073446327684,35.310734463274905,35.310734463276866,35.310734463276745,True,True,False,537
ADAUSD,2023-09-15,1694736000,True,0.0,39.904229848363926,39.90422984836286,39.90422984836396,39.90422984836401,True,True,False,149
ADAUSD,2023-09-15,1694739600,True,0.0,39.714058776806986,39.71405877680702,39.71405877680702,39.71405877680702,True,True,False,210
ADAUSD,2023-09-15,1694743200,True,0.0,39.80891719745224,39.80891719745227,39.80891719745227,39.80891719745227,True,True,False,226
ADAUSD,2023-09-15,1694746800,True,0.0,39.82477100756671,39.824771007566746,39.824771007566746,39.824771007566746,True,True,False,278
ADAUSD,2023-09-15,1694750400,True,0.0,39.63535473642489,39.63535473642492,39.63535473642492,39.63535473642492,True,True,False,287
ADAUSD,2023-09-15,1694754000,True,0.0,39.447731755424066,39.4477317554241,39.4477317554241,39.4477317554241,True,True,False,529
ADAUSD,2023-09-15,1694757600,True,0.0,39.37007874015748,39.37007874015752,39.37007874015752,39.37007874015752,True,True,False,247
ADAUSD,2023-09-15,1694761200,True,0.0,39.41663381947182,39.416633819471855,39.416633819471855,39.416633819471855,True,True,False,251
ADAUSD,2023-09-15,1694764800,True,0.0,39.55696202531645,39.55696202531649,39.55696202531649,39.55696202531649,True,True,False,218
ADAUSD,2023-09-15,1694768400,True,0.0,39.714058776806986,39.71405877680702,39.71405877680702,39.714058776807015,True,True,False,249
ADAUSD,2023-09-15,1694772000,True,0.0,39.87240829346092,39.87240829346096,39.87240829346096,39.87240829346095,True,True,False,251
ADAUSD,2023-09-15,1694775600,True,0.0,39.76143141153082,39.76143141153086,39.76143141153086,39.76143141153086,True,True,False,132
ADAUSD,2023-09-15,1694779200,True,0.0,39.8406374501992,39.84063745019924,39.84063745019924,39.84063745019924,True,True,False,187
ADAUSD,2023-09-15,1694782800,True,0.0,39.87240829346092,39.87240829345985,39.87240829346096,39.87240829346101,True,True,False,161
ADAUSD,2023-09-15,1694786400,True,0.0,40.17677782241864,40.17677782241756,40.17677782241868,40.17677782241863,True,True,False,334
ADAUSD,2023-09-15,1694790000,True,0.0,40.24144869215292,40.241448692151835,40.24144869215296,40.24144869215295,True,True,False,379
ADAUSD,2023-09-15,1694793600,True,0.0,40.30632809351068,40.306328093510714,40.306328093510714,40.306328093510714,True,True,False,294
ADAUSD,2023-09-15,1694797200,True,0.0,40.51863857374392,40.518638573742834,40.51863857374396,40.51863857374387,True,True,False,529
ADAUSD,2023-09-15,1694800800,True,0.0,40.30632809351068,40.3063280935096,40.306328093510714,40.30632809351056,True,True,False,249
ADAUSD,2023-09-15,1694804400,True,0.0,40.42037186742118,40.42037186742009,40.42037186742122,40.42037186742117,True,True,False,226
ADAUSD,2023-09-15,1694808000,True,0.0,40.600893219650835,40.60089321964974,40.60089321965087,40.60089321965068,True,True,False,201
ADAUSD,2023-09-15,1694811600,True,0.0,40.700040700040695,40.70004070004073,40.70004070004073,40.70004070004073,True,True,False,224
ADAUSD,2023-09-15,1694815200,True,0.0,40.4040404040404,40.40404040403932,40.40404040404044,40.40404040404032,True,True,False,147
ADAUSD,2023-09-15,1694818800,True,0.0,40.35512510088782,40.35512510088673,40.355125100887854,40.35512510088781,True,True,False,227
ADAUSD,2023-10-15,1697331600,True,0.0,40.56795131845842,40.567951318457325,40.567951318458455,40.56795131845828,True,True,False,38
ADAUSD,2023-10-15,1697335200,True,0.0,40.51863857374392,40.518638573742834,40.51863857374396,40.518638573743814,True,True,False,52
ADAUSD,2023-10-15,1697338800,True,0.0,40.56795131845842,40.567951318457325,40.567951318458455,40.567951318458285,True,True,False,72
ADAUSD,2023-10-15,1697342400,True,0.0,40.43671653861706,40.43671653861598,40.4367165386171,40.43671653861704,True,True,False,109
ADAUSD,2023-10-15,1697346000,True,0.0,40.35512510088782,40.355125100887854,40.355125100887854,40.355125100887854,True,True,False,61
ADAUSD,2023-10-15,1697349600,True,0.0,40.45307443365695,40.45307443365587,40.45307443365699,40.45307443365691,True,True,False,78
ADAUSD,2023-10-15,1697353200,True,1.1232527566017368e-12,40.46944556859572,40.46944556859462,40.46944556859462,40.46944556859549,True,True,False,75
ADAUSD,2023-10-15,1697356800,True,0.0,40.48582995951417,40.48582995951308,40.485829959514206,40.4858299595139,True,True,False,53
ADAUSD,2023-10-15,1697360400,True,0.0,40.43671653861706,40.43671653861598,40.4367165386171,40.43671653861659,True,True,False,12
ADAUSD,2023-10-15,1697364000,True,0.0,40.4040404040404,40.40404040404044,40.40404040404044,40.40404040404044,True,True,False,9
ADAUSD,2023-10-15,1697367600,True,0.0,40.35512510088782,40.355125100887854,40.355125100887854,40.355125100887854,True,True,False,69
ADAUSD,2023-10-15,1697371200,True,0.0,40.42037186742118,40.42037186742122,40.42037186742122,40.42037186742122,True,True,False,96
ADAUSD,2023-10-15,1697374800,True,0.0,40.45307443365695,40.45307443365587,40.45307443365699,40.4530744336564,True,True,False,26
ADAUSD,2023-10-15,1697378400,True,0.0,40.58441558441558,40.584415584414494,40.584415584415616,40.58441558441542,True,True,False,46
ADAUSD,2023-10-15,1697382000,True,0.0,40.61738424045492,40.61738424045495,40.61738424045495,40.61738424045496,True,True,False,38
ADAUSD,2023-10-15,1697385600,True,0.0,40.71661237785016,40.716612377849074,40.7166123778502,40.71661237785019,True,True,False,208
ADAUSD,2023-10-15,1697389200,True,0.0,40.73319755600815,40.733197556008186,40.733197556008186,40.733197556008186,True,True,False,69
ADAUSD,2023-10-15,1697392800,True,0.0,40.650406504065046,40.65040650406508,40.65040650406508,40.65040650406508,True,True,False,42
ADAUSD,2023-10-15,1697396400,True,1.1255302358324785e-12,40.55150040551501,40.55150040551392,40.55150040551392,40.551500405514794,True,True,False,38
ADAUSD,2023-10-15,1697400000,True,0.0,40.51863857374392,40.518638573742834,40.51863857374396,40.518638573743864,True,True,False,56
ADAUSD,2023-10-15,1697403600,True,1.1232527566017368e-12,40.46944556859572,40.46944556859462,40.46944556859462,40.4694455685956,True,True,False,43
ADAUSD,2023-10-15,1697407200,True,1.1255302358324785e-12,40.55150040551501,40.55150040551392,40.55150040551392,40.55150040551483,True,True,False,119
ADAUSD,2023-10-15,1697410800,True,0.0,40.338846308995564,40.338846308994476,40.3388463089956,40.33884630899542,True,True,False,141
ADAUSD,2023-11-15,1700006400,True,0.0,27.862914460852604,27.862914460851083,27.862914460852632,27.945751072451955,True,True,False,673
ADAUSD,2023-11-15,1700010000,True,0.0,27.932960893854748,27.932960893854776,27.932960893854776,27.932960893854776,True,True,False,683
ADAUSD,2023-11-15,1700013600,True,0.0,27.90957298353335,27.909572983533373,27.909572983533373,27.909572983533373,True,True,False,995
ADAUSD,2023-11-15,1700017200,True,1.5588641176989e-12,28.081999438360015,28.08199943835848,28.08199943835848,28.08199943835999,True,True,False,1125
ADAUSD,2023-11-15,1700020800,True,0.0,27.94076557697681,27.940765576975284,27.940765576976837,27.940765576976727,True,True,False,937
ADAUSD,2023-11-15,1700024400,True,0.0,28.248587570621474,28.24858757061993,28.248587570621496,28.248587570621407,True,True,False,888
ADAUSD,2023-11-15,1700028000,True,0.0,27.770063871146903,27.77006387114539,27.77006387114693,27.770063871146775,True,True,False,616
ADAUSD,2023-11-15,1700031600,True,0.0,27.723870252287217,27.723870252287245,27.723870252287245,27.723870252287245,True,True,False,668
ADAUSD,2023-11-15,1700035200,True,0.0,27.77777777777778,27.777777777777803,27.777777777777803,27.777777777777803,True,True,False,950
ADAUSD,2023-11-15,1700038800,True,0.0,27.54062241806665,27.540622418066675,27.540622418066675,27.540622418066675,True,True,False,998
ADAUSD,2023-11-15,1700042400,True,0.0,27.344818156959253,27.344818156959278,27.344818156959278,27.344818156959278,True,True,False,970
ADAUSD,2023-11-15,1700046000,True,0.0,27.548209366391184,27.548209366391212,27.548209366391212,27.548209366391216,True,True,False,957
ADAUSD,2023-11-15,1700049600,True,0.0,27.427317608337905,27.42731760833793,27.42731760833793,27.42731760833793,True,True,False,750
ADAUSD,2023-11-15,1700053200,True,0.0,26.852846401718583,26.852846401717116,26.852846401718605,26.852846401718566,True,True,False,1311
ADAUSD,2023-11-15,1700056800,True,0.0,27.0929287455974,27.09292874559592,27.092928745597426,27.09292874559737,True,True,False,1459
ADAUSD,2023-11-15,1700060400,True,0.0,27.048958615093323,27.048958615091845,27.048958615093344,27.048958615093262,True,True,False,1651
ADAUSD,2023-11-15,1700064000,True,0.0,27.262813522355508,27.262813522354016,27.26281352235553,27.262813522355465,True,True,False,1379
ADAUSD,2023-11-15,1700067600,True,0.0,26.881720430107528,26.88172043010606,26.88172043010755,26.88172043010745,True,True,False,1318
ADAUSD,2023-11-15,1700071200,True,0.0,27.012425715829284,27.012425715827806,27.012425715829306,27.012425715829284,True,True,False,1342
ADAUSD,2023-11-15,1700074800,True,0.0,27.100271002710027,27.10027100270855,27.100271002710052,27.100271002709956,True,True,False,1370
ADAUSD,2023-11-15,1700078400,True,0.0,26.609898882384247,26.609898882382794,26.609898882384268,26.60989888238425,True,True,False,3655
ADAUSD,2023-11-15,1700082000,True,0.0,26.595744680851062,26.59574468085109,26.59574468085109,26.59574468085109,True,True,False,2080
ADAUSD,2023-11-15,1700085600,True,0.0,26.581605528973952,26.581605528973977,26.581605528973977,26.58160552897398,True,True,False,1772
ADAUSD,2023-11-15,1700089200,True,0.0,26.680896478121664,26.68089647812169,26.68089647812169,26.68089647812169,True,True,False,1039
LTCUSD,2022-03-15,1647302400,True,1.3745567263338014e-12,14.508874594960584,14.50887459495976,14.50887459495976,23.94556056296395,True,True,False,1059
LTCUSD,2022-03-15,1647306000,True,0.0,14.275517487508923,14.275517487508111,14.275517487509463,15.170540088383065,True,True,False,2188
LTCUSD,2022-03-15,1647309600,True,0.0,14.211947510540528,14.211947510539721,14.211947510541068,14.262448208270255,True,True,False,1040
LTCUSD,2022-03-15,1647313200,True,0.0,14.093108469958189,14.09310846995739,14.093108469958725,15.916894501840101,True,True,False,1423
LTCUSD,2022-03-15,1647316800,True,0.0,14.275517487508923,14.275517487508111,14.275517487509463,14.39221632578144,True,True,False,1362
LTCUSD,2022-03-15,1647320400,True,0.0,14.201183431952662,14.201183431951856,14.2011834319532,14.204046583613518,True,True,False,562
LTCUSD,2022-03-15,1647324000,True,-1.4296606938620442,14.296606938619899,14.296606938619089,17.15592832634453,14.404414069828324,True,False,False,622
LTCUSD,2022-03-15,1647327600,True,1.3548986714212714e-12,14.301377699385041,14.30137769938423,14.30137769938423,14.322846631789508,True,True,False,425
LTCUSD,2022-03-15,1647331200,True,0.0,14.325963421040065,14.32596342103925,14.325963421040607,14.327603006461027,True,True,False,397
LTCUSD,2022-03-15,1647334800,True,1.3545112438833346e-12,14.297288280989372,14.29728828098856,14.29728828098856,14.380386392735302,True,True,False,483
LTCUSD,2022-03-15,1647338400,True,0.0,14.507471347744088,14.507471347743262,14.507471347744637,14.859609290198263,True,True,False,1509
LTCUSD,2022-03-15,1647342000,True,0.0,14.590730022858809,14.590730022857981,14.590730022857981,14.74323336856767,True,True,False,601
LTCUSD,2022-03-15,1647345600,False,-0.967164756515393,14.507471347744088,14.507471347743262,14.507471347744637,14.552122363335783,True,True,False,673
LTCUSD,2022-03-15,1647349200,True,0.0,14.447387430772933,14.447387430772114,14.447387430773482,14.452612036796308,True,True,False,433
LTCUSD,2022-03-15,1647352800,True,0.0,14.427932477276006,14.427932477275185,14.427932477276551,14.427932477275936,True,True,False,553
LTCUSD,2022-03-15,1647356400,True,0.0,14.339658716122557,14.339658716121741,14.339658716123099,14.351391478573776,True,True,False,827
LTCUSD,2022-03-15,1647360000,True,1.3700510691927698e-12,14.461315979754158,14.461315979753335,14.461315979753335,14.47830281115005,True,True,False,1109
LTCUSD,2022-03-15,1647363600,False,-0.9564344125106514,14.34651618765243,14.346516187651616,14.346516187651616,14.375005202604726,True,True,False,1751
LTCUSD,2022-03-15,1647367200,True,0.0,14.31775879349019,14.317758793489379,14.317758793490736,14.343874449710592,True,True,False,1062
LTCUSD,2022-03-15,1647370800,True,0.0,14.028524666822538,14.028524666821742,14.028524666823072,14.376040527480495,True,True,False,1799
LTCUSD,2022-03-15,1647374400,True,1.328800291290103e-12,14.025901164149797,14.025901164149001,14.025901164149001,14.028067783270284,True,True,False,758
LTCUSD,2022-03-15,1647378000,False,0.930535523194074,13.958032847903967,13.958032847903176,13.958032847904496,13.96920420422053,True,True,False,852
LTCUSD,2022-03-15,1647381600,True,0.0,13.854893086408348,13.85489308640756,13.854893086408875,16.475037315533168,True,True,False,1933
LTCUSD,2022-03-15,1647385200,True,0.0,13.980148189570809,13.980148189570015,13.980148189571338,13.981559718600066,True,True,False,1115
LTCUSD,2022-04-15,1649980800,True,0.0,13.95543564218263,13.955435642181836,13.95543564218316,17.08345603638209,True,True,False,1324
LTCUSD,2022-04-15,1649984400,True,0.0,13.977542747984904,13.97754274798411,13.977542747985435,14.033892565549081,True,True,False,1075
LTCUSD,2022-04-15,1649988000,True,0.0,13.971033390769803,13.971033390769009,13.971033390769009,13.97300709491024,True,True,False,784
LTCUSD,2022-04-15,1649991600,True,0.0,13.974938277355939,13.974938277355145,13.974938277355145,13.986055757824088,True,True,False,1260
LTCUSD,2022-04-15,1649995200,True,1.3138126672400504e-12,13.867702121758425,13.867702121757638,13.867702121757638,13.868086269064017,True,True,False,938
LTCUSD,2022-04-15,1649998800,True,0.0,13.770943309616708,13.770943309615927,13.77094330961723,13.776821362549782,True,True,False,616
LTCUSD,2022-04-15,1650002400,True,0.0,13.591265346803786,13.591265346803013,13.591265346803013,13.59689686181313,True,True,False,886
LTCUSD,2022-04-15,1650006000,True,0.0,13.629548861932667,13.629548861931893,13.629548861931893,13.630034033929167,True,True,False,663
LTCUSD,2022-04-15,1650009600,True,0.0,13.602357742008614,13.60235774200784,13.60235774200784,13.605937000090393,True,True,False,883
LTCUSD,2022-04-15,1650013200,True,0.0,13.70801919122687,13.708019191226088,13.708019191227386,13.711511219481405,True,True,False,1187
LTCUSD,2022-04-15,1650016800,True,0.0,13.689253935660506,13.689253935659728,13.689253935661025,13.69229791650614,True,True,False,1574
LTCUSD,2022-04-15,1650020400,True,0.0,13.64939260202921,13.649392602028433,13.649392602029728,13.65834709914082,True,True,False,1519
LTCUSD,2022-04-15,1650024000,True,0.0,13.632026173490255,13.632026173489479,13.63202617349077,13.632026173490134,True,True,False,755
LTCUSD,2022-04-15,1650027600,True,0.0,13.56300013563,13.563000135629231,13.563000135630515,14.111500731952965,True,True,False,938
LTCUSD,2022-04-15,1650031200,True,0.0,13.578961662064906,13.578961662064136,13.57896166206542,13.57949679266896,True,True,False,880
LTCUSD,2022-04-15,1650034800,True,0.0,13.599891200870394,13.59989120086962,13.599891200870909,13.600194678834796,True,True,False,727
LTCUSD,2022-04-15,1650038400,True,0.0,13.633265167007497,13.633265167006723,13.633265167006723,13.634616773865007,True,True,False,1428
LTCUSD,2022-04-15,1650042000,True,0.0,13.461969934933812,13.461969934933048,13.461969934934324,13.659725385830159,True,True,False,2588
LTCUSD,2022-04-15,1650045600,True,0.0,13.350540696898223,13.350540696897465,13.35054069689873,13.68060715724612,True,True,False,1653
LTCUSD,2022-04-15,1650049200,True,0.0,13.350540696898223,13.350540696897465,13.35054069689873,13.354294936390955,True,True,False,1341
LTCUSD,2022-04-15,1650052800,True,1.2669598105649715e-12,13.37315561895422,13.37315561895346,13.37315561895346,13.378829589202317,True,True,False,1059
LTCUSD,2022-04-15,1650056400,True,0.0,13.4547248508768,13.454724850876035,13.454724850877309,13.468288536303021,True,True,False,887
LTCUSD,2022-04-15,1650060000,True,0.0,13.509253838879633,13.509253838878866,13.509253838880145,13.50940301080619,True,True,False,659
LTCUSD,2022-04-15,1650063600,True,0.0,13.47648353622928,13.476483536228514,13.476483536228514,13.476483536229223,True,True,False,625
LTCUSD,2022-05-15,1652576400,True,0.0,21.724961981316532,21.724961981315296,21.724961981317357,22.149226440454864,True,True,False,1338
LTCUSD,2022-05-15,1652580000,True,0.0,21.81342252599433,21.81342252599309,21.813422525995158,21.81342252599439,True,True,False,857
LTCUSD,2022-05-15,1652583600,True,0.0,22.089684117517116,22.089684117515862,22.089684117517958,22.0953147146601,True,True,False,1018
LTCUSD,2022-05-15,1652587200,True,0.0,22.079929344226098,22.079929344224844,22.079929344226937,22.07992934422608,True,True,False,557
LTCUSD,2022-05-15,1652590800,True,0.0,22.446689113355777,22.446689113354502,22.446689113356626,22.446929466750678,True,True,False,689
LTCUSD,2022-05-15,1652594400,True,0.0,22.439973072032313,22.439973072031037,22.439973072033162,22.439973072032412,True,True,False,504
LTCUSD,2022-05-15,1652598000,True,0.0,22.326412145568206,22.326412145566938,22.32641214556905,22.327357739008313,True,True,False,588
LTCUSD,2022-05-15,1652601600,True,0.0,21.870671429612887,21.87067142961164,21.87067142961164,21.872912400167074,True,True,False,781
LTCUSD,2022-05-15,1652605200,True,0.0,21.93142773594561,21.931427735944364,21.931427735946443,21.931722962001977,True,True,False,887
LTCUSD,2022-05-15,1652608800,True,0.0,22.12552548123018,22.125525481228923,22.125525481231016,22.12552548123023,True,True,False,659
LTCUSD,2022-05-15,1652612400,True,0.0,22.283294956547575,22.28329495654631,22.28329495654842,22.283294956547504,True,True,False,574
LTCUSD,2022-05-15,1652616000,True,0.0,22.021581149526533,22.02158114952528,22.02158114952528,22.021581149526593,True,True,False,685
LTCUSD,2022-05-15,1652619600,True,0.0,21.819768710451665,21.81976871045043,21.81976871045043,21.819768710451633,True,True,False,682
LTCUSD,2022-05-15,1652623200,True,2.061187136877512e-12,21.7564725505838,21.756472550582565,21.756472550582565,21.756472550583723,True,True,False,840
LTCUSD,2022-05-15,1652626800,True,0.0,21.68100021681,21.68100021680877,21.681000216810823,21.68100021681004,True,True,False,1031
LTCUSD,2022-05-15,1652630400,True,0.0,22.119000221190003,22.119000221188745,22.11900022119084,22.119000221190063,True,True,False,738
LTCUSD,2022-05-15,1652634000,True,0.0,22.223868434698865,22.2238684346976,22.2238684346976,22.653236312070042,True,True,False,859
LTCUSD,2022-05-15,1652637600,True,0.0,22.070183182520413,22.07018318251916,22.07018318252125,22.07018318252038,True,True,False,736
LTCUSD,2022-05-15,1652641200,True,0.0,21.918608898955213,21.918608898953963,21.91860889895604,21.91860889895515,True,True,False,702
LTCUSD,2022-05-15,1652644800,True,0.0,22.011886418666084,22.01188641866483,22.011886418666915,22.01188641866591,True,True,False,485
LTCUSD,2022-05-15,1652648400,True,0.0,21.671602976233473,21.671602976232244,21.671602976234293,21.67160297623349,True,True,False,681
LTCUSD,2022-05-15,1652652000,True,0.0,21.51617299003084,21.516172990029613,21.516172990031652,22.34361342158868,True,True,False,540
LTCUSD,2022-05-15,1652655600,True,0.0,21.281123643328367,21.281123643327156,21.281123643329174,21.306798838236265,True,True,False,1116
LTCUSD,2022-06-15,1655251200,True,0.0,33.94817245671608,33.94817245671575,33.94817245671575,33.94817245671613,True,True,False,2607
LTCUSD,2022-06-15,1655254800,True,1.5760069552181442e-12,33.27048907618942,33.27048907618911,33.27048907618911,33.270489076189435,True,True,False,1409
LTCUSD,2022-06-15,1655258400,True,-17.287952458130373,32.414910858995135,32.41491085899483,66.99081577525712,34.01655495044466,True,False,False,2064
LTCUSD,2022-06-15,1655262000,True,0.0,32.9561682961661,32.956168296165785,32.95616829616735,35.368930432912066,True,True,False,1409
LTCUSD,2022-06-15,1655265600,True,0.0,32.2407307898979,32.2407307898976,32.2407307898976,32.2407307898979,True,True,False,1112
LTCUSD,2022-06-15,1655269200,True,1.5539480279061789e-12,32.80481137233461,32.804811372334306,32.804811372334306,32.80481137233458,True,True,False,955
LTCUSD,2022-06-15,1655272800,True,0.0,33.58334266203962,33.58334266203931,33.58334266203931,33.58334266203954,True,True,False,1243
LTCUSD,2022-06-15,1655276400,True,0.0,34.141345168999656,34.14134516899934,34.14134516899934,34.75051412426185,True,True,False,3108
LTCUSD,2022-06-15,1655280000,True,1.6445845058676085e-12,34.71820391158431,34.71820391158398,34.71820391158398,35.31864741723545,True,True,False,2721
LTCUSD,2022-06-15,1655283600,True,0.0,34.1646737273659,34.16467372736558,34.16467372736558,34.164673727365916,True,True,False,2001
LTCUSD,2022-06-15,1655287200,True,0.0,34.73428273706148,34.73428273706115,34.73428273706115,34.7342827370615,True,True,False,1648
LTCUSD,2022-06-15,1655290800,True,0.0,35.82089552238806,35.82089552238772,35.82089552238942,37.54689948919368,True,True,False,2338
LTCUSD,2022-06-15,1655294400,True,0.0,35.72704537334762,35.72704537334729,35.72704537334898,35.727045373347636,True,True,False,2538
LTCUSD,2022-06-15,1655298000,True,0.0,35.0426352061675,35.042635206167176,35.04263520616883,35.042635206167496,True,True,False,2498
LTCUSD,2022-06-15,1655301600,True,1.6055648757430805e-12,33.89447520054231,33.89447520054199,33.89447520054199,34.472531156931275,True,True,False,2066
LTCUSD,2022-06-15,1655305200,True,1.6033910318404608e-12,33.84858400090263,33.848584000902314,33.848584000902314,33.848584000902676,True,True,False,1756
LTCUSD,2022-06-15,1655308800,True,1.5826767697073176e-12,33.41129301703976,33.41129301703945,33.41129301703945,34.56748586043768,True,True,False,1784
LTCUSD,2022-06-15,1655312400,True,1.5994209021048964e-12,33.76477208778841,33.76477208778809,33.76477208778809,33.76477208778842,True,True,False,1657
LTCUSD,2022-06-15,1655316000,True,1.5826767697073176e-12,33.41129301703976,33.41129301703945,33.41129301703945,33.411293017039746,True,True,False,1285
LTCUSD,2022-06-15,1655319600,True,0.0,33.9097999321804,33.90979993218008,33.909799932181684,33.9097999321805,True,True,False,1599
LTCUSD,2022-06-15,1655323200,True,1.562490897768225e-12,32.98515667949423,32.98515667949392,32.98515667949392,32.98515667949424,True,True,False,2025
LTCUSD,2022-06-15,1655326800,True,0.0,32.01365916124213,32.013659161241826,32.013659161241826,32.26892535239466,True,True,False,5474
LTCUSD,2022-06-15,1655330400,True,0.0,31.097750596040218,31.097750596039926,31.097750596041397,31.63683166122856,True,True,False,4686
LTCUSD,2022-06-15,1655334000,True,0.0,30.74085459575776,30.740854595757472,30.740854595757472,31.270510079502447,True,True,False,2360
LTCUSD,2022-07-15,1657843200,True,1.3952729224547867e-12,29.455081001472752,29.455081001472475,29.455081001472475,29.84778905826105,True,True,False,197
LTCUSD,2022-07-15,1657846800,True,0.0,29.42041776993233,29.420417769932055,29.42041776993345,29.420417769932463,True,True,False,311
LTCUSD,2022-07-15,1657850400,True,0.0,29.25402242808386,29.25402242808358,29.25402242808358,29.254022428083932,True,True,False,245
LTCUSD,2022-07-15,1657854000,True,0.0,29.547916871860533,29.547916871860256,29.547916871861652,29.547916871860565,True,True,False,569
LTCUSD,2022-07-15,1657857600,True,1.3779554654515665e-12,29.08949869097256,29.089498690972285,29.089498690972285,29.089498690972437,True,True,False,584
LTCUSD,2022-07-15,1657861200,True,0.0,29.29973630237328,29.299736302373,29.299736302374388,29.299736302373283,True,True,False,998
LTCUSD,2022-07-15,1657864800,True,1.3838596470154838e-12,29.214139643587494,29.21413964358722,29.21413964358722,29.214139643587473,True,True,False,326
LTCUSD,2022-07-15,1657868400,True,1.3909028790449258e-12,29.36282666144661,29.362826661446334,29.362826661446334,29.362826661446665,True,True,False,514
LTCUSD,2022-07-15,1657872000,True,0.0,29.25402242808386,29.25402242808358,29.25402242808358,29.254022428083815,True,True,False,388
LTCUSD,2022-07-15,1657875600,True,1.397743160735911e-12,29.507229271171443,29.50722927117116,29.50722927117116,29.50722927117143,True,True,False,328
LTCUSD,2022-07-15,1657879200,True,0.0,29.30546058415551,29.305460584155238,29.305460584155238,29.305460584155522,True,True,False,812
LTCUSD,2022-07-15,1657882800,True,1.391447636855185e-12,29.37432683834329,29.37432683834301,29.37432683834301,29.374326838343254,True,True,False,631
LTCUSD,2022-07-15,1657886400,True,0.0,29.30546058415551,29.305460584155238,29.305460584155238,29.30546058415555,True,True,False,724
LTCUSD,2022-07-15,1657890000,True,0.0,29.27114840472241,29.271148404722133,29.271148404722133,29.27114840472238,True,True,False,347
LTCUSD,2022-07-15,1657893600,True,1.3969187766835748e-12,29.48982601002654,29.489826010026263,29.489826010026263,29.489826010026555,True,True,False,572
LTCUSD,2022-07-15,1657897200,True,0.0,29.174365457551293,29.17436545755102,29.17436545755102,29.174365457551275,True,True,False,1073
LTCUSD,2022-07-15,1657900800,True,1.3766206253222907e-12,29.06131938390003,29.061319383899757,29.061319383899757,29.061319383899956,True,True,False,983
LTCUSD,2022-07-15,1657904400,True,1.3699850299047534e-12,28.921237828979084,28.92123782897881,28.92123782897881,28.921237828979013,True,True,False,1296
LTCUSD,2022-07-15,1657908000,True,0.0,29.0838584585555,29.083858458555227,29.083858458555227,29.08385845855554,True,True,False,688
LTCUSD,2022-07-15,1657911600,True,1.382513349080845e-12,29.185718455102638,29.18571845510236,29.18571845510236,29.185718455102688,True,True,False,813
LTCUSD,2022-07-15,1657915200,True,0.0,29.191398267977032,29.19139826797676,29.19139826797676,29.191398267977085,True,True,False,646
LTCUSD,2022-07-15,1657918800,True,0.0,28.815675727595814,28.81567572759554,28.815675727596908,28.815675727595792,True,True,False,523
LTCUSD,2022-07-15,1657922400,True,0.0,28.677946659019213,28.677946659018943,28.6779466590203,28.677946659019245,True,True,False,743
LTCUSD,2022-07-15,1657926000,True,0.0,28.86558260367555,28.865582603675275,28.865582603675275,28.865582603675556,True,True,False,861
LTCUSD,2022-08-15,1660521600,True,0.0,23.635074450484517,23.635074450484296,23.635074450484296,28.454278583854038,True,True,False,300
LTCUSD,2022-08-15,1660525200,True,0.0,23.769907297361538,23.76990729736131,23.76990729736131,26.707020244308342,True,True,False,1558
LTCUSD,2022-08-15,1660528800,True,1.1252557380000003e-12,23.75484994853116,23.754849948530932,23.754849948530932,23.754849948531167,True,True,False,1146
LTCUSD,2022-08-15,1660532400,True,0.0,23.512814483893717,23.512814483893496,23.512814483893496,23.512814483893706,True,True,False,1628
LTCUSD,2022-08-15,1660536000,True,0.0,23.391812865497077,23.391812865495744,23.39181286549796,23.391812865497098,True,True,False,1633
LTCUSD,2022-08-15,1660539600,True,0.0,23.12495182301703,23.124951823015717,23.124951823015717,23.12495182301703,True,True,False,1553
LTCUSD,2022-08-15,1660543200,True,0.0,23.232401455897158,23.232401455895836,23.23240145589804,23.232401455897158,True,True,False,1973
LTCUSD,2022-08-15,1660546800,True,2.213701178472156e-12,23.36630578705507,23.36630578705374,23.36630578705374,23.366305787055015,True,True,False,1061
LTCUSD,2022-08-15,1660550400,True,1.1103097675757485e-12,23.439331197749823,23.43933119774849,23.43933119774849,23.43933119774984,True,True,False,1123
LTCUSD,2022-08-15,1660554000,True,0.0,24.26988107758272,24.269881077581342,24.26988107758364,24.269881077582717,True,True,False,2611
LTCUSD,2022-08-15,1660557600,True,0.0,24.427978177672827,24.427978177672596,24.427978177672596,25.024227488505986,True,True,False,2035
LTCUSD,2022-08-15,1660561200,True,0.0,24.45984508764778,24.459845087647548,24.459845087647548,28.641794247625903,True,True,False,1828
LTCUSD,2022-08-15,1660564800,True,1.1552601182994882e-12,24.38826111698236,24.38826111698213,24.38826111698213,24.388261116982335,True,True,False,855
LTCUSD,2022-08-15,1660568400,True,0.0,24.328927094315137,24.32892709431491,24.32892709431491,24.328927094315187,True,True,False,895
LTCUSD,2022-08-15,1660572000,True,1.1632032999264965e-12,24.555946631742657,24.555946631742422,24.555946631742422,24.55594663174267,True,True,False,799
LTCUSD,2022-08-15,1660575600,True,0.0,24.624476729869485,24.624476729869254,24.624476729869254,24.624476729869517,True,True,False,1669
LTCUSD,2022-08-15,1660579200,True,1.1515156563651246e-12,24.309213191799692,24.30921319179946,24.30921319179946,24.309213191799746,True,True,False,1545
LTCUSD,2022-08-15,1660582800,True,0.0,24.404132433092002,24.40413243309177,24.40413243309177,24.404132433092,True,True,False,1865
LTCUSD,2022-08-15,1660586400,True,0.0,24.297400178180936,24.297400178180705,24.297400178181853,24.297400178180958,True,True,False,1833
LTCUSD,2022-08-15,1660590000,True,0.0,24.176001289386733,24.17600128938651,24.17600128938651,24.176001289386726,True,True,False,1714
LTCUSD,2022-08-15,1660593600,True,1.1635842721036604e-12,24.563989191844758,24.563989191844524,24.563989191844524,24.563989191844765,True,True,False,1204
LTCUSD,2022-08-15,1660597200,True,0.0,24.681201151789384,24.68120115178915,24.68120115178915,24.683570838668896,True,True,False,683
LTCUSD,2022-08-15,1660600800,True,0.0,24.69745616201531,24.69745616201508,24.697456162016252,24.697456162015335,True,True,False,773
LTCUSD,2022-08-15,1660604400,True,1.167407764331061e-12,24.64470549576933,24.644705495769095,24.644705495769095,24.644705495769315,True,True,False,324
LTCUSD,2022-09-15,1663200000,True,0.0,24.993751562109473,24.993751562109235,24.99375156211042,26.053226534439343,True,True,False,730
LTCUSD,2022-09-15,1663203600,True,0.0,24.923153609703416,24.923153609703174,24.923153609703174,24.92315360970343,True,True,False,1242
LTCUSD,2022-09-15,1663207200,True,1.1807939106939762e-12,24.927295388450354,24.92729538845012,24.92729538845012,24.92729538845036,True,True,False,1077
LTCUSD,2022-09-15,1663210800,True,1.1884966726772606e-12,25.089905494689305,25.089905494689067,25.089905494689067,25.089905494689265,True,True,False,1339
LTCUSD,2022-09-15,1663214400,True,0.0,25.131942699170644,25.13194269917041,25.13194269917041,25.13194269917067,True,True,False,1404
LTCUSD,2022-09-15,1663218000,True,1.2013572335110326e-12,25.361399949277203,25.36139994927696,25.36139994927696,25.361399949277217,True,True,False,1578
LTCUSD,2022-09-15,1663221600,True,0.0,25.404352612414257,25.40435261241402,25.40435261241402,25.40435261241426,True,True,False,1812
LTCUSD,2022-09-15,1663225200,True,1.2013572335110326e-12,25.361399949277203,25.36139994927696,25.36139994927696,25.36139994927721,True,True,False,1525
LTCUSD,2022-09-15,1663228800,True,0.0,25.157232704402514,25.157232704402276,25.15723270440347,25.157232704402567,True,True,False,1481
LTCUSD,2022-09-15,1663232400,True,0.0,25.0857095074839,25.085709507483667,25.085709507483667,25.085709507483884,True,True,False,2598
LTCUSD,2022-09-15,1663236000,True,0.0,24.898331811768607,24.898331811768372,24.898331811768372,24.898331811768607,True,True,False,1727
LTCUSD,2022-09-15,1663239600,True,0.0,25.014591845243057,25.01459184524282,25.01459184524282,25.014591845243018,True,True,False,1465
LTCUSD,2022-09-15,1663243200,True,1.1802055240596299e-12,24.914874179885395,24.914874179885153,24.914874179885153,24.91487417988538,True,True,False,1172
LTCUSD,2022-09-15,1663246800,True,0.0,25.140367049358918,25.140367049358677,25.140367049358677,25.14036704935894,True,True,False,1113
LTCUSD,2022-09-15,1663250400,True,1.190687449954085e-12,25.136154168412233,25.136154168411995,25.136154168411995,25.136154168412265,True,True,False,1172
LTCUSD,2022-09-15,1663254000,True,0.0,25.03964610633503,25.039646106334793,25.039646106334793,25.03964610633504,True,True,False,1537
LTCUSD,2022-09-15,1663257600,True,1.1863139423325825e-12,25.043826696719258,25.043826696719023,25.043826696719023,25.043826696719286,True,True,False,1644
LTCUSD,2022-09-15,1663261200,True,0.0,25.665155274189406,25.665155274189164,25.665155274190383,25.665155274189434,True,True,False,2392
LTCUSD,2022-09-15,1663264800,True,0.0,26.016824212991065,26.016824212990823,26.016824212990823,27.977882216790075,True,True,False,2986
LTCUSD,2022-09-15,1663268400,True,0.0,26.244423060099727,26.244423060099482,26.244423060099482,26.244423060099706,True,True,False,1672
LTCUSD,2022-09-15,1663272000,True,0.0,26.244423060099727,26.244423060099482,26.244423060099482,26.244423060099724,True,True,False,1203
LTCUSD,2022-09-15,1663275600,True,0.0,26.45735955551636,26.457359555516106,26.45735955551736,26.457359555516334,True,True,False,1122
LTCUSD,2022-09-15,1663279200,False,53.01758416541688,26.508792082707433,26.508792082707185,26.508792082707185,26.508792082707206,True,True,False,133
LTCUSD,2022-10-15,1665792000,True,-1.9590557351352749,29.385836027034966,29.38583602703469,33.30394749730663,30.690728086627605,True,False,False,372
LTCUSD,2022-10-15,1665795600,True,0.0,29.191398267977032,29.19139826797676,29.19139826797676,30.198112762358583,True,True,False,457
LTCUSD,2022-10-15,1665799200,True,0.0,29.22552362396493,29.22552362396465,29.22552362396465,29.320837494399004,True,True,False,245
LTCUSD,2022-10-15,1665802800,True,1.386289602497513e-12,29.265437518290902,29.26543751829062,29.26543751829062,29.360311165394357,True,True,False,202
LTCUSD,2022-10-15,1665806400,True,1.386289602497513e-12,29.265437518290902,29.26543751829062,29.26543751829062,29.265437518290927,True,True,False,157
LTCUSD,2022-10-15,1665810000,True,1.382513349080845e-12,29.185718455102638,29.18571845510236,29.18571845510236,29.18571845510254,True,True,False,141
LTCUSD,2022-10-15,1665813600,True,0.0,29.208450978483107,29.20845097848283,29.20845097848283,29.208450978483018,True,True,False,80
LTCUSD,2022-10-15,1665817200,True,1.3838596470154838e-12,29.214139643587494,29.21413964358722,29.21413964358722,29.214139643587355,True,True,False,81
LTCUSD,2022-10-15,1665820800,True,1.3766206253222907e-12,29.06131938390003,29.061319383899757,29.061319383899757,29.061319383899885,True,True,False,253
LTCUSD,2022-10-15,1665824400,True,1.382513349080845e-12,29.185718455102638,29.18571845510236,29.18571845510236,29.185718455102688,True,True,False,169
LTCUSD,2022-10-15,1665828000,True,1.3809012452824803e-12,29.15168593917015,29.151685939169873,29.151685939169873,29.151685939170115,True,True,False,145
LTCUSD,2022-10-15,1665831600,True,1.3892711619124064e-12,29.328380095806043,29.328380095805766,29.328380095805766,29.328380095806207,True,True,False,518
LTCUSD,2022-10-15,1665835200,True,0.0,29.316915860451473,29.316915860451196,29.316915860451196,29.714706622504817,True,True,False,286
LTCUSD,2022-10-15,1665860400,True,1.3838596470154838e-12,29.214139643587494,29.21413964358722,29.21413964358722,29.21413964358743,True,True,False,190
LTCUSD,2022-10-15,1665864000,True,0.0,29.380080305552834,29.380080305552557,29.380080305553946,29.380080305552717,True,True,False,220
LTCUSD,2022-10-15,1665867600,True,0.0,29.385836027034966,29.38583602703469,29.38583602703469,29.38583602703484,True,True,False,202
LTCUSD,2022-10-15,1665871200,True,0.0,29.41464849495048,29.414648494950203,29.414648494950203,29.414648494950427,True,True,False,139
LTCUSD,2022-10-15,1665874800,True,0.0,29.547916871860533,29.547916871860256,29.547916871861652,29.54791687186069,True,True,False,230
LTCUSD,2022-11-15,1668470400,True,0.0,26.8985923070026,26.898592307002346,26.898592307003618,27.271274777259297,True,True,False,1271
LTCUSD,2022-11-15,1668474000,True,1.2554867669583889e-12,26.504108136761197,26.504108136760944,26.504108136760944,26.504108136761197,True,True,False,2688
LTCUSD,2022-11-15,1668477600,True,1.2537145756684608e-12,26.46669607410675,26.466696074106498,26.466696074106498,26.466696074106746,True,True,False,2955
LTCUSD,2022-11-15,1668481200,True,0.0,26.066556607872098,26.066556607871853,26.066556607871853,26.066556607872066,True,True,False,2028
LTCUSD,2022-11-15,1668484800,True,0.0,25.868759161852203,25.868759161851955,25.868759161853184,25.86875916185222,True,True,False,1222
LTCUSD,2022-11-15,1668488400,True,1.2266598804662929e-12,25.89555459646094,25.8955545964607,25.8955545964607,25.895554596460972,True,True,False,1648
LTCUSD,2022-11-15,1668492000,True,0.0,25.95380223202699,25.953802232026746,25.953802232026746,25.95380223202694,True,True,False,1094
LTCUSD,2022-11-15,1668495600,True,0.0,26.089225150013043,26.089225150012794,26.089225150012794,26.089225150013064,True,True,False,1565
LTCUSD,2022-11-15,1668499200,True,0.0,26.130128037627383,26.130128037627134,26.130128037627134,26.130128037627365,True,True,False,1226
LTCUSD,2022-11-15,1668502800,True,1.2232809430319365e-12,25.82422312128777,25.824223121287524,25.824223121287524,25.82422312128777,True,True,False,2031
LTCUSD,2022-11-15,1668506400,True,1.210980376242182e-12,25.56455048998722,25.564550489986974,25.564550489986974,25.564550489987234,True,True,False,1521
LTCUSD,2022-11-15,1668510000,True,0.0,25.744443490946537,25.744443490946296,25.744443490947514,25.744443490946562,True,True,False,1992
LTCUSD,2022-11-15,1668513600,True,1.2128407199114114e-12,25.60382350430998,25.603823504309737,25.603823504309737,25.60382350430994,True,True,False,1385
LTCUSD,2022-11-15,1668517200,True,1.21971115914531e-12,25.748862758561497,25.748862758561256,25.748862758561256,25.911941401519393,True,True,False,2248
LTCUSD,2022-11-15,1668520800,True,1.2167869436768563e-12,25.687130747495505,25.687130747495264,25.687130747495264,25.687130747495505,True,True,False,1177
LTCUSD,2022-11-15,1668524400,True,1.2058425723548583e-12,25.45608824777259,25.456088247772353,25.456088247772353,25.456088247772616,True,True,False,3260
LTCUSD,2022-11-15,1668528000,True,0.0,25.63445270443476,25.634452704434516,25.63445270443573,25.634452704434736,True,True,False,2629
LTCUSD,2022-11-15,1668531600,True,0.0,25.464731347084285,25.464731347084047,25.464731347084047,25.46473134708434,True,True,False,2076
LTCUSD,2022-11-15,1668535200,True,0.0,25.4000508001016,25.400050800101358,25.400050800102562,25.40005080010159,True,True,False,1987
LTCUSD,2022-11-15,1668538800,True,1.1985202593575107e-12,25.301509656742855,25.301509656742617,25.301509656742617,25.301509656742827,True,True,False,1348
LTCUSD,2022-11-15,1668542400,True,0.0,25.864298646435035,25.86429864643479,25.86429864643479,27.116754774968047,True,True,False,3153
LTCUSD,2022-11-15,1668546000,True,0.0,25.665155274189406,25.665155274189164,25.665155274190383,25.66515527418945,True,True,False,2070
LTCUSD,2022-11-15,1668549600,True,0.0,25.886616619207867,25.886616619207626,25.88661661920885,28.15478849181948,True,True,False,1530
LTCUSD,2022-11-15,1668553200,True,1.2279317994644434e-12,25.92240559923961,25.922405599239365,25.922405599239365,25.93088058817992,True,True,False,739
LTCUSD,2022-12-15,1671062400,True,0.0,19.90049751243781,19.90049751243668,19.900497512438566,20.13763082617206,True,True,False,442
LTCUSD,2022-12-15,1671066000,True,0.0,19.90049751243781,19.90049751243668,19.900497512438566,19.900497512437852,True,True,False,1119
LTCUSD,2022-12-15,1671069600,True,0.0,20.025365462919698,20.02536546291856,20.025365462920455,20.02618437051309,True,True,False,1500
LTCUSD,2022-12-15,1671073200,True,0.0,20.12477359629704,20.1247735962959,20.124773596297803,20.12477359629696,True,True,False,2461
LTCUSD,2022-12-15,1671076800,True,1.8961711542066854e-12,20.01467743011542,20.014677430114283,20.014677430114283,20.631302663419287,True,True,False,2265
LTCUSD,2022-12-15,1671080400,True,0.0,20.03606491685033,20.03606491684919,20.03606491684919,20.036064916850194,True,True,False,1101
LTCUSD,2022-12-15,1671084000,True,0.0,19.99333555481506,19.993335554813925,19.993335554813925,20.121207185946307,True,True,False,786
LTCUSD,2022-12-15,1671087600,True,0.0,19.985344081007256,19.985344081006126,19.985344081006126,19.98534408100735,True,True,False,963
LTCUSD,2022-12-15,1671091200,True,0.0,20.06823198876179,20.06823198876065,20.06823198876065,20.068231988761713,True,True,False,769
LTCUSD,2022-12-15,1671094800,True,0.0,20.062863639403464,20.062863639402323,20.062863639404224,20.062863639403492,True,True,False,835
LTCUSD,2022-12-15,1671098400,True,0.0,20.092425155716292,20.09242515571515,20.092425155717056,20.092425155716285,True,True,False,1463
LTCUSD,2022-12-15,1671102000,True,1.8976904206719645e-12,20.030713761100355,20.030713761099218,20.030713761099218,20.030713761100298,True,True,False,1279
LTCUSD,2022-12-15,1671105600,True,0.0,20.159935488206436,20.159935488205292,20.1599354882072,20.159935488206372,True,True,False,1314
LTCUSD,2022-12-15,1671109200,True,1.9025175333291393e-12,20.08166543945378,20.08166543945264,20.08166543945264,20.081665439453744,True,True,False,1000
LTCUSD,2022-12-15,1671112800,True,0.0,20.138282875746793,20.13828287574565,20.138282875747556,20.138282875746764,True,True,False,778
LTCUSD,2022-12-15,1671116400,True,1.916113357406055e-12,20.22517359940673,20.22517359940558,20.22517359940558,20.225211812139225,True,True,False,2061
LTCUSD,2022-12-15,1671120000,True,0.0,20.351400854758836,20.351400854757678,20.35140085475961,23.313719947304808,True,True,False,2718
LTCUSD,2022-12-15,1671123600,True,0.0,20.27163997567403,20.271639975672876,20.271639975672876,20.271639975674038,True,True,False,2105
LTCUSD,2022-12-15,1671127200,True,0.0,20.401224073444403,20.401224073443245,20.401224073443245,20.401224073444443,True,True,False,1605
LTCUSD,2022-12-15,1671130800,True,0.0,20.51843239176527,20.5184323917641,20.518432391766044,20.518432391765206,True,True,False,1015
LTCUSD,2022-12-15,1671134400,True,0.0,20.6654267410622,20.665426741061026,20.665426741061026,20.668556575439077,True,True,False,2301
LTCUSD,2022-12-15,1671138000,True,0.0,20.614306328592043,20.61430632859087,20.61430632859282,20.61430632859201,True,True,False,1403
LTCUSD,2022-12-15,1671141600,True,1.9465591007741942e-12,20.546537908362442,20.546537908361277,20.546537908361277,20.546537908362442,True,True,False,769
LTCUSD,2022-12-15,1671145200,True,0.0,20.656889072505678,20.656889072504505,20.656889072504505,20.65688907250556,True,True,False,1479
LTCUSD,2023-01-15,1673744400,True,-1.1374623215595638,17.061934823408976,17.061934823408006,19.336859466530367,19.751428484477675,True,False,False,4801
LTCUSD,2023-01-15,1673748000,True,-1.729704797048036,17.297047970479706,17.297047970478722,20.756457564576433,21.399093978856886,True,False,False,9435
LTCUSD,2023-01-15,1673751600,True,-1.150549387331405,17.25824080998677,17.25824080998579,19.55933958465187,20.45527299059749,True,False,False,5155
LTCUSD,2023-01-15,1673755200,True,-1.737317581653992,17.373175816539263,17.373175816538275,20.847810979847903,20.478744074308775,True,False,False,4452
LTCUSD,2023-01-15,1673758800,True,-1.1493592322269874,17.240388483420492,17.240388483419515,19.539106947876753,20.48846295591591,True,False,False,4987
LTCUSD,2023-01-15,1673762400,True,-1.1492271447441136,17.238407171177382,17.238407171176405,19.536861460666263,20.400775643259518,True,False,False,3721
LTCUSD,2023-01-15,1673766000,True,-1.7190006875987118,17.19000687600275,17.190006876001775,20.628008251202456,20.341085333683132,True,False,False,3642
LTCUSD,2023-01-15,1673769600,True,-1.730902377105997,17.309023771059312,17.309023771058328,20.770828525271966,20.532077865385567,True,False,False,3456
LTCUSD,2023-01-15,1673773200,True,-1.7249310027599547,17.249310027598895,17.249310027597915,20.699172033117826,20.25619739642539,True,False,False,4448
LTCUSD,2023-01-15,1673776800,True,-2.3249055507115397,17.436791630340014,17.436791630339027,22.086602731763755,20.592083624146664,True,False,False,5630
LTCUSD,2023-01-15,1673780400,True,-1.7289073305655094,17.28907330567082,17.289073305669834,20.746887966804128,20.618788083730916,True,False,False,5291
LTCUSD,2023-01-15,1673784000,True,-0.5747787101960516,17.24336130589723,17.24336130589625,18.392918726289988,19.980909462896875,True,False,False,4444
LTCUSD,2023-01-15,1673787600,True,-1.1390170283035375,17.085255424568597,17.085255424567627,19.36328948117794,19.843190788530595,True,False,False,5127
LTCUSD,2023-01-15,1673791200,True,-1.7092069279838604,17.092069279854147,17.092069279853177,20.51048313582414,19.72418016605089,True,False,False,5096
LTCUSD,2023-01-15,1673794800,True,-1.7107664233577289,17.107664233576642,17.10766423357567,20.529197080291127,20.109498411725415,True,False,False,5616
LTCUSD,2023-01-15,1673798400,True,-1.697792869268405,16.97792869269949,16.977928692698526,20.373514431238554,19.643576851940775,True,False,False,4646
LTCUSD,2023-01-15,1673802000,True,-2.2600146900950357,16.95011017571614,16.950110175715178,21.470139555906858,19.794722602432213,True,False,False,6484
LTCUSD,2023-01-15,1673805600,True,-1.7092069279838604,17.092069279854147,17.092069279853177,20.51048313582414,20.24051636163553,True,False,False,5819
LTCUSD,2023-01-15,1673809200,True,-2.272339942054879,17.042549565414983,17.042549565414017,21.587229449525392,20.37422478042304,True,False,False,5348
LTCUSD,2023-01-15,1673812800,True,-1.1355248963823203,17.032873445750297,17.03287344574933,19.3039232385172,20.566975592727967,True,False,False,5565
LTCUSD,2023-01-15,1673816400,True,-1.7029972752044242,17.029972752043598,17.029972752042628,20.43596730245309,20.211853810052016,True,False,False,3223
LTCUSD,2023-01-15,1673820000,True,-1.69817728970911,16.981772897090455,16.981772897089492,20.37812747650932,20.039333256573695,True,False,False,2734
LTCUSD,2023-01-15,1673823600,True,-1.7037710131742798,17.037710131758292,17.037710131757326,20.445252158109113,19.944924947943328,True,False,False,2404
LTCUSD,2023-02-15,1676419200,True,0.0,15.768725361366622,15.768725361365727,15.76872536136722,15.897989867690612,True,True,False,500
LTCUSD,2023-02-15,1676422800,True,0.0,15.65026866294538,15.650268662944491,15.650268662945974,15.650268662945377,True,True,False,1569
LTCUSD,2023-02-15,1676426400,True,1.4889050987691346e-12,15.715857300015717,15.715857300014823,15.715857300014823,15.715857300015728,True,True,False,1996
LTCUSD,2023-02-15,1676430000,True,0.0,15.729041052797147,15.729041052796253,15.729041052796253,15.729041052797148,True,True,False,1336
LTCUSD,2023-02-15,1676433600,True,0.0,15.770383220312251,15.770383220311356,15.770383220311356,15.77038322031231,True,True,False,1195
LTCUSD,2023-02-15,1676437200,True,0.0,15.699408655607304,15.699408655606414,15.6994086556079,15.699408655607272,True,True,False,1852
LTCUSD,2023-02-15,1676440800,True,0.0,15.702695629416382,15.70269562941549,15.70269562941549,15.702695629416418,True,True,False,1235
LTCUSD,2023-02-15,1676444400,True,0.0,15.496668216333488,15.496668216332607,15.496668216334074,15.496703234545919,True,True,False,2119
LTCUSD,2023-02-15,1676448000,True,0.0,15.538405759569068,15.538405759568185,15.538405759569658,15.538405759569033,True,True,False,2133
LTCUSD,2023-02-15,1676451600,True,0.0,15.614427731223651,15.614427731222763,15.614427731224243,15.61442773122364,True,True,False,1694
LTCUSD,2023-02-15,1676455200,True,1.477296607433027e-12,15.593326056447841,15.593326056446955,15.593326056446955,15.59332605644786,True,True,False,1773
LTCUSD,2023-02-15,1676458800,True,1.477296607433027e-12,15.593326056447841,15.593326056446955,15.593326056446955,15.593326056447948,True,True,False,1244
LTCUSD,2023-02-15,1676462400,True,0.0,15.495067403543203,15.495067403542324,15.495067403542324,15.495067403543151,True,True,False,1503
LTCUSD,2023-02-15,1676466000,True,1.457448819568433e-12,15.383826470437413,15.383826470436539,15.383826470436539,15.38405439156773,True,True,False,3260
LTCUSD,2023-02-15,1676469600,True,1.4476498461979325e-12,15.280395252890541,15.280395252889674,15.280395252889674,15.280395252890541,True,True,False,4884
LTCUSD,2023-02-15,1676473200,True,0.0,15.368065160596279,15.368065160595407,15.368065160596862,15.368169895031318,True,True,False,4073
LTCUSD,2023-02-15,1676476800,True,0.0,15.405946695424431,15.405946695423557,15.405946695423557,15.671696212430591,True,True,False,4275
LTCUSD,2023-02-15,1676480400,True,0.0,15.394878637040078,15.394878637039202,15.394878637040662,15.394878637040097,True,True,False,4227
LTCUSD,2023-02-15,1676484000,True,1.4649610551210766e-12,15.463120457708365,15.463120457707488,15.463120457707488,15.463294006200492,True,True,False,2935
LTCUSD,2023-02-15,1676487600,True,0.0,15.391719255040787,15.391719255039913,15.391719255041371,15.391719255040751,True,True,False,2170
LTCUSD,2023-02-15,1676491200,True,0.0,15.32567049808429,15.32567049808342,15.325670498084873,15.325670498084275,True,True,False,2271
LTCUSD,2023-02-15,1676494800,True,0.0,15.09585870276254,15.095858702761683,15.095858702761683,15.095858702762492,True,True,False,4373
LTCUSD,2023-02-15,1676498400,True,0.0,14.710930221154316,14.71093022115348,14.710930221154875,14.711049014659393,True,True,False,6353
LTCUSD,2023-02-15,1676502000,True,0.0,14.773230905599055,14.773230905598215,14.773230905599615,14.773230905599142,True,True,False,3677
LTCUSD,2023-03-15,1678838400,True,-0.6007449237048482,18.02234771116184,18.022347711160815,19.22383755857222,54.5006975476409,True,False,False,2099
LTCUSD,2023-03-15,1678842000,True,0.0,17.853954650955185,17.853954650954172,17.853954650955863,18.89953421040004,True,True,False,1334
LTCUSD,2023-03-15,1678845600,True,0.0,17.79887273805992,17.798872738058908,17.798872738058908,17.85415435193124,True,True,False,1653
LTCUSD,2023-03-15,1678849200,True,1.6878501948099062e-12,17.815784785319796,17.815784785318783,17.815784785318783,17.893659755844634,True,True,False,3823
LTCUSD,2023-03-15,1678852800,True,0.0,17.648096946879225,17.648096946878226,17.648096946878226,17.650106353824636,True,True,False,3432
LTCUSD,2023-03-15,1678856400,True,0.0,17.66264350897851,17.662643508977506,17.66264350897918,17.66264350897848,True,True,False,2378
LTCUSD,2023-03-15,1678860000,True,0.0,17.69389560601592,17.69389560601492,17.69389560601492,17.6940306258794,True,True,False,2204
LTCUSD,2023-03-15,1678863600,True,0.0,17.54488566582841,17.54488566582741,17.54488566582741,17.544885665828392,True,True,False,2066
LTCUSD,2023-03-15,1678867200,True,0.0,17.72735330615139,17.727353306150384,17.727353306150384,17.727353306151382,True,True,False,2199
LTCUSD,2023-03-15,1678870800,True,0.0,17.777777777777775,17.77777777777677,17.77777777777845,17.777872938846137,True,True,False,2512
LTCUSD,2023-03-15,1678874400,True,0.0,17.748328699047505,17.748328699046496,17.74832869904818,17.748622216658504,True,True,False,2395
LTCUSD,2023-03-15,1678878000,True,0.0,17.851829812555785,17.85182981255477,17.85182981255477,17.851829812555835,True,True,False,2525
LTCUSD,2023-03-15,1678881600,True,0.0,18.103916480598635,18.103916480597604,18.10391648059932,18.106632683706657,True,True,False,2786
LTCUSD,2023-03-15,1678885200,True,0.0,18.2138303685265,18.213830368525464,18.21383036852719,18.215794604510943,True,True,False,3620
LTCUSD,2023-03-15,1678888800,True,1.7276584663791873e-12,18.23597349705185,18.235973497050814,18.235973497050814,18.27070601124628,True,True,False,4977
LTCUSD,2023-03-15,1678892400,True,0.0,18.1565091085154,18.156509108514367,18.156509108514367,20.946389284315266,True,True,False,5769
LTCUSD,2023-03-15,1678896000,True,1.7435561886021722e-12,18.40377890926937,18.403778909268325,18.403778909268325,18.49683145623639,True,True,False,6032
LTCUSD,2023-03-15,1678899600,True,0.0,18.558614290133,18.55861429013195,18.558614290133704,19.017773106841055,True,True,False,6065
LTCUSD,2023-03-15,1678903200,True,0.0,19.173004409791012,19.173004409789925,19.17300440979174,20.61005947577823,True,True,False,5529
LTCUSD,2023-03-15,1678906800,True,0.0,19.85308715505261,19.85308715505148,19.85308715505148,21.527609776506125,True,True,False,6359
LTCUSD,2023-03-15,1678910400,True,0.0,19.65537574526633,19.655375745265214,19.655375745267076,20.030581812287416,True,True,False,4883
LTCUSD,2023-03-15,1678914000,True,0.0,19.43634596695821,19.436345966957106,19.43634596695895,19.51218018403676,True,True,False,4335
LTCUSD,2023-03-15,1678917600,True,0.0,19.611688566385567,19.61168856638445,19.61168856638631,19.70110731584195,True,True,False,4194
LTCUSD,2023-03-15,1678921200,True,1.8635964481282545e-12,19.67084125631106,19.670841256309945,19.670841256309945,19.68449916796411,True,True,False,2623
LTCUSD,2023-04-15,1681516800,True,-38.963063016262055,27.014390357940673,27.014390357941203,104.94051639046236,105.08351120652696,True,False,False,1770
LTCUSD,2023-04-15,1681520400,True,0.0,15.520720161415491,15.520720161414609,15.520720161416078,22.07192227777417,True,True,False,1205
LTCUSD,2023-04-15,1681524000,True,1.4739257081576523e-12,15.55774516413421,15.55774516413333,15.55774516413333,15.557780099745937,True,True,False,1079
LTCUSD,2023-04-15,1681527600,True,0.0,15.697765684684212,15.69776568468332,15.69776568468332,15.698031703040847,True,True,False,1763
LTCUSD,2023-04-15,1681531200,True,0.0,15.714210884710074,15.71421088470918,15.714210884710667,15.714605582281498,True,True,False,1707
LTCUSD,2023-04-15,1681534800,True,0.0,15.7076286716582,15.707628671657307,15.707628671657307,15.707628671658092,True,True,False,1003
LTCUSD,2023-04-15,1681538400,True,1.4845499833065557e-12,15.669887699138156,15.669887699137266,15.669887699137266,15.669887699138192,True,True,False,572
LTCUSD,2023-04-15,1681542000,True,1.4854810761722685e-12,15.679715674489104,15.679715674488213,15.679715674488213,15.679961957396744,True,True,False,723
LTCUSD,2023-04-15,1681545600,True,1.4820727658342812e-12,15.643739896751317,15.643739896750429,15.643739896750429,15.64373989675143,True,True,False,615
LTCUSD,2023-04-15,1681549200,True,0.0,15.67316232171778,15.673162321716887,15.673162321718374,15.67316232171781,True,True,False,511
LTCUSD,2023-04-15,1681552800,True,0.0,15.565817464847193,15.565817464846308,15.565817464846308,15.565817464847212,True,True,False,1003
LTCUSD,2023-04-15,1681556400,True,1.477296607433027e-12,15.593326056447841,15.593326056446955,15.593326056446955,15.593326056447802,True,True,False,757
LTCUSD,2023-04-15,1681560000,True,-5.6983008702866575,15.54082055532532,15.540820555324437,26.93742229589775,27.63256958587628,True,False,False,635
LTCUSD,2023-04-15,1681563600,True,-2.070286217069098,23.808291496299365,23.808291496299777,27.948863930437977,27.679803315810958,True,False,False,554
LTCUSD,2023-04-15,1681567200,True,-2.078353943676195,22.861893380442694,22.86189338044257,27.01860126779644,27.201903630462997,True,False,False,494
LTCUSD,2023-04-15,1681570800,True,-2.5851817382767885,22.749599296830567,22.74959929683045,27.91996277338403,27.39691493257441,True,False,False,484
LTCUSD,2023-04-15,1681574400,True,-2.604573631297149,22.9202479554097,22.920247955411064,28.12939521800388,28.679563138311927,True,False,False,884
LTCUSD,2023-04-15,1681578000,True,-3.1232106605606527,23.944615064286086,23.94461506428502,30.191036385404843,28.241817777599305,True,False,False,654
LTCUSD,2023-04-15,1681581600,True,-5.206706237633776,18.74414245548266,18.744142455481892,29.157554930750923,28.518987896644813,True,False,False,724
LTCUSD,2023-04-15,1681585200,True,0.0,15.527146628021324,15.527146628020441,15.527146628021912,15.536458011040663,True,True,False,1157
LTCUSD,2023-04-15,1681588800,True,0.0,15.651901706057284,15.651901706056396,15.651901706056396,15.651960888463757,True,True,False,1342
LTCUSD,2023-04-15,1681592400,True,0.0,15.56743293030979,15.567432930308906,15.567432930310382,15.567432930309831,True,True,False,652
LTCUSD,2023-04-15,1681596000,True,0.0,15.56743293030979,15.567432930308906,15.567432930310382,15.567432930309744,True,True,False,792
LTCUSD,2023-04-15,1681599600,True,0.0,15.559358954411078,15.559358954410193,15.559358954411667,15.559358954411142,True,True,False,668
LTCUSD,2023-05-15,1684108800,True,0.0,18.086453246518357,18.08645324651733,18.086453246519042,19.315695449360852,True,True,False,381
LTCUSD,2023-05-15,1684112400,True,0.0,17.958695001496558,17.958695001495535,17.958695001495535,18.70778806533123,True,True,False,802
LTCUSD,2023-05-15,1684116000,True,0.0,17.958695001496558,17.958695001495535,17.958695001495535,17.95869500149648,True,True,False,891
LTCUSD,2023-05-15,1684119600,True,0.0,18.127983563961568,18.127983563960537,18.127983563960537,18.287819636227653,True,True,False,2253
LTCUSD,2023-05-15,1684123200,True,0.0,17.7210703526493,17.721070352648294,17.721070352649974,17.859633061952728,True,True,False,2319
LTCUSD,2023-05-15,1684126800,True,0.0,17.681381505274945,17.68138150527394,17.68138150527394,17.69026025865678,True,True,False,1780
LTCUSD,2023-05-15,1684130400,True,0.0,17.565431231336728,17.565431231335733,17.565431231337396,17.565431231336646,True,True,False,1582
LTCUSD,2023-05-15,1684134000,True,0.0,17.368146818734438,17.368146818733454,17.368146818733454,17.368419920700294,True,True,False,2389
LTCUSD,2023-05-15,1684137600,True,0.0,17.183114725929318,17.183114725928345,17.18311472592997,17.18950913461394,True,True,False,2706
LTCUSD,2023-05-15,1684141200,True,0.0,17.272151534342793,17.272151534341813,17.27215153434345,17.272251376404906,True,True,False,2038
LTCUSD,2023-05-15,1684144800,True,0.0,17.194933226342638,17.19493322634166,17.194933226343288,17.195059065581876,True,True,False,1533
LTCUSD,2023-05-15,1684148400,True,0.0,17.189021944651348,17.18902194465037,17.189021944652,17.18915822334368,True,True,False,1420
LTCUSD,2023-05-15,1684152000,True,0.0,17.218619066750843,17.218619066749866,17.218619066749866,17.221248426163793,True,True,False,1480
LTCUSD,2023-05-15,1684155600,True,0.0,17.248318288966825,17.248318288965844,17.24831828896748,17.248318288966804,True,True,False,1022
LTCUSD,2023-05-15,1684159200,True,0.0,17.32001616534842,17.320016165347436,17.320016165349077,17.320016165348424,True,True,False,1294
LTCUSD,2023-05-15,1684162800,True,0.0,17.28608470181504,17.286084701814055,17.286084701814055,17.286116722258395,True,True,False,1122
LTCUSD,2023-05-15,1684166400,True,0.0,17.25625539257981,17.25625539257883,17.256255392580464,17.25625539257981,True,True,False,1625
LTCUSD,2023-05-15,1684170000,True,0.0,17.10863986313088,17.10863986312991,17.10863986313153,17.136532627441,True,True,False,2979
LTCUSD,2023-05-15,1684173600,True,1.6107514553926897e-12,17.00198356474922,17.001983564748254,17.001983564748254,17.003370408282482,True,True,False,2342
LTCUSD,2023-05-15,1684177200,True,1.6147781052442482e-12,17.044486108743822,17.044486108742852,17.044486108742852,17.055972915674694,True,True,False,2180
LTCUSD,2023-05-15,1684180800,True,0.0,17.048360515997043,17.048360515996077,17.04836051599769,17.04836051599701,True,True,False,1998
LTCUSD,2023-05-15,1684184400,True,0.0,17.02900607367883,17.029006073677863,17.029006073677863,17.02900607367887,True,True,False,1233
LTCUSD,2023-05-15,1684188000,True,0.0,17.02900607367883,17.029006073677863,17.029006073677863,17.124139931881228,True,True,False,1280
LTCUSD,2023-05-15,1684191600,True,0.0,17.094991167587896,17.094991167586926,17.094991167586926,17.094991167587768,True,True,False,833
LTCUSD,2023-06-15,1686787200,True,0.0,20.496003279360522,20.496003279359357,20.4960032793613,23.504135949343063,True,True,False,1514
LTCUSD,2023-06-15,1686790800,True,0.0,20.543723892350886,20.54372389234972,20.543723892351668,20.545412743009397,True,True,False,1346
LTCUSD,2023-06-15,1686794400,True,1.942302291423769e-12,20.501605959133464,20.501605959132302,20.501605959132302,20.517620122074238,True,True,False,1092
LTCUSD,2023-06-15,1686798000,True,0.0,20.334847149732255,20.3348471497311,20.334847149733026,20.335314290227707,True,True,False,941
LTCUSD,2023-06-15,1686801600,True,1.940710783912872e-12,20.484807101399795,20.484807101398633,20.484807101398633,20.4896417795403,True,True,False,736
LTCUSD,2023-06-15,1686805200,True,0.0,20.42900919305414,20.429009193052977,20.429009193054913,20.43251177672707,True,True,False,570
LTCUSD,2023-06-15,1686808800,True,0.0,20.515626068522188,20.515626068521023,20.515626068521023,20.517023058259113,True,True,False,442
LTCUSD,2023-06-15,1686812400,True,0.0,20.535286467246216,20.535286467245047,20.535286467246998,20.538700608756745,True,True,False,793
LTCUSD,2023-06-15,1686816000,True,0.0,20.58601523365127,20.586015233650098,20.586015233650098,20.58721317286397,True,True,False,956
LTCUSD,2023-06-15,1686819600,True,0.0,20.742584526031944,20.742584526030765,20.74258452603273,20.744456041115587,True,True,False,1102
LTCUSD,2023-06-15,1686823200,True,0.0,20.6711224419486,20.671122441947425,20.67112244194938,20.67231136654978,True,True,False,1210
LTCUSD,2023-06-15,1686826800,True,0.0,20.682523267838672,20.6825232678375,20.6825232678375,21.184231887243,True,True,False,656
LTCUSD,2023-06-15,1686830400,True,1.9532478475983788e-12,20.61713971548347,20.6171397154823,20.6171397154823,20.618216865130563,True,True,False,1304
LTCUSD,2023-06-15,1686834000,True,1.9430990244345396e-12,20.510015724345394,20.510015724344225,20.510015724344225,20.510674844217256,True,True,False,1113
LTCUSD,2023-06-15,1686837600,True,0.0,20.376282007742983,20.376282007741825,20.376282007741825,20.378663156766397,True,True,False,1787
LTCUSD,2023-06-15,1686841200,True,0.0,20.442930153321978,20.442930153320816,20.44293015332275,20.44335832795409,True,True,False,1106
LTCUSD,2023-06-15,1686844800,True,0.0,20.348640032557824,20.348640032556666,20.348640032558595,20.350402516708368,True,True,False,1407
LTCUSD,2023-06-15,1686848400,True,0.0,20.37351443123939,20.37351443123823,20.37351443124016,20.373514431239244,True,True,False,796
LTCUSD,2023-06-15,1686852000,True,0.0,20.37351443123939,20.37351443123823,20.37351443124016,20.379385926951542,True,True,False,762
LTCUSD,2023-06-15,1686855600,True,0.0,20.365216210712106,20.365216210710948,20.365216210712877,20.365216210712138,True,True,False,744
LTCUSD,2023-06-15,1686859200,True,0.0,20.37351443123939,20.37351443123823,20.37351443124016,20.689712972553554,True,True,False,1544
LTCUSD,2023-06-15,1686862800,True,0.0,20.111282429442916,20.111282429441776,20.111282429441776,20.1132001767061,True,True,False,1779
LTCUSD,2023-06-15,1686866400,True,0.0,20.119374958084634,20.11937495808349,20.11937495808349,20.120371095917235,True,True,False,1620
LTCUSD,2023-06-15,1686870000,True,0.0,20.173492031470644,20.1734920314695,20.173492031471408,20.17529304706146,True,True,False,1024
LTCUSD,2023-07-15,1689379200,True,-1.0583690532879193,15.875535799333226,15.875535799332326,17.992273905909666,18.653087778210644,True,False,False,2400
LTCUSD,2023-07-15,1689382800,True,-0.5308419152771475,15.92525745832891,15.925257458328005,16.98694128888381,17.70717983240128,True,False,False,1993
LTCUSD,2023-07-15,1689386400,True,-1.0519118497860311,15.778677746804819,15.77867774680392,17.882501446378974,17.57917021080551,True,False,False,2360
LTCUSD,2023-07-15,1689390000,True,-0.527148128623664,15.814443858724301,15.814443858723404,16.86874011597373,17.76218684680707,True,False,False,3119
LTCUSD,2023-07-15,1689393600,True,-1.0520225132823224,15.780337699226761,15.780337699225866,17.88438272579051,17.591704769522348,True,False,False,2632
LTCUSD,2023-07-15,1689397200,True,-1.0555760806450525,15.833641209690187,15.833641209689288,17.944793370980893,17.48446591007178,True,False,False,1883
LTCUSD,2023-07-15,1689400800,True,-0.5285971032873932,15.857913098636217,15.857913098635319,16.915107305211606,17.577190631801322,True,False,False,2380
LTCUSD,2023-07-15,1689404400,True,-1.055019254100428,15.825288811520808,15.825288811519911,17.935327319723765,17.458005791226885,True,False,False,1575
LTCUSD,2023-07-15,1689408000,True,-1.0565798510227815,15.848697765333613,15.848697765332712,17.961857467378273,17.247260216603067,True,False,False,1575
LTCUSD,2023-07-15,1689411600,True,-0.527593120185233,15.827793605571383,15.827793605570484,16.88297984594245,17.51693938869357,True,False,False,1944
LTCUSD,2023-07-15,1689415200,True,-1.0495932826035284,15.743899239044868,15.743899239043975,17.84308580425103,17.50991568393332,True,False,False,2912
LTCUSD,2023-07-15,1689418800,True,-1.0514694285254094,15.772041427895484,15.772041427894589,17.874980284948396,17.36964568887322,True,False,False,2154
LTCUSD,2023-07-15,1689422400,True,-0.5241090146760653,15.723270440251572,15.723270440250678,16.771488469602808,17.30018106716551,True,False,False,1606
LTCUSD,2023-07-15,1689426000,True,-0.5249895002095184,15.749685006299876,15.749685006298979,16.79966400671951,17.38575326295266,True,False,False,2143
LTCUSD,2023-07-15,1689429600,True,-1.5831134564644398,15.831134564643799,15.831134564642898,18.997361477573282,17.44937529345062,True,False,False,1809
LTCUSD,2023-07-15,1689433200,True,-0.5268703898851067,15.806111696522652,15.806111696521755,16.85985247629197,17.48365019329654,True,False,False,1596
LTCUSD,2023-07-15,1689436800,True,-1.057697392774965,15.865460891638904,15.865460891638001,17.980855677190938,17.527451047523996,True,False,False,2680
LTCUSD,2023-07-15,1689440400,True,-1.060051942545727,15.90077913817777,15.900779138176866,18.02088302326832,17.436986976739092,True,False,False,2055
LTCUSD,2023-07-15,1689444000,True,-0.5299417064118127,15.898251192368841,15.898251192367937,16.958134605194573,17.523828182511156,True,False,False,2288
LTCUSD,2023-07-15,1689447600,True,-0.5301664722718114,15.904994168168805,15.904994168167901,16.96532711271303,17.51755496431049,True,False,False,2720
LTCUSD,2023-07-15,1689451200,True,-1.0594903851237913,15.892355776871325,15.892355776870424,18.01133654712102,17.364997593152797,True,False,False,1810
LTCUSD,2023-07-15,1689454800,True,-1.0549079592795934,15.823619389208293,15.823619389207394,17.933435307769578,17.312974099622206,True,False,False,1840
LTCUSD,2023-07-15,1689458400,True,-1.056914865508124,15.853722982613748,15.85372298261285,17.967552713629097,17.469720052929066,True,False,False,1268
LTCUSD,2023-07-15,1689462000,True,-1.0583690532879193,15.875535799333226,15.875535799332326,17.992273905909666,17.388039077876535,True,False,False,1126
LTCUSD,2023-08-15,1692057600,True,-0.6079027355617572,18.2370820668693,18.237082066868265,19.452887537993508,19.23893112834647,True,False,False,293
LTCUSD,2023-08-15,1692061200,True,-0.6092360180328321,18.277080541001585,18.277080541000547,19.495552577069674,19.238072906392055,True,False,False,466
LTCUSD,2023-08-15,1692064800,True,0.0,18.278194114421495,18.278194114420458,18.278194114422188,19.012485441260594,True,True,False,349
LTCUSD,2023-08-15,1692068400,True,-0.6090133982942086,18.270401948842874,18.270401948841837,19.488428745433716,18.947641457415923,True,False,False,397
LTCUSD,2023-08-15,1692072000,True,1.734194241894198e-12,18.304960644334617,18.304960644333576,18.304960644333576,19.311674912402328,True,True,False,521
LTCUSD,2023-08-15,1692075600,True,-0.6104260774014715,18.312782322060798,18.312782322059757,19.533634476864435,19.311374720976826,True,False,False,353
LTCUSD,2023-08-15,1692079200,True,-0.6129704548235201,18.389113644722325,18.38911364472128,19.615054554371806,19.29193018089995,True,False,False,514
LTCUSD,2023-08-15,1692082800,True,-0.6125949522170365,18.37784856652781,18.377848566526765,19.60303847096258,19.00185645925374,True,False,False,460
LTCUSD,2023-08-15,1692086400,True,-0.612519906896417,18.375597206909223,18.375597206908182,19.60063702070276,19.321109637561815,True,False,False,481
LTCUSD,2023-08-15,1692090000,True,-0.6112469437647253,18.337408312958434,18.337408312957393,19.55990220048858,19.15327798434318,True,False,False,451
LTCUSD,2023-08-15,1692093600,True,0.0,18.327326043130306,18.327326043129265,18.327326043131002,19.254385860463625,True,True,False,649
LTCUSD,2023-08-15,1692097200,True,-0.6109481915927972,18.328445747800586,18.328445747799545,19.550342130986877,19.35753501859438,True,False,False,633
LTCUSD,2023-08-15,1692100800,True,0.0,18.3094293561184,18.30942935611736,18.309429356119093,19.209659170058565,True,True,False,434
LTCUSD,2023-08-15,1692104400,True,-0.6114711997059378,18.344135991194815,18.344135991193774,19.567078390607385,19.26491103457164,True,False,False,448
LTCUSD,2023-08-15,1692108000,True,0.0,18.381226640524474,18.381226640523433,18.381226640525174,19.24603142430764,True,True,False,599
LTCUSD,2023-08-15,1692111600,True,1.7388626142798417e-12,18.35423676965433,18.354236769653287,18.354236769653287,19.344308244510316,True,True,False,640
LTCUSD,2023-08-15,1692115200,True,-0.6119202056063717,18.35760616815567,18.35760616815463,19.58144657936737,19.30518167765386,True,False,False,643
LTCUSD,2023-08-15,1692118800,True,-0.6106497313135628,18.319491939423546,18.319491939422505,19.540791402051365,19.14227242874856,True,False,False,1124
LTCUSD,2023-08-15,1692122400,True,-0.6147792942328112,18.443378827001105,18.44337882700006,19.67293741546743,19.420059391220367,True,False,False,1346
LTCUSD,2023-08-15,1692126000,True,-0.6155361319703869,18.466083959128397,18.466083959127353,19.697156223069875,19.414250711916118,True,False,False,1096
LTCUSD,2023-08-15,1692129600,True,-0.614024315364075,18.420729460886648,18.420729460885603,19.648778091613753,18.902698988704454,True,False,False,669
LTCUSD,2023-08-15,1692133200,True,-0.614854894244399,18.445646827348746,18.445646827347698,19.67535661583999,19.1958218983385,True,False,False,767
LTCUSD,2023-08-15,1692136800,True,-0.6306760847622921,18.920282542885975,18.920282542884898,20.181634712411277,21.770658572923733,True,False,False,6972
LTCUSD,2023-08-15,1692140400,True,0.0,18.857250612860643,18.857250612859573,18.85725061286136,20.439335827952014,True,True,False,1686
LTCUSD,2023-09-15,1694736000,True,1.1317077896951505e-12,23.891056781078284,23.89105678107806,23.89105678107806,25.603112639014117,True,True,False,504
LTCUSD,2023-09-15,1694739600,True,-0.7932730445812236,23.798191337458352,23.798191337458125,25.384737426621705,24.829509846432664,True,False,False,555
LTCUSD,2023-09-15,1694743200,True,-0.7964319847077815,23.892959541255173,23.89295954125495,25.485823510671647,25.484148639220876,True,False,False,954
LTCUSD,2023-09-15,1694746800,True,-0.7978299026640263,23.934897079942555,23.93489707994233,25.530556885271512,25.36701617454779,True,False,False,965
LTCUSD,2023-09-15,1694750400,True,-0.795924864692049,23.877745940783186,23.87774594078296,25.469595670168193,25.59293304957827,True,False,False,964
LTCUSD,2023-09-15,1694754000,True,-1.584158415841269,23.762376237623762,23.762376237623535,26.930693069307203,25.72819461632741,True,False,False,2037
LTCUSD,2023-09-15,1694757600,True,-0.7913896802778494,23.741690408357073,23.74169040835685,25.324469768913676,25.445557338324807,True,False,False,831
LTCUSD,2023-09-15,1694761200,True,-0.7910140800499055,23.730422401518748,23.73042240151852,25.31245056161946,25.451875677818236,True,False,False,1514
LTCUSD,2023-09-15,1694764800,True,-0.7895152376433684,23.685457129322597,23.685457129322373,25.264487604610235,25.783234610845298,True,False,False,1034
LTCUSD,2023-09-15,1694768400,True,-1.584158415841269,23.762376237623762,23.762376237623535,26.930693069307203,25.576683084818335,True,False,False,642
LTCUSD,2023-09-15,1694772000,True,-0.7944073720996907,23.832221163012395,23.832221163012168,25.421035907213806,25.530697813788066,True,False,False,923
LTCUSD,2023-09-15,1694775600,True,-0.7892659826354306,23.67797947908445,23.67797947908423,25.25651144435621,25.183906028472023,True,False,False,699
LTCUSD,2023-09-15,1694779200,True,-0.7902639481579663,23.70791844476055,23.707918444760328,25.288446341078505,25.339911345403873,True,False,False,766
LTCUSD,2023-09-15,1694782800,True,-0.7876496534345554,23.62948960302457,23.62948960302435,25.204788909893463,24.81379576229978,True,False,False,827
LTCUSD,2023-09-15,1694786400,True,-1.583155228369827,23.747328425552123,23.747328425551903,26.91363888229268,25.56198344925542,True,False,False,1529
LTCUSD,2023-09-15,1694790000,True,-0.7925186241880738,23.77555872563005,23.77555872562983,25.360595974005975,25.464390781555366,True,False,False,1362
LTCUSD,2023-09-15,1694793600,True,-0.7875255945811077,23.625767837454717,23.625767837454497,25.200819026618948,25.413503006248504,True,False,False,1967
LTCUSD,2023-09-15,1694797200,True,-0.7890168849617417,23.67050654884014,23.67050654883992,25.2485403187634,25.666431887923245,True,False,False,2104
LTCUSD,2023-09-15,1694800800,True,-0.7786949073368109,23.360847220059178,23.36084722005785,24.918237034731472,25.033099298395705,True,False,False,2470
LTCUSD,2023-09-15,1694804400,True,-0.7733952049512239,23.201856148491878,23.20185614849056,24.748646558393006,24.950593590504926,True,False,False,2131
LTCUSD,2023-09-15,1694808000,True,-0.7759155803841484,23.277467411545626,23.277467411544304,24.8292985723148,24.99428321704574,True,False,False,1379
LTCUSD,2023-09-15,1694811600,True,-0.774233508825558,23.22700526478786,23.22700526478654,24.775472282439857,24.77716119355791,True,False,False,861
LTCUSD,2023-09-15,1694815200,True,-0.772678102304074,23.18034306907742,23.180343069076102,24.72569927368425,24.866929704336528,True,False,False,1227
LTCUSD,2023-09-15,1694818800,True,-0.7705347511165747,23.11604253351826,23.116042533516946,24.657112035752284,24.725653552085227,True,False,False,754
LTCUSD,2023-10-15,1697331600,True,0.0,24.348672997321643,24.34867299732141,24.34867299732141,25.17449298712978,True,True,False,194
LTCUSD,2023-10-15,1697335200,True,1.1537594150525293e-12,24.356580336120807,24.35658033612058,24.35658033612058,25.399369306402907,True,True,False,166
LTCUSD,2023-10-15,1697338800,True,0.0,24.427978177672827,24.427978177672596,24.427978177672596,25.096053500858638,True,True,False,296
LTCUSD,2023-10-15,1697342400,True,1.1505833305159102e-12,24.28953121204761,24.28953121204738,24.28953121204738,25.28084254619831,True,True,False,441
LTCUSD,2023-10-15,1697346000,True,-0.8098477486225224,24.295432458697764,24.295432458697537,25.915127955944882,25.690062047746437,True,False,False,287
LTCUSD,2023-10-15,1697349600,True,-0.8124796880070608,24.374390640233994,24.374390640233763,25.99935001624904,25.904973257895833,True,False,False,211
LTCUSD,2023-10-15,1697353200,True,1.1535721012421465e-12,24.352626024839676,24.35262602483945,24.35262602483945,25.406802588944835,True,True,False,239
LTCUSD,2023-10-15,1697356800,True,0.0,24.372410431391664,24.372410431391433,24.372410431391433,25.7137897076677,True,True,False,164
LTCUSD,2023-10-15,1697360400,True,-0.812743823146205,24.382314694408326,24.382314694408095,26.007802340702813,25.367492057913363,True,False,False,131
LTCUSD,2023-10-15,1697364000,True,-0.8131403480233295,24.39421044072207,24.39421044072184,26.02049113677081,25.29870346326845,True,False,False,182
LTCUSD,2023-10-15,1697367600,True,-0.812743823146205,24.382314694408326,24.382314694408095,26.007802340702813,25.658874156782133,True,False,False,254
LTCUSD,2023-10-15,1697371200,True,0.0,24.39619419370578,24.396194193705554,24.396194193706705,25.573449312129142,True,True,False,180
LTCUSD,2023-10-15,1697374800,True,-0.812743823146205,24.382314694408326,24.382314694408095,26.007802340702813,25.366125456304594,True,False,False,119
LTCUSD,2023-10-15,1697378400,True,-0.8138020833325932,24.4140625,24.41406249999977,26.04166666666727,25.718564908150807,True,False,False,232
LTCUSD,2023-10-15,1697382000,True,-0.813934559660663,24.4180367898421,24.418036789841864,26.045905909164347,25.669411504529684,True,False,False,194
LTCUSD,2023-10-15,1697385600,True,1.1573299711053021e-12,24.43195699975568,24.43195699975545,24.43195699975545,25.711606128626038,True,True,False,792
LTCUSD,2023-10-15,1697389200,True,1.1573299711053021e-12,24.43195699975568,24.43195699975545,24.43195699975545,25.905406390341234,True,True,False,418
LTCUSD,2023-10-15,1697392800,True,1.1537594150525293e-12,24.356580336120807,24.35658033612058,24.35658033612058,25.557180690115054,True,True,False,251
LTCUSD,2023-10-15,1697396400,True,-0.8099789405479602,24.29936821642637,24.29936821642614,25.91932609752206,25.17150492253096,True,False,False,306
LTCUSD,2023-10-15,1697400000,True,-0.809716599189547,24.291497975708502,24.291497975708275,25.910931174088518,25.64501319131885,True,False,False,424
LTCUSD,2023-10-15,1697403600,True,-0.808015513897132,24.240465416936004,24.240465416935777,25.856496444732336,25.775101450167885,True,False,False,421
LTCUSD,2023-10-15,1697407200,True,-0.8090614886724034,24.271844660194176,24.271844660193945,25.88996763754105,25.56199764568235,True,False,False,319
LTCUSD,2023-10-15,1697410800,True,-1.6127731634542393,24.1915974518184,24.19159745181817,27.417143778727798,25.913750205488103,True,False,False,770
LTCUSD,2023-11-15,1700006400,True,-2.1318931210916103,21.31893121091529,21.318931210914084,25.582717453099324,24.023829252118507,True,False,False,1661
LTCUSD,2023-11-15,1700010000,True,-1.4155283459558516,21.232925189326913,21.232925189325705,24.06398188123741,23.926352187919857,True,False,False,1826
LTCUSD,2023-11-15,1700013600,True,-1.4111338460460192,21.167007690679455,21.167007690678254,23.98927538277029,23.906408395883908,True,False,False,3336
LTCUSD,2023-11-15,1700017200,True,-1.415328002265249,21.22992003396787,21.229920033966664,24.060576038497164,24.113952294675194,True,False,False,3364
LTCUSD,2023-11-15,1700020800,True,-0.6997900629804692,20.99370188943317,20.993701889431975,22.393282015394906,23.86941322096521,True,False,False,3063
LTCUSD,2023-11-15,1700024400,True,-1.4034102869961274,21.051154304961056,21.05115430495986,23.857974878956103,23.84027700917466,True,False,False,2579
LTCUSD,2023-11-15,1700028000,True,-1.398894873049018,20.98342309575435,20.983423095753164,23.781212841853186,23.590897781752087,True,False,False,2042
LTCUSD,2023-11-15,1700031600,True,-1.3977217136055498,20.96582570410232,20.965825704101125,23.761269131316197,23.34361731945311,True,False,False,2083
LTCUSD,2023-11-15,1700035200,True,-2.0996640537514795,20.996640537513997,20.996640537512807,25.19596864501775,23.581649629884097,True,False,False,2068
LTCUSD,2023-11-15,1700038800,True,-2.09292591042285,20.929259104227707,20.92925910422652,25.1151109250742,23.571457062043585,True,False,False,2997
LTCUSD,2023-11-15,1700042400,True,-1.3911108019741125,20.86666202963066,20.866662029629477,23.648883633581654,23.337059490137687,True,False,False,2638
LTCUSD,2023-11-15,1700046000,True,-0.6989097008660125,20.96729102599944,20.967291025998254,22.36511042773425,23.433019726999742,True,False,False,2840
LTCUSD,2023-11-15,1700049600,True,-1.3940196556758773,20.910294835157174,20.910294835155984,23.698334146509723,23.19125723328811,True,False,False,2182
LTCUSD,2023-11-15,1700053200,True,-1.3845621322244246,20.768431983385256,20.768431983384072,23.53755624783686,23.36670504736139,True,False,False,3429
LTCUSD,2023-11-15,1700056800,True,-1.3845621322244246,20.768431983385256,20.768431983384072,23.53755624783686,23.444804988207284,True,False,False,4348
LTCUSD,2023-11-15,1700060400,True,-1.385521302390733,20.78281953585036,20.782819535849182,23.553862140630642,23.680961196090998,True,False,False,4175
LTCUSD,2023-11-15,1700064000,True,-1.3901438798922798,20.85215819837353,20.852158198372347,23.632445958156907,23.473964147424862,True,False,False,3602
LTCUSD,2023-11-15,1700067600,True,-0.6921373200436673,20.764119601328904,20.764119601327724,22.148394241417027,23.197249427847076,True,False,False,3730
LTCUSD,2023-11-15,1700071200,True,-0.693288962839081,20.798668885191347,20.798668885190164,22.185246810870296,23.179915596764907,True,False,False,3801
LTCUSD,2023-11-15,1700074800,True,-0.6933851060872906,20.801553182637637,20.801553182636457,22.188323394813008,23.235956211282435,True,False,False,3891
LTCUSD,2023-11-15,1700078400,True,-1.3624906328775956,20.437359493153483,20.43735949315232,23.16234075890751,23.557493009886723,True,False,False,7676
LTCUSD,2023-11-15,1700082000,True,-1.3650945327951547,20.476417991945944,20.47641799194478,23.206607057538967,23.184702557485718,True,False,False,5620
LTCUSD,2023-11-15,1700085600,True,-1.3600816048969895,20.401224073444403,20.401224073443245,23.121387283237226,22.871678772100047,True,False,False,4371
LTCUSD,2023-11-15,1700089200,True,-1.3584188005168938,20.376282007742983,20.376282007741825,23.093119608775616,22.518828227943775,True,False,False,3677
DOTUSD,2022-03-15,1647302400,False,-13.22903485563283,1.1503508570113883,11.503508570113638,28.75877142528512,27.7215692186538,False,False,False,1636
DOTUSD,2022-03-15,1647306000,True,-15.263932940643048,2.3221567739012237,23.221567739010432,32.85002265518794,28.70017195030247,False,False,False,3038
DOTUSD,2022-03-15,1647309600,False,-12.112143199976268,2.315141590671674,23.151415906716945,27.668765351931473,27.712879470187087,False,False,False,2439
DOTUSD,2022-03-15,1647313200,True,-12.919605077576007,2.369534555712271,23.6953455571216,28.208744710860767,28.944429275755148,False,False,False,3172
DOTUSD,2022-03-15,1647316800,True,-14.302092290054729,2.3502436228145602,23.502436228145815,30.954428202924646,29.56668546422337,False,False,False,3249
DOTUSD,2022-03-15,1647320400,True,-12.766925417270436,2.331598851261054,23.315988512610748,27.86544968580457,28.26700257339675,False,False,False,2309
DOTUSD,2022-03-15,1647324000,True,-13.752512202124176,2.354292276772897,23.542922767729184,29.85931668102188,28.268231881971964,False,False,False,2412
DOTUSD,2022-03-15,1647327600,False,-16.611200367226193,2.352536148726188,23.52536148726209,27.54188661923446,28.01097351973713,False,False,False,1982
DOTUSD,2022-03-15,1647331200,True,-13.79449372192305,2.361479092270476,23.614790922702923,29.950466536115165,27.357293122462373,False,False,False,2383
DOTUSD,2022-03-15,1647334800,True,-12.335029759336365,2.357744616003911,23.57744616003932,27.027804134679318,27.40702161179523,False,False,False,1744
DOTUSD,2022-03-15,1647338400,False,-10.783316378434051,2.267112338322918,22.671123383227975,24.99636680714969,28.289173199485816,False,False,False,3542
DOTUSD,2022-03-15,1647342000,True,-12.893228862121463,2.2804350368377966,22.804350368376753,28.06689276108164,27.775307034845,False,False,False,2844
DOTUSD,2022-03-15,1647345600,True,-13.393375944219262,2.2661243463102845,22.66124346310164,29.052876234747654,27.10279649059577,False,False,False,2281
DOTUSD,2022-03-15,1647349200,True,-12.751561415683625,2.255378209576683,22.55378209576563,27.758501040942782,27.549172020474902,False,False,False,1680
DOTUSD,2022-03-15,1647352800,True,-13.050146126912795,2.2570097514395675,22.57009751439447,28.35730200526606,28.103005329256863,False,False,False,1682
DOTUSD,2022-03-15,1647356400,True,-12.373744640443833,2.302092026128744,23.020920261288996,27.049581307013085,28.49855337319328,False,False,False,2122
DOTUSD,2022-03-15,1647360000,True,-13.062997827660514,2.259232440260681,22.592324402605605,28.385228095582615,28.837740468316923,False,False,False,2893
DOTUSD,2022-03-15,1647363600,False,-11.823595408647659,2.2438940191594026,22.438940191592835,28.19251459969476,29.145949202996217,False,False,False,3239
DOTUSD,2022-03-15,1647367200,True,-13.410345123381132,2.3446658851113718,23.4466588511119,29.165356131874265,28.577209904637495,False,False,False,2827
DOTUSD,2022-03-15,1647370800,False,-7.335863592588492,2.322551407692744,23.225514076927645,27.19084574859699,29.04707876371975,False,False,False,3262
DOTUSD,2022-03-15,1647374400,False,-7.558515271572031,2.304082722189441,23.040827221892616,24.164770013205914,27.928674918279082,False,False,False,2474
DOTUSD,2022-03-15,1647378000,False,-10.285140898067208,2.285586866237423,22.855868662374434,29.54539119770373,27.41347390332451,False,False,False,2776
DOTUSD,2022-03-15,1647381600,False,-11.943539630834918,2.2829143350315992,22.829143350316198,28.3972270942946,28.411181761557255,False,False,False,3500
DOTUSD,2022-03-15,1647385200,True,-12.573860931419388,2.296339858299028,22.963398582988496,27.44406172113643,28.05855914882691,False,False,False,2894
DOTUSD,2022-04-15,1649980800,True,-14.259751153360778,1.1184118551656648,11.18411855165641,29.637914161888588,28.01702105699487,False,False,False,1122
DOTUSD,2022-04-15,1649984400,True,-14.572102425874968,2.3023360287511236,23.02336028750944,31.446540880501676,29.680201066525242,False,False,False,1484
DOTUSD,2022-04-15,1649988000,True,-15.59709821428604,2.287946428571429,22.87946428571449,33.48214285714214,29.377091335976278,False,False,False,1352
DOTUSD,2022-04-15,1649991600,True,-13.137622902600556,2.296983108770554,22.969831087703756,28.572228913974275,30.226783437049903,False,False,False,2166
DOTUSD,2022-04-15,1649995200,True,-13.054975643700413,2.282533054975644,22.825330549756643,28.39248434237906,29.016983943065338,False,False,False,1357
DOTUSD,2022-04-15,1649998800,True,-12.728586515479918,2.3345005836251462,23.34500583625037,27.791673614583495,28.943334933239417,False,False,False,1515
DOTUSD,2022-04-15,1650002400,True,-13.398361509164088,2.2467600076718637,22.467600076718835,29.04348302600064,28.869523788062494,False,False,False,1922
DOTUSD,2022-04-15,1650006000,True,-13.446860103055842,2.314623460362074,23.14623460361965,29.20834366647424,30.54665637180549,False,False,False,2192
DOTUSD,2022-04-15,1650009600,True,-13.110879006101635,2.363806277829696,23.638062778296554,28.585564290033314,29.128037143653128,False,False,False,1808
DOTUSD,2022-04-15,1650013200,True,-12.91946772899585,2.3791739286801117,23.79173928680071,28.218109386672165,29.187511089006772,False,False,False,1912
DOTUSD,2022-04-15,1650016800,True,-15.661556246731122,2.257025680548292,22.570256805483123,33.58013817401114,29.19668372539916,False,False,False,2265
DOTUSD,2022-04-15,1650020400,True,-13.789863483115278,2.2660697507323277,22.660697507323476,29.845796716963495,29.910106336090738,False,False,False,2061
DOTUSD,2022-04-15,1650024000,True,-12.408658486144134,2.205983730869985,22.05983730869938,27.02330070315703,28.74443472086447,False,False,False,1626
DOTUSD,2022-04-15,1650027600,True,-13.672731258218393,2.2468215694870675,22.468215694870878,29.5922840859264,29.333285455000322,False,False,False,1813
DOTUSD,2022-04-15,1650031200,True,-14.181479043231251,2.3590081193767825,23.59008119376742,30.721966205837685,28.64195043417987,False,False,False,1671
DOTUSD,2022-04-15,1650034800,True,-11.60669872326358,2.210799756812027,22.107997568119796,25.42419720333796,27.607823042109864,False,False,False,1784
DOTUSD,2022-04-15,1650038400,True,-13.342618384400698,2.284122562674095,22.841225626739174,28.969359331476102,28.55869517058477,False,False,False,2429
DOTUSD,2022-04-15,1650042000,True,-15.30416689481303,2.2449761813502715,22.449761813502917,32.853309970978884,30.359801101491414,False,False,False,2576
DOTUSD,2022-04-15,1650045600,True,-15.094339622641561,2.3137308910618373,23.137308910619247,32.50241013634348,31.024807831133277,False,False,False,2513
DOTUSD,2022-04-15,1650049200,True,-13.42853219827084,2.2518193052313604,22.518193052311855,29.108883701771695,29.613602886419482,False,False,False,2065
DOTUSD,2022-04-15,1650052800,True,-12.636969329883586,2.257584934750289,22.575849347501137,27.53152359451611,29.73920321569606,False,False,False,1963
DOTUSD,2022-04-15,1650056400,True,-13.469219115823211,2.25864206032227,22.5864206032229,29.1970802919693,28.551477123612973,False,False,False,1374
DOTUSD,2022-04-15,1650060000,True,-13.733692959762465,2.2568393240491,22.5683932404912,29.72422524357268,28.38411126386323,False,False,False,1273
DOTUSD,2022-04-15,1650063600,True,-14.20283509386552,2.2439932132888183,22.439932132886444,30.64966340101852,28.74598567986007,False,False,False,1383
DOTUSD,2022-05-15,1652576400,True,-23.21428571428577,2.35191637630662,23.519163763065546,48.78048780487732,38.43000320319069,False,False,False,1938
DOTUSD,2022-05-15,1652580000,True,-7.970950314410009,1.7713222920910459,17.71322292091008,17.71322292091008,38.38498635545433,False,False,False,2304
DOTUSD,2022-05-15,1652583600,True,-17.405275137234558,1.785156424331682,17.85156424331644,36.595706698799816,37.52643716838877,False,False,False,2385
DOTUSD,2022-05-15,1652587200,True,-17.52730214372454,1.7976720147409104,17.97672014740872,36.852276302189,37.481981765731405,False,False,False,1813
DOTUSD,2022-05-15,1652590800,True,-22.17751154602273,2.286341396497325,22.863413964973574,46.64136448854557,37.31628167063851,False,False,False,1799
DOTUSD,2022-05-15,1652594400,True,-17.60160928999181,2.285923284414575,22.859232844146074,37.489141864399365,35.15721294477863,False,False,False,1578
DOTUSD,2022-05-15,1652598000,True,-17.389330306468107,2.4517593643586832,24.51759364358615,37.23041997729725,36.72649041624008,False,False,False,1868
DOTUSD,2022-05-15,1652601600,True,-18.373520775869594,2.40234896343091,24.023489634308433,39.14939051516924,36.55146413389422,False,False,False,1853
DOTUSD,2022-05-15,1652605200,True,-19.891338511966136,2.4246778321584124,24.246778321583445,42.20735485609141,36.537636975524755,False,False,False,1850
DOTUSD,2022-05-15,1652608800,True,-15.047193470430553,1.8239022388399981,18.23902238839959,31.918289179700096,36.888139928037134,False,False,False,1801
DOTUSD,2022-05-15,1652612400,True,-18.412756430757273,2.4672179832777448,24.672179832776756,39.292730844793034,36.84367175710628,False,False,False,1832
DOTUSD,2022-05-15,1652616000,True,-17.47378931602555,2.2693232877955793,22.693232877956113,37.216901919847835,35.01005816118493,False,False,False,1663
DOTUSD,2022-05-15,1652619600,True,-17.67245255868209,2.4282759240938936,24.282759240938255,37.7731810414604,35.65044480155797,False,False,False,1710
DOTUSD,2022-05-15,1652623200,True,-18.45892553857141,2.4135156878519712,24.135156878519037,39.33136676499552,36.00740286254882,False,False,False,1967
DOTUSD,2022-05-15,1652626800,True,-17.78119627182935,2.443217808343137,24.432178083430685,38.00561035200418,37.68193998312566,False,False,False,2086
DOTUSD,2022-05-15,1652630400,True,-17.09911066287629,2.475474465939305,24.75474465939236,36.67369579169262,37.143628999330375,False,False,False,1879
DOTUSD,2022-05-15,1652634000,True,-17.38525730180708,2.3180343069077423,23.180343069076105,37.08854891052309,36.41646816602355,False,False,False,2012
DOTUSD,2022-05-15,1652637600,True,-17.861285084666708,2.3196474135931338,23.19647413593002,38.04221758292774,36.38130924056542,False,False,False,1866
DOTUSD,2022-05-15,1652641200,True,-17.37913600866659,2.2570306504762336,22.570306504761053,37.015302667810566,36.31452091963305,False,False,False,1963
DOTUSD,2022-05-15,1652644800,True,-16.505251670986524,2.4553266948574546,24.55326694857386,35.46583003682963,35.93695327137159,False,False,False,1652
DOTUSD,2022-05-15,1652648400,True,-15.888300433317575,2.363548824791001,23.635488247909347,34.14014969142531,36.3127379095587,False,False,False,1914
DOTUSD,2022-05-15,1652652000,True,-7.871949619522733,1.7493221376716521,17.49322137671615,17.49322137671615,34.5919166401213,False,False,False,1644
DOTUSD,2022-05-15,1652655600,True,-16.443098225876355,1.7308524448290783,17.308524448290413,34.617048896580826,34.746217678317606,False,False,False,1792
DOTUSD,2022-06-15,1655251200,True,-17.599436818020823,2.815909890883492,28.159098908834316,38.01478352692608,34.70150188829142,False,False,False,1093
DOTUSD,2022-06-15,1655254800,True,-15.24179021754208,2.7712345850076208,27.712345850075614,33.25481502009148,35.29626880375644,False,False,False,1319
DOTUSD,2022-06-15,1655258400,True,-17.648655986965807,2.7151778441487915,27.15177844148734,38.012489818082514,36.32212916800943,False,False,False,1660
DOTUSD,2022-06-15,1655262000,True,-16.194331983805082,2.6990553306342777,26.990553306342203,35.08771929824535,36.419891584443945,False,False,False,1540
DOTUSD,2022-06-15,1655265600,True,-19.587359623922275,2.6116479498563594,26.116479498563038,41.786367197701786,35.76916301181442,False,False,False,1575
DOTUSD,2022-06-15,1655269200,True,-18.119589289308937,2.6843835984162134,26.84383598416156,38.92356217703499,37.30096932313674,False,False,False,1423
DOTUSD,2022-06-15,1655272800,True,-17.54859611230968,2.699784017278618,26.997840172785605,37.79697624190008,35.63593515079741,False,False,False,1432
DOTUSD,2022-06-15,1655276400,True,-17.825311942958866,2.742355683532154,27.423556835320955,38.392979569450794,35.95500941429194,False,False,False,1786
DOTUSD,2022-06-15,1655280000,True,-16.02229188436063,2.786485545106235,27.864855451061754,34.83106931382843,36.412779175360455,False,False,False,1846
DOTUSD,2022-06-15,1655283600,True,-15.139003578310104,2.7525461051472613,27.525461051472025,33.03055326176839,37.67203190702875,False,False,False,1762
DOTUSD,2022-06-15,1655287200,True,-15.545505935556982,2.8264556246466928,28.264556246466324,33.91746749576034,36.731782010847745,False,False,False,1570
DOTUSD,2022-06-15,1655290800,True,-21.031256798897612,2.9008630067445065,29.00863006744445,44.96337660454069,41.304079293876995,False,False,False,2144
DOTUSD,2022-06-15,1655294400,True,-15.81595974119356,2.875629043853343,28.756290438532815,34.50754852624015,38.45657248684509,False,False,False,1987
DOTUSD,2022-06-15,1655298000,True,-17.664099484207295,2.8262559174733277,28.262559174732672,38.15445488589011,38.79564409916538,False,False,False,2041
DOTUSD,2022-06-15,1655301600,True,-13.915947676036442,2.7831895352073475,27.831895352072884,30.615084887281157,38.06743004868555,False,False,False,1936
DOTUSD,2022-06-15,1655305200,True,-16.03569685560879,2.7888168444537405,27.88816844453681,34.86021055567225,37.34784231714014,False,False,False,1925
DOTUSD,2022-06-15,1655308800,True,-17.040419875944774,2.726467180151319,27.26467180151261,36.80730693204299,35.91936437567251,False,False,False,2073
DOTUSD,2022-06-15,1655312400,True,-19.550342130986383,2.79290601871247,27.929060187124108,41.8935902806874,36.9386525963445,False,False,False,2132
DOTUSD,2022-06-15,1655316000,True,-15.056118258964185,2.7374760470845882,27.3747604708453,32.84971256501509,35.33956511242587,False,False,False,1912
DOTUSD,2022-06-15,1655319600,True,-17.681589928565373,2.8290543885706203,28.2905438857056,38.19223424570357,35.537762329385366,False,False,False,1903
DOTUSD,2022-06-15,1655323200,True,-25.71408714990551,2.7799013135033706,27.799013135033114,54.20807561331655,36.45490043644695,False,False,False,2260
DOTUSD,2022-06-15,1655326800,True,-21.430484864718895,2.678810608090008,26.78810608089951,45.53978033752988,43.22538111359016,False,False,False,3509
DOTUSD,2022-06-15,1655330400,True,-22.22081137705551,2.5395213002349055,25.395213002348513,46.98114405434565,44.216959151200506,False,False,False,2693
DOTUSD,2022-06-15,1655334000,True,-14.914243102163132,2.485707183693761,24.85707183693708,32.314193388018644,40.22914926932437,False,False,False,2275
DOTUSD,2022-07-15,1657843200,True,-14.983518130056616,2.9967036260113873,29.967036260113233,32.96373988612562,31.753806969146613,False,False,False,403
DOTUSD,2022-07-15,1657846800,True,-13.48314606741624,2.99625468164794,29.96254681647876,29.962546816480092,32.08351611407337,False,False,False,428
DOTUSD,2022-07-15,1657850400,True,-14.878738282993284,2.9757476565987204,29.75747656598657,32.73322422258628,31.56300360440282,False,False,False,575
DOTUSD,2022-07-15,1657854000,True,-14.999250037497804,2.999850007499625,29.998500074995608,32.99835008249624,34.62593426948144,False,False,False,986
DOTUSD,2022-07-15,1657857600,True,-20.68252326783902,2.954646181119811,29.546461811197478,44.31969271679753,34.098650835187925,False,False,False,755
DOTUSD,2022-07-15,1657861200,True,-15.663459386886716,2.983516073692847,29.835160736927836,34.31043484746728,35.80118837778896,False,False,False,902
DOTUSD,2022-07-15,1657864800,True,-13.400833829659698,2.9779630732578917,29.779630732578283,29.779630732579605,33.39600506849916,False,False,False,550
DOTUSD,2022-07-15,1657868400,True,-16.403220996121732,2.9824038174768863,29.82403817476823,35.788845809722666,32.571150908738296,False,False,False,661
DOTUSD,2022-07-15,1657872000,True,-14.100185528757052,2.968460111317254,29.684601113171908,31.16883116883103,32.186121993879965,False,False,False,551
DOTUSD,2022-07-15,1657875600,True,-15.570549417957306,2.9658189367539114,29.65818936753848,34.10691777266951,34.66690203871889,False,False,False,643
DOTUSD,2022-07-15,1657879200,True,-17.693895606015285,2.9489826010026543,29.48982601002591,38.336773813034206,36.275612489618666,False,False,False,949
DOTUSD,2022-07-15,1657882800,True,-16.17647058823547,2.941176470588235,29.411764705881723,35.29411764705885,34.95871246385545,False,False,False,845
DOTUSD,2022-07-15,1657886400,True,-14.528548597994751,2.9057097195990123,29.057097195989503,31.962806915589482,32.47517064690231,False,False,False,819
DOTUSD,2022-07-15,1657890000,True,-14.463407578823979,2.8926815157651147,28.92681515765053,31.819496673415323,30.94078526049379,False,False,False,695
DOTUSD,2022-07-15,1657893600,True,-16.08657502193512,2.924831822170226,29.248318221701634,35.09798186604274,33.024766846384935,False,False,False,984
DOTUSD,2022-07-15,1657897200,True,-15.900549291701697,2.891008962127783,28.910089621277212,34.692107545533425,35.29399068498567,False,False,False,1351
DOTUSD,2022-07-15,1657900800,True,-16.00931451026069,2.9107844564110024,29.107844564109403,34.92941347693206,32.79264378430891,False,False,False,1306
DOTUSD,2022-07-15,1657904400,True,-13.783097569822363,2.901704751541531,29.017047515414685,30.467899891187226,32.23980631759964,False,False,False,1210
DOTUSD,2022-07-15,1657908000,True,-13.188745603750665,2.9308323563892147,29.30832356389152,29.30832356389152,32.22693072331847,False,False,False,901
DOTUSD,2022-07-15,1657911600,True,-14.71886959081511,2.943773918163085,29.43773918163022,32.38151309979298,32.862383197902496,False,False,False,1029
DOTUSD,2022-07-15,1657915200,True,-14.021105453470854,2.951811674415173,29.518116744151097,30.99402258135918,32.29662317235589,False,False,False,891
DOTUSD,2022-07-15,1657918800,True,-15.937409446536124,2.8977108084613157,28.977108084612542,34.772529701535824,31.951537961108176,False,False,False,1025
DOTUSD,2022-07-15,1657922400,True,-16.564638098667402,2.8808066258552394,28.80806625855178,36.010082823191006,31.391557717612038,False,False,False,1084
DOTUSD,2022-07-15,1657926000,True,-15.365478890758045,2.9267578839540502,29.267578839539876,33.657715665471116,32.68383017034058,False,False,False,1175
DOTUSD,2022-08-15,1660521600,True,-12.249443207128072,2.2271714922048997,22.271714922048524,26.726057906459808,28.218321228145005,False,False,False,544
DOTUSD,2022-08-15,1660525200,True,-13.878825037624637,2.3410066328521264,23.41006632852017,30.098656708097923,29.843230632798512,False,False,False,1193
DOTUSD,2022-08-15,1660528800,True,-10.60919090959959,2.233513875704953,22.335138757051038,23.45189569490289,29.888394810639976,False,False,False,846
DOTUSD,2022-08-15,1660532400,True,-13.740963522985686,2.3177528833949563,23.177528833948475,29.79967992936289,30.247047323409493,False,False,False,1311
DOTUSD,2022-08-15,1660536000,True,-14.19644814733613,2.3021267265950454,23.021267265949376,30.695023021265833,30.110418188150764,False,False,False,1055
DOTUSD,2022-08-15,1660539600,True,-15.008068854224033,2.2592791823561056,22.59279182356,32.27541689080273,28.904653624964325,False,False,False,1137
DOTUSD,2022-08-15,1660543200,True,-14.51151750553016,2.265738792684901,22.657387926847946,31.288773803743773,30.982464475586333,False,False,False,1651
DOTUSD,2022-08-15,1660546800,True,-12.454451514658984,2.2842225485397294,22.842225485396224,27.193125577854303,29.9784201976228,False,False,False,1092
DOTUSD,2022-08-15,1660550400,True,-13.06439269705977,2.295834699901607,22.958346999014996,28.42462009401968,29.825165876246952,False,False,False,1191
DOTUSD,2022-08-15,1660554000,True,-14.126688139233842,2.260270102277222,22.602701022771736,30.513646380741644,31.4621399362363,False,False,False,1897
DOTUSD,2022-08-15,1660557600,True,-14.850354123831021,2.284669865204478,22.84669865204429,31.985378112863224,30.277213272156384,False,False,False,1436
DOTUSD,2022-08-15,1660561200,True,-14.155483834438668,2.2648774135099936,22.648774135101466,30.57584508238406,30.055067968891738,False,False,False,1343
DOTUSD,2022-08-15,1660564800,True,-12.974558582952383,2.2564449709482717,22.564449709482233,28.205562136853793,29.280917378749017,False,False,False,1204
DOTUSD,2022-08-15,1660568400,True,-13.46478873239501,2.366197183098592,23.66197183098481,29.2957746478871,29.944250344560555,False,False,False,1035
DOTUSD,2022-08-15,1660572000,True,-13.650324195200152,2.275054032533273,22.750540325332242,29.575702422932316,29.852440421923447,False,False,False,1107
DOTUSD,2022-08-15,1660575600,True,-13.140604467805339,2.28532251614009,22.853225161400417,28.566531451749505,30.25501822488297,False,False,False,1429
DOTUSD,2022-08-15,1660579200,True,-15.732104730869898,2.247443532981234,22.474435329811858,33.71165299471779,30.168730455960578,False,False,False,1590
DOTUSD,2022-08-15,1660582800,True,-13.54401805869126,2.2573363431151243,22.573363431150764,29.345372460496392,29.926875123685246,False,False,False,1560
DOTUSD,2022-08-15,1660586400,True,-17.315774726813697,2.3536004483048476,23.536004483047375,36.98514990193273,29.52516440125062,False,False,False,1149
DOTUSD,2022-08-15,1660590000,True,-10.055865921788092,2.23463687150838,22.346368715085312,22.346368715085312,29.42581698468187,False,False,False,1084
DOTUSD,2022-08-15,1660593600,True,-14.07336234669011,2.373820154863506,23.738201548633945,30.52054484824422,30.069774085786744,False,False,False,1115
DOTUSD,2022-08-15,1660597200,True,-12.99438234125854,2.3832491630255923,22.697611076433724,28.372013845543165,30.434578130305958,False,False,False,747
DOTUSD,2022-08-15,1660600800,True,-13.089750156507707,2.276478288088328,22.76478288088279,28.455978601104498,29.91334718706788,False,False,False,988
DOTUSD,2022-08-15,1660604400,True,-13.637913399250433,2.2729855665416525,22.72985566541604,29.548812365041258,29.396386038772768,False,False,False,614
DOTUSD,2022-09-15,1663200000,True,-12.489592006660356,2.775464890369137,27.75464890369078,27.75464890369201,29.74755751015981,False,False,False,487
DOTUSD,2022-09-15,1663203600,True,-14.537902388368998,2.769124264451367,27.691242644513082,31.84492904119029,30.72865001394437,False,False,False,810
DOTUSD,2022-09-15,1663207200,True,-13.87539891771859,2.775079783543777,27.75079783543718,30.52587761898188,30.222170782302403,False,False,False,539
DOTUSD,2022-09-15,1663210800,True,-12.642225031604793,2.8093833403567916,28.09383340356732,28.09383340356732,31.13349347723795,False,False,False,977
DOTUSD,2022-09-15,1663214400,True,-14.042971492767569,2.8085942985535737,28.085942985535137,30.894537284088404,31.57617989496665,False,False,False,1030
DOTUSD,2022-09-15,1663218000,True,-12.749681257967776,2.833262501770789,28.332625017707286,28.332625017707286,31.488645196147708,False,False,False,1114
DOTUSD,2022-09-15,1663221600,True,-14.198494959533987,2.839698991906858,28.396989919067973,31.236688910975776,32.32164653055774,False,False,False,1409
DOTUSD,2022-09-15,1663225200,True,-12.778645463580084,2.839698991906858,28.396989919067973,28.396989919067973,31.455971303182682,False,False,False,1076
DOTUSD,2022-09-15,1663228800,True,-13.432308236124674,2.8278543655001767,28.278543655001165,29.692470837751724,31.33431901577569,False,False,False,812
DOTUSD,2022-09-15,1663232400,True,-14.77520579750988,2.814324913811299,28.14324913811239,32.36473650883075,34.83643810319421,False,False,False,2035
DOTUSD,2022-09-15,1663236000,True,-14.635166213672742,2.787650707366367,27.876507073663074,32.057983134712785,31.04842844862628,False,False,False,1429
DOTUSD,2022-09-15,1663239600,True,-13.375571981696677,2.815909890883492,28.159098908834316,29.567053854277784,30.336608751530438,False,False,False,1034
DOTUSD,2022-09-15,1663243200,True,-12.681414682259339,2.818092151613358,28.180921516132976,28.18092151613423,29.706504634624515,False,False,False,672
DOTUSD,2022-09-15,1663246800,True,-12.737050665156318,2.8304557033682425,28.30455703368182,28.30455703368182,30.053308880741707,False,False,False,629
DOTUSD,2022-09-15,1663250400,True,-12.679628064242678,2.8176951253874334,28.17695125387373,28.17695125387373,29.482254410069125,False,False,False,620
DOTUSD,2022-09-15,1663254000,True,-16.161900077295822,2.810765230834095,28.10765230834035,35.13456538542668,30.54845554676405,False,False,False,1069
DOTUSD,2022-09-15,1663257600,True,-12.642225031604793,2.8093833403567916,28.09383340356732,28.09383340356732,30.735525018161688,False,False,False,1183
DOTUSD,2022-09-15,1663261200,True,-13.623001362298956,2.868000286800029,28.68000286799968,30.11400301140017,32.763376883185266,False,False,False,1574
DOTUSD,2022-09-15,1663264800,True,-15.104653671868677,2.8770768898798824,28.77076889879821,33.086384233619476,33.37104968892324,False,False,False,1899
DOTUSD,2022-09-15,1663268400,True,-12.833309567944465,2.8518465706544993,28.51846570654438,28.51846570654438,31.226037086746246,False,False,False,975
DOTUSD,2022-09-15,1663272000,True,-13.560773677823391,2.854899721647277,28.548997216472166,29.976447077296278,31.108777308351147,False,False,False,688
DOTUSD,2022-09-15,1663275600,True,-12.92917684240819,2.8731504094239333,28.73150409423872,28.731504094239995,31.60831981953163,False,False,False,667
DOTUSD,2022-09-15,1663279200,False,12.218788183713963,2.875008984403076,28.75008984403015,30.187594336232166,30.44935625754665,False,False,False,96
DOTUSD,2022-10-15,1665792000,True,-14.952649941849897,3.322811098189068,33.22811098188997,33.22811098188997,33.22811098189064,False,False,False,256
DOTUSD,2022-10-15,1665795600,True,-14.920424403182116,3.315649867374005,33.15649867373935,33.15649867373935,33.156498673740195,False,False,False,383
DOTUSD,2022-10-15,1665799200,True,-14.890800794176606,3.3090668431502315,33.090668431501605,33.090668431503076,33.09320257250451,False,False,False,247
DOTUSD,2022-10-15,1665802800,True,-14.863748967794308,3.3030553261767137,33.03055326176643,33.0305532617679,33.040095094748715,False,False,False,247
DOTUSD,2022-10-15,1665806400,True,-14.880952380951475,3.3068783068783065,33.068783068782366,33.068783068782366,33.07523404691542,False,False,False,200
DOTUSD,2022-10-15,1665810000,True,-14.861294583882849,3.3025099075297226,33.025099075296524,33.025099075296524,33.02716149062482,False,False,False,217
DOTUSD,2022-10-15,1665813600,True,-14.83434976100124,3.2965221691115874,32.96522169111517,32.96522169111517,32.96522169111547,False,False,False,147
DOTUSD,2022-10-15,1665817200,True,-14.839241549875439,3.2976092333058533,32.97609233305783,32.9760923330593,32.97683625131599,False,False,False,138
DOTUSD,2022-10-15,1665820800,True,-14.788038120276603,3.286230693394676,32.862306933946066,32.86230693394752,32.86994068934985,False,False,False,194
DOTUSD,2022-10-15,1665824400,True,-14.819693726330218,3.2932652725177016,32.93265272517631,32.93265272517777,32.945926411934906,False,False,False,174
DOTUSD,2022-10-15,1665828000,True,-14.80750246791618,3.290556103981573,32.90556103981503,32.90556103981649,32.907599760530545,False,False,False,193
DOTUSD,2022-10-15,1665831600,True,-14.90559788009331,3.3123550844650547,33.12355084464984,33.12355084465131,33.23375618773721,False,False,False,431
DOTUSD,2022-10-15,1665835200,True,-14.898195662970272,3.3107101473266014,33.10710147326531,33.10710147326678,33.12927133137641,False,False,False,302
DOTUSD,2022-10-15,1665860400,True,-14.836795252224618,3.297065611605671,32.970656116056006,32.970656116056006,33.012008838777916,False,False,False,318
DOTUSD,2022-10-15,1665864000,True,-14.900662251654724,3.3112582781456954,33.11258278145625,33.11258278145625,33.13582333482475,False,False,False,273
DOTUSD,2022-10-15,1665867600,True,-14.83434976100124,3.2965221691115874,32.96522169111517,32.96522169111517,32.99689361789153,False,False,False,221
DOTUSD,2022-10-15,1665871200,True,-14.80993911469385,3.291097581043278,32.91097581043208,32.91097581043208,32.99207023272348,False,False,False,256
DOTUSD,2022-10-15,1665874800,True,-14.785608674222857,3.285690816494168,32.85690816494098,32.85690816494244,32.92256436613996,False,False,False,174
DOTUSD,2022-11-15,1668470400,True,-15.482539136418957,3.440564252537416,34.40564252537342,34.40564252537495,34.969655325630924,False,False,False,440
DOTUSD,2022-11-15,1668474000,True,-15.345268542198555,3.4100596760443307,34.10059676044258,34.10059676044258,35.86918789572323,False,False,False,1052
DOTUSD,2022-11-15,1668477600,True,-15.469233413543234,3.4376074252320388,34.376074252319654,34.37607425232118,37.896466944955414,False,False,False,1445
DOTUSD,2022-11-15,1668481200,True,-15.371477369770009,3.415883859948762,34.15883859948689,34.158838599488405,36.00632787290372,False,False,False,1008
DOTUSD,2022-11-15,1668484800,True,-16.163334751168314,3.4028073160357297,34.02807316035657,35.729476818375005,34.88215458329354,False,False,False,719
DOTUSD,2022-11-15,1668488400,True,-15.293118096855487,3.3984706881903146,33.98470688190242,33.98470688190242,34.97968335342411,False,False,False,587
DOTUSD,2022-11-15,1668492000,True,-15.329586101175847,3.4065746891500597,34.06574689149986,34.06574689150138,34.73598240013926,False,False,False,293
DOTUSD,2022-11-15,1668495600,True,-15.416238437820233,3.4258307639602603,34.258307639601874,34.258307639601874,34.55788441324954,False,False,False,465
DOTUSD,2022-11-15,1668499200,True,-17.910447761193193,3.411513859275053,34.11513859274981,39.23240938166258,34.6040321835441,False,False,False,278
DOTUSD,2022-11-15,1668502800,True,-16.06493616301693,3.3820918237930155,33.82091823792943,35.511964149826504,35.57282053434583,False,False,False,641
DOTUSD,2022-11-15,1668506400,True,-16.02699283002963,3.374103753690426,33.74103753690354,35.42808941374932,35.624315348324885,False,False,False,447
DOTUSD,2022-11-15,1668510000,True,-15.200135112311186,3.377807802736025,33.77807802735953,33.778078027361026,36.42498865796679,False,False,False,669
DOTUSD,2022-11-15,1668513600,True,-15.143866733971821,3.365303718660609,33.65303718660538,33.65303718660687,35.135735850032404,False,False,False,391
DOTUSD,2022-11-15,1668517200,True,-16.8293503870747,3.365870077415012,33.6587007741494,37.024570851565535,35.832103485335246,False,False,False,618
DOTUSD,2022-11-15,1668520800,True,-15.850504713438188,3.336948360724118,33.36948360724047,35.03795778760309,36.69336537604197,False,False,False,570
DOTUSD,2022-11-15,1668524400,True,-16.64170411050056,3.3283408221001833,33.28340822100112,36.611749043100936,38.97245581460007,False,False,False,923
DOTUSD,2022-11-15,1668528000,True,-18.305874521551207,3.3283408221001833,33.28340822100112,39.940089865202225,38.30877216724419,False,False,False,901
DOTUSD,2022-11-15,1668531600,True,-17.475243405175185,3.328617791462096,33.28617791462025,38.27910460181358,38.65239264804828,False,False,False,1005
DOTUSD,2022-11-15,1668535200,True,-15.789911077869299,3.324191805867198,33.241918058671274,34.90401396160543,38.74517733730227,False,False,False,802
DOTUSD,2022-11-15,1668538800,True,-14.955134596210458,3.323363243602526,33.23363243602455,33.23363243602455,37.422861907688066,False,False,False,745
DOTUSD,2022-11-15,1668542400,True,-17.699115044246962,3.37126000842815,33.71260008428078,38.7694900969232,40.126338905011025,False,False,False,1075
DOTUSD,2022-11-15,1668546000,True,-15.212981744422484,3.3806626098715347,33.806626098714624,33.80662609871613,37.566745007029965,False,False,False,1104
DOTUSD,2022-11-15,1668549600,True,-17.75297996449321,3.3815199932369597,33.81519993236888,38.88747992222451,36.246294102934044,False,False,False,834
DOTUSD,2022-11-15,1668553200,True,-17.72899957788014,3.3769523005487554,33.76952300548683,38.83495145631166,37.30476624952302,False,False,False,732
DOTUSD,2022-12-15,1671062400,True,-17.244682889441375,3.832151753209428,38.32151753209346,38.32151753209516,38.32151753209404,False,False,False,125
DOTUSD,2022-12-15,1671066000,True,-17.247987734763228,3.8328861632809508,38.32886163280869,38.32886163280869,38.33558559979312,False,False,False,286
DOTUSD,2022-12-15,1671069600,True,-17.311021350258613,3.846893633391037,38.46893633390955,38.46893633390955,38.47602362967161,False,False,False,225
DOTUSD,2022-12-15,1671073200,True,-17.48591412473179,3.8857586943850784,38.85758694384996,38.85758694384996,39.14116172581307,False,False,False,591
DOTUSD,2022-12-15,1671076800,True,-17.43510267338135,3.8744672607516466,38.74467260751564,38.74467260751564,38.824720977415325,False,False,False,452
DOTUSD,2022-12-15,1671080400,True,-17.384585667373873,3.8632412594166508,38.632412594165686,38.6324125941674,38.63365698549662,False,False,False,146
DOTUSD,2022-12-15,1671084000,True,-17.384585667373873,3.8632412594166508,38.632412594165686,38.6324125941674,38.63241259416632,False,False,False,98
DOTUSD,2022-12-15,1671087600,True,-17.387944358576995,3.863987635239567,38.63987635239485,38.63987635239485,38.64106209655985,False,False,False,149
DOTUSD,2022-12-15,1671091200,True,-17.408123791101456,3.8684719535783363,38.68471953578254,38.68471953578254,38.68471953578353,False,False,False,143
DOTUSD,2022-12-15,1671094800,True,-17.367811655732034,3.8595137012736394,38.59513701273557,38.59513701273728,38.612860126297996,False,False,False,193
DOTUSD,2022-12-15,1671098400,True,-17.35441573466921,3.8565368299267258,38.56536829926644,38.56536829926644,38.565368299267156,False,False,False,212
DOTUSD,2022-12-15,1671102000,True,-17.277788443078236,3.8395085429065086,38.39508542906427,38.39508542906597,38.3950854290651,False,False,False,200
DOTUSD,2022-12-15,1671105600,True,-17.301038062282686,3.8446751249519417,38.4467512495186,38.4467512495186,38.446751249519615,False,False,False,121
DOTUSD,2022-12-15,1671109200,True,-17.231476163123595,3.8292169251388093,38.29216925138728,38.29216925138728,38.292169251388145,False,False,False,151
DOTUSD,2022-12-15,1671112800,True,-17.162471395879965,3.8138825324180017,38.1388253241792,38.1388253241792,38.15737944431823,False,False,False,164
DOTUSD,2022-12-15,1671116400,True,-17.224880382774074,3.827751196172249,38.27751196172167,38.27751196172338,38.42712111232837,False,False,False,383
DOTUSD,2022-12-15,1671120000,True,-17.247987734763228,3.8328861632809508,38.32886163280869,38.32886163280869,38.33843798685572,False,False,False,213
DOTUSD,2022-12-15,1671123600,True,-17.23807699674287,3.830683777054204,38.30683777054122,38.30683777054122,38.3150447620607,False,False,False,225
DOTUSD,2022-12-15,1671127200,True,-17.271157167530877,3.8380349261178273,38.38034926117746,38.38034926117916,38.3845577310433,False,False,False,200
DOTUSD,2022-12-15,1671130800,True,-17.33769986515017,3.8528221922558274,38.52822192255745,38.52822192255745,38.54177903550373,False,False,False,106
DOTUSD,2022-12-15,1671134400,True,-17.39130434782503,3.8647342995169085,38.64734299516826,38.64734299516826,38.69228068826844,False,False,False,235
DOTUSD,2022-12-15,1671138000,True,-17.25129384703918,3.8336208548974504,38.33620854897369,38.336208548975385,38.33736631479154,False,False,False,193
DOTUSD,2022-12-15,1671141600,True,-17.2744721689049,3.838771593090211,38.387715930901294,38.387715930901294,38.38771593090194,False,False,False,106
DOTUSD,2022-12-15,1671145200,True,-17.165744802594585,3.814609956131985,38.14609956131904,38.14609956132073,38.14609956131991,False,False,False,134
DOTUSD,2023-01-15,1673744400,True,-14.930325149303815,3.3178500331785004,33.17850033178429,33.17850033178577,33.17850033178504,False,False,False,2903
DOTUSD,2023-01-15,1673748000,True,-15.169391538849576,3.370975897522333,33.70975897522261,33.70975897522261,33.71112683577356,False,False,False,7609
DOTUSD,2023-01-15,1673751600,True,-15.143866733971821,3.365303718660609,33.65303718660538,33.65303718660687,33.65303718660604,False,False,False,3617
DOTUSD,2023-01-15,1673755200,True,-15.403046380283165,3.422899195618689,34.22899195618616,34.22899195618616,34.22899195618686,False,False,False,2627
DOTUSD,2023-01-15,1673758800,True,-15.282730514517667,3.396162336559688,33.961623365596154,33.96162336559767,33.96162336559689,False,False,False,2545
DOTUSD,2023-01-15,1673762400,True,-15.25423728813617,3.389830508474576,33.89830508474504,33.89830508474654,33.89830508474582,False,False,False,1235
DOTUSD,2023-01-15,1673766000,True,-15.25423728813617,3.389830508474576,33.89830508474504,33.89830508474654,33.89830508474584,False,False,False,1313
DOTUSD,2023-01-15,1673769600,True,-15.400410677617137,3.422313483915127,34.22313483915054,34.22313483915206,34.223134839151314,False,False,False,1166
DOTUSD,2023-01-15,1673773200,True,-15.32175689479118,3.4048348655090224,34.0483486550895,34.04834865509101,34.04834865509025,False,False,False,1892
DOTUSD,2023-01-15,1673776800,True,-15.527950310558063,3.4506556245686686,34.50655624568595,34.506556245687484,34.50655624568666,False,False,False,2867
DOTUSD,2023-01-15,1673780400,True,-15.205271160669607,3.37894914681534,33.78949146815268,33.78949146815418,33.78949146815341,False,False,False,2582
DOTUSD,2023-01-15,1673784000,True,-15.189873417722094,3.375527426160337,33.75527426160265,33.75527426160415,33.755274261603475,False,False,False,1517
DOTUSD,2023-01-15,1673787600,True,-15.131136516476698,3.3624747814391394,33.62474781439067,33.624747814392165,33.62474781439127,False,False,False,1952
DOTUSD,2023-01-15,1673791200,True,-15.115888478334464,3.359086328518643,33.59086328518571,33.590863285187204,33.59086328518634,False,False,False,2047
DOTUSD,2023-01-15,1673794800,True,-15.210410681087467,3.3800912624640866,33.80091262464015,33.80091262464015,33.800912624640816,False,False,False,2059
DOTUSD,2023-01-15,1673798400,True,-14.945200929924178,3.3211557622052474,33.211557622051764,33.21155762205324,33.21155762205238,False,False,False,2022
DOTUSD,2023-01-15,1673802000,True,-14.93775933610015,3.3195020746887964,33.19502074688726,33.19502074688873,33.19502074688797,False,False,False,3497
DOTUSD,2023-01-15,1673805600,True,-15.065282892533398,3.3478406427854037,33.478406427853315,33.478406427853315,33.47840642785403,False,False,False,3465
DOTUSD,2023-01-15,1673809200,True,-15.105740181267963,3.356831151393085,33.568311513930134,33.568311513930134,33.56831151393084,False,False,False,3389
DOTUSD,2023-01-15,1673812800,True,-15.103205235776898,3.356267830172848,33.562678301727765,33.56267830172926,33.564746325398765,False,False,False,3934
DOTUSD,2023-01-15,1673816400,True,-15.210410681087467,3.3800912624640866,33.80091262464015,33.80091262464015,33.800912624640794,False,False,False,1843
DOTUSD,2023-01-15,1673820000,True,-15.207840486649971,3.3795201081446433,33.79520108144571,33.79520108144571,33.795201081446415,False,False,False,1419
DOTUSD,2023-01-15,1673823600,True,-15.200135112311186,3.377807802736025,33.77807802735953,33.778078027361026,33.78768169215584,False,False,False,1082
DOTUSD,2023-02-15,1676419200,True,-14.46712747146673,3.2149172158816914,32.14917215881622,32.14917215881622,32.37764516416556,False,False,False,253
DOTUSD,2023-02-15,1676422800,True,-14.450867052022243,3.211303789338472,32.11303789338403,32.11303789338403,32.33194768816663,False,False,False,475
DOTUSD,2023-02-15,1676426400,True,-14.537231465028999,3.2304958811177515,32.304958811176824,32.304958811176824,32.72273745362449,False,False,False,547
DOTUSD,2023-02-15,1676430000,True,-14.577259475217774,3.2393909944930357,32.39390994492967,32.3939099449311,32.46576341686218,False,False,False,377
DOTUSD,2023-02-15,1676433600,True,-14.600908500972507,3.2446463335496434,32.44646333549574,32.44646333549718,32.44646333549649,False,False,False,705
DOTUSD,2023-02-15,1676437200,True,-14.551333872272174,3.2336297493936943,32.33629749393625,32.336297493937685,32.408787047685614,False,False,False,1103
DOTUSD,2023-02-15,1676440800,True,-14.565463667260627,3.2367697038355723,32.36769703835503,32.36769703835647,32.501739921494874,False,False,False,370
DOTUSD,2023-02-15,1676444400,True,-14.523156365982656,3.2273680813296757,32.27368081329607,32.27368081329607,32.32845740505703,False,False,False,306
DOTUSD,2023-02-15,1676448000,True,-14.537231465028999,3.2304958811177515,32.304958811176824,32.304958811176824,32.310839943390306,False,False,False,237
DOTUSD,2023-02-15,1676451600,True,-14.53957996768894,3.2310177705977385,32.3101777059767,32.310177705978134,32.340805836920154,False,False,False,279
DOTUSD,2023-02-15,1676455200,True,-14.570179698882068,3.2378177108628785,32.378177108628094,32.37817710862954,32.409244466832995,False,False,False,338
DOTUSD,2023-02-15,1676458800,True,-14.499758337360163,3.2221685194135654,32.22168519413497,32.22168519413497,32.24354523679869,False,False,False,268
DOTUSD,2023-02-15,1676462400,True,-14.485755673586757,3.2190568163528086,32.190568163527395,32.190568163527395,32.285558955040074,False,False,False,340
DOTUSD,2023-02-15,1676466000,True,-14.354066985645062,3.1897926634768745,31.897926634768062,31.897926634769476,32.22061258505466,False,False,False,684
DOTUSD,2023-02-15,1676469600,True,-14.224751066855465,3.1610557926347402,31.610557926346726,31.610557926346726,32.274571570130256,False,False,False,927
DOTUSD,2023-02-15,1676473200,True,-15.039974669515042,3.1663104567402836,31.66310456740216,33.246259795772836,32.73612125620728,False,False,False,903
DOTUSD,2023-02-15,1676476800,True,-15.111747395212063,3.1814205042551498,31.81420504255082,33.40491529467893,32.650526717056394,False,False,False,1158
DOTUSD,2023-02-15,1676480400,True,-14.27212178877173,3.1715826197272436,31.715826197271763,31.715826197271763,32.83199407561957,False,False,False,1093
DOTUSD,2023-02-15,1676484000,True,-14.315253698106336,3.181167488468268,31.811674884682002,31.811674884682002,32.30750119900602,False,False,False,825
DOTUSD,2023-02-15,1676487600,True,-14.287982219399037,3.1751071598666454,31.75107159866578,31.751071598667192,31.94621195566278,False,False,False,525
DOTUSD,2023-02-15,1676491200,True,-14.215763702415817,3.1590586005370405,31.590586005369726,31.590586005371133,31.789530551983937,False,False,False,558
DOTUSD,2023-02-15,1676494800,True,-15.566625155664537,3.1133250311332508,31.133250311331842,34.24657534246475,32.22619390026661,False,False,False,1230
DOTUSD,2023-02-15,1676498400,True,-13.738360555639526,3.052969012364524,30.529690123644592,30.529690123644592,32.562327936812714,False,False,False,1588
DOTUSD,2023-02-15,1676502000,True,-13.795217657877764,3.0656039239730224,30.656039239729573,30.656039239729573,31.807851495148483,False,False,False,1058
DOTUSD,2023-03-15,1678838400,True,-14.548981571289126,3.233107015842225,32.331070158421554,32.331070158421554,32.532982185566595,False,False,False,3322
DOTUSD,2023-03-15,1678842000,True,-14.430014430013552,3.20666987333654,32.06669873336472,32.06669873336472,32.06669873336536,False,False,False,2678
DOTUSD,2023-03-15,1678845600,True,-14.469453376206335,3.2154340836012856,32.154340836012175,32.1543408360136,32.1543408360128,False,False,False,2754
DOTUSD,2023-03-15,1678849200,True,-14.43464314354363,3.207698476343224,32.076984763431554,32.07698476343298,32.07698476343225,False,False,False,4422
DOTUSD,2023-03-15,1678852800,True,-14.274385408405161,3.1720856463124507,31.720856463123827,31.720856463125237,31.720856463124523,False,False,False,3828
DOTUSD,2023-03-15,1678856400,True,-14.287982219399037,3.1751071598666454,31.75107159866578,31.751071598667192,31.751071598666524,False,False,False,2030
DOTUSD,2023-03-15,1678860000,True,-14.310701224359125,3.1801558276355544,31.801558276354868,31.801558276356275,31.80155827635554,False,False,False,1582
DOTUSD,2023-03-15,1678863600,True,-14.2202559646079,3.1600568810238583,31.60056881023791,31.60056881023931,31.600568810238578,False,False,False,1625
DOTUSD,2023-03-15,1678867200,True,-14.308426073131086,3.179650238473768,31.796502384737,31.796502384737,31.796502384737625,False,False,False,1715
DOTUSD,2023-03-15,1678870800,True,-14.319809069211539,3.182179793158314,31.821797931582456,31.821797931582456,31.82179793158314,False,False,False,2598
DOTUSD,2023-03-15,1678874400,True,-14.258555133078984,3.1685678073510775,31.6856780735101,31.68567807351151,31.685678073510736,False,False,False,2306
DOTUSD,2023-03-15,1678878000,True,-14.24952501583194,3.1665611146295123,31.66561114629445,31.66561114629445,31.665611146295138,False,False,False,2232
DOTUSD,2023-03-15,1678881600,True,-14.409221902017837,3.2020493115593975,32.0204931155933,32.02049311559472,32.020493115593965,False,False,False,2867
DOTUSD,2023-03-15,1678885200,True,-14.504431909749318,3.2232070910556003,32.232070910555315,32.232070910555315,32.232070910556004,False,False,False,3377
DOTUSD,2023-03-15,1678888800,True,-14.54663003070867,3.2325844512687896,32.32584451268721,32.32584451268865,32.325844512687894,False,False,False,5298
DOTUSD,2023-03-15,1678892400,True,-14.591439688715067,3.2425421530479897,32.425421530479206,32.425421530479206,32.42542153047989,False,False,False,6098
DOTUSD,2023-03-15,1678896000,True,-14.701078079058238,3.266906239790918,32.66906239790848,32.66906239790848,32.66906239790917,False,False,False,5956
DOTUSD,2023-03-15,1678899600,True,-14.778325123151811,3.284072249589491,32.84072249589421,32.84072249589421,32.8408912837343,False,False,False,6941
DOTUSD,2023-03-15,1678903200,True,-15.080428954422677,3.351206434316354,33.51206434316283,33.51206434316283,33.51206434316356,False,False,False,5999
DOTUSD,2023-03-15,1678906800,True,-15.535991714136808,3.452442603141723,34.52442603141649,34.52442603141649,34.524426031417214,False,False,False,7597
DOTUSD,2023-03-15,1678910400,True,-15.285326086955592,3.3967391304347827,33.9673913043471,33.9673913043471,33.96739130434782,False,False,False,5267
DOTUSD,2023-03-15,1678914000,True,-15.131136516476698,3.3624747814391394,33.62474781439067,33.624747814392165,33.62474781439141,False,False,False,4582
DOTUSD,2023-03-15,1678917600,True,-15.220700152206074,3.3823778116015557,33.823778116014836,33.823778116014836,33.82377811601556,False,False,False,4291
DOTUSD,2023-03-15,1678921200,True,-15.187310158622093,3.374957813027337,33.749578130272646,33.749578130272646,33.74957813027331,False,False,False,2161
DOTUSD,2023-04-15,1681516800,True,-13.382899628251975,2.9739776951672865,29.73977695167223,29.73977695167355,29.90072016995965,False,False,False,588
DOTUSD,2023-04-15,1681520400,True,-13.33135831728552,2.9625240705080733,29.6252407050801,29.625240705081417,29.62524070508084,False,False,False,577
DOTUSD,2023-04-15,1681524000,True,-13.36898395721844,2.9708853238265003,29.708853238264375,29.708853238265693,29.708853238265014,False,False,False,869
DOTUSD,2023-04-15,1681527600,True,-13.460963206699748,2.991325157044571,29.913251570445073,29.913251570445073,29.913251570445645,False,False,False,1473
DOTUSD,2023-04-15,1681531200,True,-13.491230700044152,2.9980512666766606,29.980512666765964,29.980512666767297,29.980512666766593,False,False,False,1244
DOTUSD,2023-04-15,1681534800,True,-13.509456619632923,3.0021014710297207,30.02101471029657,30.02101471029657,30.02101471029718,False,False,False,651
DOTUSD,2023-04-15,1681538400,True,-13.509456619632923,3.0021014710297207,30.02101471029657,30.02101471029657,30.021014710297184,False,False,False,469
DOTUSD,2023-04-15,1681542000,True,-13.460963206699748,2.991325157044571,29.913251570445073,29.913251570445073,29.91325157044561,False,False,False,559
DOTUSD,2023-04-15,1681545600,True,-13.481126423006968,2.995805871779509,29.958058717794447,29.958058717794447,29.958058717794973,False,False,False,441
DOTUSD,2023-04-15,1681549200,True,-13.515542874305963,3.003453972067878,30.034539720678136,30.034539720679472,30.034539720678822,False,False,False,514
DOTUSD,2023-04-15,1681552800,True,-13.432835820894708,2.9850746268656723,29.850746268656085,29.85074626865741,29.850746268656618,False,False,False,553
DOTUSD,2023-04-15,1681556400,True,-13.404825737265924,2.978850163836759,29.788501638366956,29.788501638368277,29.788501638367656,False,False,False,858
DOTUSD,2023-04-15,1681560000,True,-13.29198050509445,2.9537734455767244,29.537734455766614,29.537734455766614,29.537734455767325,False,False,False,1114
DOTUSD,2023-04-15,1681563600,True,-13.282172373080659,2.95159386068477,29.51593860684707,29.51593860684707,29.51593860684775,False,False,False,763
DOTUSD,2023-04-15,1681567200,True,-13.290017720022817,2.9533372711163612,29.533372711162986,29.533372711162986,29.533372711163636,False,False,False,697
DOTUSD,2023-04-15,1681570800,True,-13.227513227512421,2.9394473838918285,29.394473838917655,29.394473838917655,29.39447383891822,False,False,False,822
DOTUSD,2023-04-15,1681574400,True,-13.343217197923577,2.965159377316531,29.651593773164674,29.651593773164674,29.651593773165263,False,False,False,1357
DOTUSD,2023-04-15,1681578000,True,-13.278253172027648,2.950722927117144,29.507229271170804,29.50722927117212,29.50722927117141,False,False,False,869
DOTUSD,2023-04-15,1681581600,True,-13.299837446430402,2.955519432540269,29.555194325402063,29.555194325403374,29.555194325402667,False,False,False,857
DOTUSD,2023-04-15,1681585200,True,-13.181019332160888,2.929115407147042,29.291154071469794,29.291154071471095,29.291154071470434,False,False,False,1259
DOTUSD,2023-04-15,1681588800,True,-13.246982631734383,2.943773918163085,29.43773918163022,29.437739181631528,29.437739181630835,False,False,False,2040
DOTUSD,2023-04-15,1681592400,True,-13.184881336068473,2.929973630237328,29.299736302372654,29.299736302373955,29.299736302373205,False,False,False,898
DOTUSD,2023-04-15,1681596000,True,-13.258691809074032,2.946375957572186,29.463759575721234,29.463759575721234,29.46375957572178,False,False,False,1008
DOTUSD,2023-04-15,1681599600,True,-13.299837446430402,2.955519432540269,29.555194325402063,29.555194325403374,29.55519432540276,False,False,False,728
DOTUSD,2023-05-15,1684108800,True,-16.82872101720167,3.7397157816005984,37.39715781600519,37.39715781600519,37.397157816005986,False,False,False,202
DOTUSD,2023-05-15,1684112400,True,-16.791044776118383,3.73134328358209,37.31343283582011,37.313432835821764,37.31343283582095,False,False,False,451
DOTUSD,2023-05-15,1684116000,True,-16.83501683501581,3.741114852225963,37.411148522258834,37.411148522258834,37.41114852225965,False,False,False,418
DOTUSD,2023-05-15,1684119600,True,-17.010017010017652,3.78000378000378,37.800037800036996,37.80003780003867,37.80003780003778,False,False,False,2296
DOTUSD,2023-05-15,1684123200,True,-16.71930150473612,3.7154003343860302,37.15400334385951,37.15400334385951,37.15400334386037,False,False,False,1778
DOTUSD,2023-05-15,1684126800,True,-16.769144773615526,3.7264766163592324,37.26476616359153,37.26476616359153,37.26476616359231,False,False,False,965
DOTUSD,2023-05-15,1684130400,True,-16.71619613670197,3.714710252600297,37.14710252600218,37.14710252600383,37.14710252600294,False,False,False,650
DOTUSD,2023-05-15,1684134000,True,-16.713091922004555,3.7140204271123496,37.140204271122705,37.140204271122705,37.14020427112354,False,False,False,588
DOTUSD,2023-05-15,1684137600,True,-16.700686583780765,3.7112636852848397,37.11263685284761,37.112636852849256,37.11263685284852,False,False,False,968
DOTUSD,2023-05-15,1684141200,True,-16.592920353981295,3.68731563421829,36.87315634218211,36.87315634218375,36.87315634218279,False,False,False,1017
DOTUSD,2023-05-15,1684144800,True,-16.62356852604258,3.6941263391207984,36.941263391207194,36.941263391208835,36.941263391207876,False,False,False,625
DOTUSD,2023-05-15,1684148400,True,-16.620498614957437,3.6934441366574333,36.934441366573544,36.934441366573544,36.93444136657411,False,False,False,455
DOTUSD,2023-05-15,1684152000,True,-16.64508969853792,3.69890882189754,36.989088218974615,36.989088218974615,36.98908821897546,False,False,False,474
DOTUSD,2023-05-15,1684155600,True,-16.666666666667297,3.7037037037037037,37.03703703703624,37.03703703703789,37.03703703703706,False,False,False,289
DOTUSD,2023-05-15,1684159200,True,-16.73173452314455,3.718163227365682,37.18163227365603,37.18163227365768,37.181632273656895,False,False,False,540
DOTUSD,2023-05-15,1684162800,True,-16.703786191535734,3.711952487008167,37.11952487008087,37.11952487008087,37.11952487008158,False,False,False,392
DOTUSD,2023-05-15,1684166400,True,-16.756656116180118,3.723701359150996,37.23701359150916,37.23701359151082,37.23701359150993,False,False,False,614
DOTUSD,2023-05-15,1684170000,True,-16.73484566753338,3.718854592785422,37.188545927853426,37.188545927853426,37.18854592785421,False,False,False,1254
DOTUSD,2023-05-15,1684173600,True,-16.74730182359572,3.7216226274655746,37.21622627465495,37.216226274656606,37.21622627465573,False,False,False,575
DOTUSD,2023-05-15,1684177200,True,-16.74418604651061,3.72093023255814,37.2093023255806,37.2093023255806,37.209302325581405,False,False,False,1079
DOTUSD,2023-05-15,1684180800,True,-16.72551570339984,3.7167812674224123,37.16781267422333,37.16781267422333,37.16781267422408,False,False,False,939
DOTUSD,2023-05-15,1684184400,True,-16.81300205492145,3.7362226788716613,37.362226788715816,37.362226788715816,37.362226788716626,False,False,False,567
DOTUSD,2023-05-15,1684188000,True,-16.838166510758352,3.7418147801683816,37.41814780168301,37.418147801684675,37.418147801683695,False,False,False,748
DOTUSD,2023-05-15,1684191600,True,-16.86972820993337,3.7488284910965324,37.48828491096452,37.48828491096452,37.48828491096519,False,False,False,399
DOTUSD,2023-06-15,1686787200,True,-19.57798564280934,4.350663476180118,43.50663476180026,43.50663476180219,43.510268572587634,False,False,False,1399
DOTUSD,2023-06-15,1686790800,True,-19.736842105263904,4.385964912280701,43.859649122806076,43.85964912280803,43.85964912280696,False,False,False,809
DOTUSD,2023-06-15,1686794400,True,-19.706590759797354,4.379242391066345,43.792423910662514,43.792423910662514,43.7924239106634,False,False,False,505
DOTUSD,2023-06-15,1686798000,True,-19.514310494361347,4.336513443191674,43.36513443191582,43.36513443191582,43.36513443191674,False,False,False,557
DOTUSD,2023-06-15,1686801600,True,-19.629225736094774,4.362050163576881,43.62050163576789,43.62050163576789,43.620501635768804,False,False,False,477
DOTUSD,2023-06-15,1686805200,True,-19.569471624264956,4.348771472059143,43.4877147205905,43.4877147205905,43.48771472059148,False,False,False,310
DOTUSD,2023-06-15,1686808800,True,-19.527012367106646,4.3393360815795186,43.39336081579425,43.39336081579425,43.39336081579539,False,False,False,295
DOTUSD,2023-06-15,1686812400,True,-19.754170324845155,4.389815627743634,43.89815627743541,43.89815627743541,43.89815627743654,False,False,False,427
DOTUSD,2023-06-15,1686816000,True,-19.885108263366003,4.4189129474149365,44.189129474148416,44.189129474148416,44.18912947414944,False,False,False,864
DOTUSD,2023-06-15,1686819600,True,-20.25658338960039,4.501462975467027,45.014629754669315,45.01462975467131,45.014629754670224,False,False,False,1073
DOTUSD,2023-06-15,1686823200,True,-20.440608675903565,4.542357483533953,45.42357483533856,45.42357483534059,45.42357483533952,False,False,False,1266
DOTUSD,2023-06-15,1686826800,True,-20.68014705882431,4.595588235294118,45.9558823529402,45.95588235294223,45.95588235294109,False,False,False,941
DOTUSD,2023-06-15,1686830400,True,-20.675396278427414,4.594532506317482,45.94532506317385,45.94532506317385,45.94532506317475,False,False,False,918
DOTUSD,2023-06-15,1686834000,True,-20.86230876216841,4.6360686138154845,46.36068613815386,46.36068613815386,46.36068613815477,False,False,False,785
DOTUSD,2023-06-15,1686837600,True,-20.637468470535058,4.586104104563173,45.86104104563075,45.86104104563279,45.86104104563174,False,False,False,1075
DOTUSD,2023-06-15,1686841200,True,-20.637468470535058,4.586104104563173,45.86104104563075,45.86104104563279,45.861041045631836,False,False,False,827
DOTUSD,2023-06-15,1686844800,True,-20.524515393385297,4.561003420752566,45.610034207524684,45.610034207524684,45.61003420752561,False,False,False,849
DOTUSD,2023-06-15,1686848400,True,-20.675396278427414,4.594532506317482,45.94532506317385,45.94532506317385,45.945325063174856,False,False,False,607
DOTUSD,2023-06-15,1686852000,True,-20.780420226274426,4.617871161394597,46.17871161394499,46.17871161394704,46.178711613945914,False,False,False,509
DOTUSD,2023-06-15,1686855600,True,-20.871985157698177,4.63821892393321,46.38218923933112,46.38218923933317,46.38218923933215,False,False,False,567
DOTUSD,2023-06-15,1686859200,True,-20.80443828016722,4.623208506703652,46.232085067035534,46.23208506703758,46.23208506703641,False,False,False,1287
DOTUSD,2023-06-15,1686862800,True,-20.585544373283287,4.574565416285453,45.745654162853555,45.745654162853555,45.74565416285446,False,False,False,1385
DOTUSD,2023-06-15,1686866400,True,-20.496470052378623,4.554771122751082,45.54771122750985,45.54771122750985,45.547711227510796,False,False,False,1291
DOTUSD,2023-06-15,1686870000,True,-20.53856686444421,4.564125969876769,45.64125969876672,45.64125969876875,45.64125969876775,False,False,False,915
DOTUSD,2023-07-15,1689379200,True,-16.669753658083817,3.704389701796629,37.0438970179655,37.0438970179655,37.044643357977854,False,False,False,756
DOTUSD,2023-07-15,1689382800,True,-16.694490818029035,3.7098868484511227,37.09886848451043,37.09886848451043,37.09886848451124,False,False,False,685
DOTUSD,2023-07-15,1689386400,True,-16.516792071938802,3.670398238208846,36.70398238208767,36.70398238208767,36.703982382088505,False,False,False,860
DOTUSD,2023-07-15,1689390000,True,-16.5837479270305,3.6852773171181137,36.852773171180345,36.85277317118199,36.8527731711811,False,False,False,1314
DOTUSD,2023-07-15,1689393600,True,-16.62356852604258,3.6941263391207984,36.941263391207194,36.941263391208835,36.94126339120791,False,False,False,967
DOTUSD,2023-07-15,1689397200,True,-16.565433462174585,3.681207436039021,36.812074360389424,36.812074360389424,36.81207436039023,False,False,False,695
DOTUSD,2023-07-15,1689400800,True,-16.675931072817217,3.7057624606262736,37.057624606261946,37.057624606261946,37.05762460626264,False,False,False,1050
DOTUSD,2023-07-15,1689404400,True,-16.632785067454172,3.6961744594344856,36.96174459434407,36.96174459434571,36.96174459434481,False,False,False,615
DOTUSD,2023-07-15,1689408000,True,-16.651248843662266,3.7002775208140615,37.00277520813983,37.00277520814147,37.00277520814062,False,False,False,631
DOTUSD,2023-07-15,1689411600,True,-16.50770359501,3.6683785766691126,36.68378576669034,36.68378576669034,36.68378576669108,False,False,False,777
DOTUSD,2023-07-15,1689415200,True,-16.230838593326336,3.606853020739405,36.06853020739328,36.06853020739328,36.0685302073941,False,False,False,1552
DOTUSD,2023-07-15,1689418800,True,-16.35174418604552,3.633720930232559,36.33720930232481,36.33720930232642,36.33720930232554,False,False,False,1150
DOTUSD,2023-07-15,1689422400,True,-16.384489350082543,3.6409976333515384,36.40997633351461,36.40997633351622,36.40997633351532,False,False,False,787
DOTUSD,2023-07-15,1689426000,True,-16.384489350082543,3.6409976333515384,36.40997633351461,36.40997633351622,36.4099763335154,False,False,False,877
DOTUSD,2023-07-15,1689429600,True,-16.41137855579769,3.6469730123997084,36.46973012399631,36.46973012399631,36.46973012399726,False,False,False,865
DOTUSD,2023-07-15,1689433200,True,-16.402405686166308,3.644979041370512,36.44979041370434,36.44979041370434,36.44979041370517,False,False,False,736
DOTUSD,2023-07-15,1689436800,True,-16.414371694328544,3.6476381542950937,36.47638154295016,36.47638154295178,36.476381542950904,False,False,False,1012
DOTUSD,2023-07-15,1689440400,True,-16.432353478182108,3.651634106262552,36.51634106262475,36.51634106262637,36.516341062625486,False,False,False,936
DOTUSD,2023-07-15,1689444000,True,-16.414371694328544,3.6476381542950937,36.47638154295016,36.47638154295178,36.47638154295089,False,False,False,1056
DOTUSD,2023-07-15,1689447600,True,-16.44736842105163,3.6549707602339185,36.54970760233841,36.54970760234003,36.54970760233922,False,False,False,1109
DOTUSD,2023-07-15,1689451200,True,-16.48955661414337,3.6643459142543056,36.64345914254227,36.64345914254227,36.64345914254305,False,False,False,748
DOTUSD,2023-07-15,1689454800,True,-16.423357664234196,3.6496350364963503,36.49635036496272,36.49635036496434,36.496350364963526,False,False,False,834
DOTUSD,2023-07-15,1689458400,True,-16.471449487555528,3.660322108345534,36.60322108345456,36.603221083456184,36.60322108345541,False,False,False,603
DOTUSD,2023-07-15,1689462000,True,-16.5837479270305,3.6852773171181137,36.852773171180345,36.85277317118199,36.85277317118129,False,False,False,648
DOTUSD,2023-08-15,1692057600,True,-18.02523532946193,4.005607850991387,40.05607850991302,40.0560785099148,40.056078509914116,False,False,False,110
DOTUSD,2023-08-15,1692061200,True,-18.03607214428748,4.008016032064128,40.08016032064043,40.08016032064043,40.080160320641134,False,False,False,111
DOTUSD,2023-08-15,1692064800,True,-18.046921997191603,4.010427110487266,40.10427110487181,40.10427110487181,40.104271104872865,False,False,False,68
DOTUSD,2023-08-15,1692068400,True,-18.039687312085494,4.008819402685909,40.08819402685823,40.08819402685823,40.08819402685932,False,False,False,158
DOTUSD,2023-08-15,1692072000,True,-18.061408789886293,4.013646397752358,40.13646397752272,40.1364639775245,40.13646397752356,False,False,False,153
DOTUSD,2023-08-15,1692075600,True,-18.07955002008729,4.017677782241865,40.17677782241779,40.17677782241779,40.17677782241904,False,False,False,62
DOTUSD,2023-08-15,1692079200,True,-18.101367658888684,4.022526146419952,40.22526146419866,40.22526146420045,40.2252614641991,False,False,False,74
DOTUSD,2023-08-15,1692082800,True,-18.115942028984406,4.025764895330113,40.25764895330027,40.25764895330027,40.257648953301505,False,False,False,70
DOTUSD,2023-08-15,1692086400,True,-18.163471241169432,4.036326942482341,40.363269424822555,40.363269424822555,40.36326942482335,False,False,False,163
DOTUSD,2023-08-15,1692090000,True,-18.134193028409133,4.029820672980052,40.29820672979967,40.29820672979967,40.298206729800576,False,False,False,82
DOTUSD,2023-08-15,1692093600,True,-18.126888217521557,4.028197381671702,40.28197381671616,40.28197381671616,40.28197381671691,False,False,False,139
DOTUSD,2023-08-15,1692097200,True,-18.086816720256135,4.019292604501608,40.19292604501523,40.19292604501523,40.19292604501623,False,False,False,142
DOTUSD,2023-08-15,1692100800,True,-18.07228915662719,4.016064257028112,40.16064257028026,40.16064257028205,40.16064257028093,False,False,False,40
DOTUSD,2023-08-15,1692104400,True,-18.08318264014535,4.018485031143259,40.184850311431724,40.184850311433514,40.184850311432406,False,False,False,40
DOTUSD,2023-08-15,1692108000,True,-18.15614282832248,4.03469840629413,40.346984062940436,40.346984062940436,40.34698406294112,False,False,False,163
DOTUSD,2023-08-15,1692111600,True,-18.130539887188437,4.0290088638195005,40.29008863819414,40.290088638195925,40.290088638195115,False,False,False,143
DOTUSD,2023-08-15,1692115200,True,-18.137847642078704,4.030632809351069,40.30632809350982,40.30632809350982,40.30632809351094,False,False,False,124
DOTUSD,2023-08-15,1692118800,True,-18.130539887188437,4.0290088638195005,40.29008863819414,40.290088638195925,40.290088638195016,False,False,False,265
DOTUSD,2023-08-15,1692122400,True,-18.18549201858851,4.04122044857547,40.41220448575384,40.41220448575384,40.41220448575458,False,False,False,284
DOTUSD,2023-08-15,1692126000,True,-18.203883495144524,4.045307443365696,40.4530744336561,40.4530744336561,40.45307443365692,False,False,False,232
DOTUSD,2023-08-15,1692129600,True,-18.207566255309434,4.046125834513454,40.46125834513367,40.46125834513547,40.46125834513409,False,False,False,64
DOTUSD,2023-08-15,1692133200,True,-18.24817518248244,4.0551500405515,40.55150040551413,40.55150040551594,40.55150040551484,False,False,False,223
DOTUSD,2023-08-15,1692136800,True,-18.860016764458198,4.191114836546522,41.91114836546432,41.91114836546432,41.93483415416006,False,False,False,3806
DOTUSD,2023-08-15,1692140400,True,-18.78522229179783,4.174493842621582,41.74493842621493,41.744938426216784,41.74493842621598,False,False,False,673
DOTUSD,2023-09-15,1694736000,True,-22.15657311668994,4.923682914820286,49.23682914820181,49.236829148204,49.236829148202496,False,False,False,274
DOTUSD,2023-09-15,1694739600,True,-22.091310751103226,4.909180166912126,49.091801669120215,49.091801669120215,49.09180166912123,False,False,False,207
DOTUSD,2023-09-15,1694743200,True,-22.194821208383363,4.932182490752159,49.32182490752053,49.321824907522725,49.32182490752158,False,False,False,348
DOTUSD,2023-09-15,1694746800,True,-22.20577350110894,4.934616333580064,49.34616333579959,49.34616333579959,49.34616333580049,False,False,False,612
DOTUSD,2023-09-15,1694750400,True,-22.10216110019512,4.911591355599214,49.11591355599109,49.11591355599109,49.11591355599237,False,False,False,415
DOTUSD,2023-09-15,1694754000,True,-22.021042329335586,4.893564962074873,48.935649620747675,48.93564962074985,48.93564962074882,False,False,False,657
DOTUSD,2023-09-15,1694757600,True,-22.037218413318936,4.897159647404505,48.97159647404402,48.97159647404619,48.971596474045015,False,False,False,366
DOTUSD,2023-09-15,1694761200,True,-22.015655577298077,4.892367906066536,48.92367906066432,48.92367906066432,48.92367906066537,False,False,False,385
DOTUSD,2023-09-15,1694764800,True,-22.026431718062508,4.894762604013705,48.94762604013601,48.947626040138175,48.94762604013716,False,False,False,439
DOTUSD,2023-09-15,1694768400,True,-22.10216110019512,4.911591355599214,49.11591355599109,49.11591355599109,49.11591355599228,False,False,False,419
DOTUSD,2023-09-15,1694772000,True,-22.140221402212678,4.920049200492006,49.20049200491901,49.200492004921195,49.20049200492022,False,False,False,522
DOTUSD,2023-09-15,1694775600,True,-22.064231429272716,4.9031625398381955,49.0316253983809,49.03162539838308,49.031625398382175,False,False,False,309
DOTUSD,2023-09-15,1694779200,True,-22.037218413318936,4.897159647404505,48.97159647404402,48.97159647404619,48.97159647404521,False,False,False,965
DOTUSD,2023-09-15,1694782800,True,-21.983390327306925,4.885197850512947,48.85197850512842,48.851978505130596,48.851978505129466,False,False,False,549
DOTUSD,2023-09-15,1694786400,True,-22.107590272658936,4.912797838368952,49.127978383688465,49.12797838369065,49.12797838368977,False,False,False,1210
DOTUSD,2023-09-15,1694790000,True,-22.091310751103226,4.909180166912126,49.091801669120215,49.091801669120215,49.091801669121324,False,False,False,642
DOTUSD,2023-09-15,1694793600,True,-21.99951112197373,4.888780249327793,48.88780249327689,48.88780249327689,48.88780249327795,False,False,False,730
DOTUSD,2023-09-15,1694797200,True,-22.129333661173966,4.917629702483403,49.17629702483298,49.17629702483298,49.17629702483414,False,False,False,1014
DOTUSD,2023-09-15,1694800800,True,-21.88183807439692,4.862630683199612,48.62630683199508,48.62630683199724,48.62630683199621,False,False,False,811
DOTUSD,2023-09-15,1694804400,True,-21.892483580638142,4.864996351252736,48.64996351252632,48.64996351252848,48.649963512527144,False,False,False,851
DOTUSD,2023-09-15,1694808000,True,-21.95657477433387,4.8792388387411565,48.792388387410526,48.792388387410526,48.792388387411805,False,False,False,993
DOTUSD,2023-09-15,1694811600,True,-21.972656249998664,4.8828125,48.82812499999896,48.82812499999896,48.828125000000014,False,False,False,720
DOTUSD,2023-09-15,1694815200,True,-21.908471275560707,4.868549172346641,48.68549172346536,48.68549172346752,48.685491723466576,False,False,False,552
DOTUSD,2023-09-15,1694818800,True,-21.8499635833927,4.8555474629764515,48.555474629763474,48.555474629763474,48.55547462976425,False,False,False,714
DOTUSD,2023-10-15,1697331600,True,-24.12221924417019,5.3604931653712145,53.604931653711,53.60493165371219,53.604931653712086,False,False,False,44
DOTUSD,2023-10-15,1697335200,True,-24.12221924417019,5.3604931653712145,53.604931653711,53.60493165371219,53.60493165371199,False,False,False,44
DOTUSD,2023-10-15,1697338800,True,-24.115755627010557,5.359056806002144,53.59056806002029,53.59056806002148,53.590568060021326,False,False,False,115
DOTUSD,2023-10-15,1697342400,True,-24.057738572573903,5.3461641272387075,53.461641272385926,53.46164127238711,53.46164127238706,False,False,False,138
DOTUSD,2023-10-15,1697346000,True,-24.064171122995564,5.347593582887701,53.47593582887587,53.47593582887705,53.475935828877255,False,False,False,228
DOTUSD,2023-10-15,1697349600,True,-24.154589371980403,5.367686527106817,53.67686527106703,53.67686527106703,53.67686527106825,False,False,False,80
DOTUSD,2023-10-15,1697353200,True,-24.187046492879176,5.3748992206396125,53.74899220639499,53.748992206396174,53.748992206396444,False,False,False,83
DOTUSD,2023-10-15,1697356800,True,-24.27839223091421,5.395198273536552,53.951982735364375,53.951982735365576,53.95198273536554,False,False,False,78
DOTUSD,2023-10-15,1697360400,True,-24.265300620112964,5.392289026691831,53.922890266917165,53.92289026691836,53.922890266918316,False,False,False,26
DOTUSD,2023-10-15,1697364000,True,-24.226110363391378,5.383580080753702,53.83580080753587,53.83580080753706,53.83580080753709,False,False,False,20
DOTUSD,2023-10-15,1697367600,True,-24.038461538461267,5.341880341880342,53.418803418802284,53.41880341880347,53.41880341880351,False,False,False,126
DOTUSD,2023-10-15,1697371200,True,-23.885350318471062,5.307855626326964,53.07855626326851,53.07855626326969,53.07855626326961,False,False,False,264
DOTUSD,2023-10-15,1697374800,True,-23.987206823027446,5.330490405117271,53.30490405117157,53.304904051172755,53.304904051172784,False,False,False,135
DOTUSD,2023-10-15,1697378400,True,-24.064171122995564,5.347593582887701,53.47593582887587,53.47593582887705,53.47593582887706,False,False,False,133
DOTUSD,2023-10-15,1697382000,True,-24.064171122995564,5.347593582887701,53.47593582887587,53.47593582887705,53.475935828877155,False,False,False,119
DOTUSD,2023-10-15,1697385600,True,-24.128686327078665,5.361930294906167,53.61930294906052,53.619302949062906,53.61930294906188,False,False,False,366
DOTUSD,2023-10-15,1697389200,True,-24.064171122995564,5.347593582887701,53.47593582887587,53.47593582887705,53.47593582887707,False,False,False,154
DOTUSD,2023-10-15,1697392800,True,-24.083489430024997,5.351886540005352,53.51886540005238,53.51886540005356,53.51886540005394,False,False,False,87
DOTUSD,2023-10-15,1697396400,True,-24.012806830310407,5.3361792956243335,53.36179295624218,53.36179295624338,53.36179295624377,False,False,False,47
DOTUSD,2023-10-15,1697400000,True,-23.96166134185394,5.324813631522896,53.24813631522783,53.24813631522901,53.24813631522904,False,False,False,177
DOTUSD,2023-10-15,1697403600,True,-23.936170212765685,5.319148936170213,53.191489361701,53.19148936170218,53.191489361702025,False,False,False,124
DOTUSD,2023-10-15,1697407200,True,-23.94253790901926,5.3205639797818565,53.20563979781743,53.20563979781861,53.20563979781886,False,False,False,83
DOTUSD,2023-10-15,1697410800,True,-23.885350318471062,5.307855626326964,53.07855626326851,53.07855626326969,53.07855626326955,False,False,False,222
DOTUSD,2023-11-15,1700006400,True,-17.24137931034548,3.8314176245210723,38.31417624520991,38.314176245211605,38.317450680184706,False,False,False,924
DOTUSD,2023-11-15,1700010000,True,-17.304364545280407,3.845414343395501,38.45414343395419,38.45414343395589,38.454143433954926,False,False,False,933
DOTUSD,2023-11-15,1700013600,True,-17.277788443078236,3.8395085429065086,38.39508542906427,38.39508542906597,38.3950854290651,False,False,False,1873
DOTUSD,2023-11-15,1700017200,True,-17.2744721689049,3.838771593090211,38.387715930901294,38.387715930901294,38.387715930902125,False,False,False,1993
DOTUSD,2023-11-15,1700020800,True,-17.165744802594585,3.814609956131985,38.14609956131904,38.14609956132073,38.14609956131983,False,False,False,1407
DOTUSD,2023-11-15,1700024400,True,-17.28110599078236,3.8402457757296466,38.40245775729565,38.40245775729565,38.4024577572964,False,False,False,1449
DOTUSD,2023-11-15,1700028000,True,-17.0583775587556,3.790750568612585,37.90750568612505,37.90750568612505,37.90750568612583,False,False,False,1234
DOTUSD,2023-11-15,1700031600,True,-16.984336667294684,3.7742970371768263,37.742970371767456,37.74297037176913,37.742970371768244,False,False,False,1159
DOTUSD,2023-11-15,1700035200,True,-17.019667170952065,3.7821482602118004,37.82148260211719,37.82148260211719,37.82192562784579,False,False,False,1409
DOTUSD,2023-11-15,1700038800,True,-16.9587337478808,3.768607499528924,37.686074995288436,37.686074995290106,37.68607499528924,False,False,False,1765
DOTUSD,2023-11-15,1700042400,True,-16.891891891890868,3.753753753753754,37.53753753753674,37.53753753753841,37.53753753753753,False,False,False,1460
DOTUSD,2023-11-15,1700046000,True,-16.98754246885514,3.7750094375235936,37.750094375235136,37.750094375235136,37.75009437523594,False,False,False,1527
DOTUSD,2023-11-15,1700049600,True,-16.800448011945967,3.7334328915437753,37.334328915436956,37.33432891543861,37.33432891543766,False,False,False,1228
DOTUSD,2023-11-15,1700053200,True,-16.538037486217295,3.6751194413818444,36.751194413817664,36.751194413817664,36.751194413818475,False,False,False,2447
DOTUSD,2023-11-15,1700056800,True,-16.559337626495566,3.6798528058877644,36.798528058876855,36.79852805887849,36.79852805887769,False,False,False,2221
DOTUSD,2023-11-15,1700060400,True,-16.663580818365958,3.7030179596371045,37.03017959637025,37.03017959637025,37.030179596370985,False,False,False,2650
DOTUSD,2023-11-15,1700064000,True,-16.62663957140117,3.694808793644929,36.9480879364485,36.9480879364485,36.948087936449255,False,False,False,2226
DOTUSD,2023-11-15,1700067600,True,-16.513761467888905,3.669724770642202,36.69724770642124,36.69724770642124,36.69724770642206,False,False,False,2032
DOTUSD,2023-11-15,1700071200,True,-16.48351648351548,3.663003663003663,36.630036630035846,36.630036630035846,36.63003663003667,False,False,False,2485
DOTUSD,2023-11-15,1700074800,True,-16.56238498343661,3.68052999631947,36.80529996319391,36.80529996319391,36.80529996319472,False,False,False,2655
DOTUSD,2023-11-15,1700078400,True,-16.227912008653902,3.6062026685899755,36.062026685898985,36.062026685900584,36.06202668589977,False,False,False,5163
DOTUSD,2023-11-15,1700082000,True,-15.985790408524785,3.5523978685612794,35.52397868561203,35.52397868561203,35.52397868561279,False,False,False,4142
DOTUSD,2023-11-15,1700085600,True,-15.997156061143714,3.5549235691432637,35.54923569143188,35.54923569143346,35.54923569143268,False,False,False,3598
DOTUSD,2023-11-15,1700089200,True,-16.187050359712842,3.5971223021582728,35.97122302158196,35.97122302158356,35.971223021582716,False,False,False,2508
